eid	stage	shader	indices	instances	color_targets	depth
19	cs	CSCrowdAnimatorUber.CSCrowdAnimatorUberMain	0	0	ResourceId::7803:RenderTexture-2D-3440x1440:3440x1440:R8G8B8A8_TYPELESS	ResourceId::7807
36	cs	CSCrowdAnimatorUber.CSCrowdAnimatorUberMain	0	0	ResourceId::7803:RenderTexture-2D-3440x1440:3440x1440:R8G8B8A8_TYPELESS	ResourceId::7807
59	ps	(depth-only/stream-output)	464	0	ResourceId::7803:RenderTexture-2D-3440x1440:3440x1440:R8G8B8A8_TYPELESS	ResourceId::7807
68	ps	(depth-only/stream-output)	464	0	ResourceId::7803:RenderTexture-2D-3440x1440:3440x1440:R8G8B8A8_TYPELESS	ResourceId::7807
77	ps	(depth-only/stream-output)	334	0	ResourceId::7803:RenderTexture-2D-3440x1440:3440x1440:R8G8B8A8_TYPELESS	ResourceId::7807
94	cs	Internal-BlendShape.main	0	0	ResourceId::7803:RenderTexture-2D-3440x1440:3440x1440:R8G8B8A8_TYPELESS	ResourceId::7807
108	cs	Internal-BlendShape.main	0	0	ResourceId::7803:RenderTexture-2D-3440x1440:3440x1440:R8G8B8A8_TYPELESS	ResourceId::7807
122	cs	Internal-BlendShape.main	0	0	ResourceId::7803:RenderTexture-2D-3440x1440:3440x1440:R8G8B8A8_TYPELESS	ResourceId::7807
136	cs	Internal-BlendShape.main	0	0	ResourceId::7803:RenderTexture-2D-3440x1440:3440x1440:R8G8B8A8_TYPELESS	ResourceId::7807
150	cs	Internal-BlendShape.main	0	0	ResourceId::7803:RenderTexture-2D-3440x1440:3440x1440:R8G8B8A8_TYPELESS	ResourceId::7807
164	cs	Internal-BlendShape.main	0	0	ResourceId::7803:RenderTexture-2D-3440x1440:3440x1440:R8G8B8A8_TYPELESS	ResourceId::7807
178	cs	Internal-BlendShape.main	0	0	ResourceId::7803:RenderTexture-2D-3440x1440:3440x1440:R8G8B8A8_TYPELESS	ResourceId::7807
192	cs	Internal-BlendShape.main	0	0	ResourceId::7803:RenderTexture-2D-3440x1440:3440x1440:R8G8B8A8_TYPELESS	ResourceId::7807
206	cs	Internal-BlendShape.main	0	0	ResourceId::7803:RenderTexture-2D-3440x1440:3440x1440:R8G8B8A8_TYPELESS	ResourceId::7807
220	cs	Internal-BlendShape.main	0	0	ResourceId::7803:RenderTexture-2D-3440x1440:3440x1440:R8G8B8A8_TYPELESS	ResourceId::7807
234	cs	Internal-BlendShape.main	0	0	ResourceId::7803:RenderTexture-2D-3440x1440:3440x1440:R8G8B8A8_TYPELESS	ResourceId::7807
248	cs	Internal-BlendShape.main	0	0	ResourceId::7803:RenderTexture-2D-3440x1440:3440x1440:R8G8B8A8_TYPELESS	ResourceId::7807
259	ps	(depth-only/stream-output)	2294	0	ResourceId::7803:RenderTexture-2D-3440x1440:3440x1440:R8G8B8A8_TYPELESS	ResourceId::7807
271	ps	(depth-only/stream-output)	3827	0	ResourceId::7803:RenderTexture-2D-3440x1440:3440x1440:R8G8B8A8_TYPELESS	ResourceId::7807
283	ps	(depth-only/stream-output)	182	0	ResourceId::7803:RenderTexture-2D-3440x1440:3440x1440:R8G8B8A8_TYPELESS	ResourceId::7807
295	ps	(depth-only/stream-output)	9889	0	ResourceId::7803:RenderTexture-2D-3440x1440:3440x1440:R8G8B8A8_TYPELESS	ResourceId::7807
304	ps	(depth-only/stream-output)	3827	0	ResourceId::7803:RenderTexture-2D-3440x1440:3440x1440:R8G8B8A8_TYPELESS	ResourceId::7807
316	ps	(depth-only/stream-output)	182	0	ResourceId::7803:RenderTexture-2D-3440x1440:3440x1440:R8G8B8A8_TYPELESS	ResourceId::7807
325	ps	(depth-only/stream-output)	297	0	ResourceId::7803:RenderTexture-2D-3440x1440:3440x1440:R8G8B8A8_TYPELESS	ResourceId::7807
342	cs	Internal-BlendShape.main	0	0	ResourceId::7803:RenderTexture-2D-3440x1440:3440x1440:R8G8B8A8_TYPELESS	ResourceId::7807
356	cs	Internal-BlendShape.main	0	0	ResourceId::7803:RenderTexture-2D-3440x1440:3440x1440:R8G8B8A8_TYPELESS	ResourceId::7807
370	cs	Internal-BlendShape.main	0	0	ResourceId::7803:RenderTexture-2D-3440x1440:3440x1440:R8G8B8A8_TYPELESS	ResourceId::7807
384	cs	Internal-BlendShape.main	0	0	ResourceId::7803:RenderTexture-2D-3440x1440:3440x1440:R8G8B8A8_TYPELESS	ResourceId::7807
398	cs	Internal-BlendShape.main	0	0	ResourceId::7803:RenderTexture-2D-3440x1440:3440x1440:R8G8B8A8_TYPELESS	ResourceId::7807
412	cs	Internal-BlendShape.main	0	0	ResourceId::7803:RenderTexture-2D-3440x1440:3440x1440:R8G8B8A8_TYPELESS	ResourceId::7807
426	cs	Internal-BlendShape.main	0	0	ResourceId::7803:RenderTexture-2D-3440x1440:3440x1440:R8G8B8A8_TYPELESS	ResourceId::7807
440	cs	Internal-BlendShape.main	0	0	ResourceId::7803:RenderTexture-2D-3440x1440:3440x1440:R8G8B8A8_TYPELESS	ResourceId::7807
451	ps	(depth-only/stream-output)	2294	0	ResourceId::7803:RenderTexture-2D-3440x1440:3440x1440:R8G8B8A8_TYPELESS	ResourceId::7807
463	ps	(depth-only/stream-output)	9891	0	ResourceId::7803:RenderTexture-2D-3440x1440:3440x1440:R8G8B8A8_TYPELESS	ResourceId::7807
475	ps	(depth-only/stream-output)	98	0	ResourceId::7803:RenderTexture-2D-3440x1440:3440x1440:R8G8B8A8_TYPELESS	ResourceId::7807
487	ps	(depth-only/stream-output)	2736	0	ResourceId::7803:RenderTexture-2D-3440x1440:3440x1440:R8G8B8A8_TYPELESS	ResourceId::7807
499	ps	(depth-only/stream-output)	98	0	ResourceId::7803:RenderTexture-2D-3440x1440:3440x1440:R8G8B8A8_TYPELESS	ResourceId::7807
511	ps	(depth-only/stream-output)	2736	0	ResourceId::7803:RenderTexture-2D-3440x1440:3440x1440:R8G8B8A8_TYPELESS	ResourceId::7807
528	cs	Internal-BlendShape.main	0	0	ResourceId::7803:RenderTexture-2D-3440x1440:3440x1440:R8G8B8A8_TYPELESS	ResourceId::7807
542	cs	Internal-BlendShape.main	0	0	ResourceId::7803:RenderTexture-2D-3440x1440:3440x1440:R8G8B8A8_TYPELESS	ResourceId::7807
553	ps	(depth-only/stream-output)	84	0	ResourceId::7803:RenderTexture-2D-3440x1440:3440x1440:R8G8B8A8_TYPELESS	ResourceId::7807
565	ps	(depth-only/stream-output)	3040	0	ResourceId::7803:RenderTexture-2D-3440x1440:3440x1440:R8G8B8A8_TYPELESS	ResourceId::7807
577	ps	(depth-only/stream-output)	508	0	ResourceId::7803:RenderTexture-2D-3440x1440:3440x1440:R8G8B8A8_TYPELESS	ResourceId::7807
589	ps	(depth-only/stream-output)	7246	0	ResourceId::7803:RenderTexture-2D-3440x1440:3440x1440:R8G8B8A8_TYPELESS	ResourceId::7807
601	ps	(depth-only/stream-output)	12795	0	ResourceId::7803:RenderTexture-2D-3440x1440:3440x1440:R8G8B8A8_TYPELESS	ResourceId::7807
613	ps	(depth-only/stream-output)	1974	0	ResourceId::7803:RenderTexture-2D-3440x1440:3440x1440:R8G8B8A8_TYPELESS	ResourceId::7807
630	cs	Internal-BlendShape.main	0	0	ResourceId::7803:RenderTexture-2D-3440x1440:3440x1440:R8G8B8A8_TYPELESS	ResourceId::7807
644	cs	Internal-BlendShape.main	0	0	ResourceId::7803:RenderTexture-2D-3440x1440:3440x1440:R8G8B8A8_TYPELESS	ResourceId::7807
658	cs	Internal-BlendShape.main	0	0	ResourceId::7803:RenderTexture-2D-3440x1440:3440x1440:R8G8B8A8_TYPELESS	ResourceId::7807
672	cs	Internal-BlendShape.main	0	0	ResourceId::7803:RenderTexture-2D-3440x1440:3440x1440:R8G8B8A8_TYPELESS	ResourceId::7807
686	cs	Internal-BlendShape.main	0	0	ResourceId::7803:RenderTexture-2D-3440x1440:3440x1440:R8G8B8A8_TYPELESS	ResourceId::7807
700	cs	Internal-BlendShape.main	0	0	ResourceId::7803:RenderTexture-2D-3440x1440:3440x1440:R8G8B8A8_TYPELESS	ResourceId::7807
714	cs	Internal-BlendShape.main	0	0	ResourceId::7803:RenderTexture-2D-3440x1440:3440x1440:R8G8B8A8_TYPELESS	ResourceId::7807
725	ps	(depth-only/stream-output)	2642	0	ResourceId::7803:RenderTexture-2D-3440x1440:3440x1440:R8G8B8A8_TYPELESS	ResourceId::7807
737	ps	(depth-only/stream-output)	11284	0	ResourceId::7803:RenderTexture-2D-3440x1440:3440x1440:R8G8B8A8_TYPELESS	ResourceId::7807
749	ps	(depth-only/stream-output)	15618	0	ResourceId::7803:RenderTexture-2D-3440x1440:3440x1440:R8G8B8A8_TYPELESS	ResourceId::7807
761	ps	(depth-only/stream-output)	5404	0	ResourceId::7803:RenderTexture-2D-3440x1440:3440x1440:R8G8B8A8_TYPELESS	ResourceId::7807
773	ps	(depth-only/stream-output)	1188	0	ResourceId::7803:RenderTexture-2D-3440x1440:3440x1440:R8G8B8A8_TYPELESS	ResourceId::7807
785	ps	(depth-only/stream-output)	96	0	ResourceId::7803:RenderTexture-2D-3440x1440:3440x1440:R8G8B8A8_TYPELESS	ResourceId::7807
797	ps	(depth-only/stream-output)	154	0	ResourceId::7803:RenderTexture-2D-3440x1440:3440x1440:R8G8B8A8_TYPELESS	ResourceId::7807
806	ps	(depth-only/stream-output)	2055	0	ResourceId::7803:RenderTexture-2D-3440x1440:3440x1440:R8G8B8A8_TYPELESS	ResourceId::7807
818	ps	(depth-only/stream-output)	1013	0	ResourceId::7803:RenderTexture-2D-3440x1440:3440x1440:R8G8B8A8_TYPELESS	ResourceId::7807
830	ps	(depth-only/stream-output)	68	0	ResourceId::7803:RenderTexture-2D-3440x1440:3440x1440:R8G8B8A8_TYPELESS	ResourceId::7807
842	ps	(depth-only/stream-output)	1049	0	ResourceId::7803:RenderTexture-2D-3440x1440:3440x1440:R8G8B8A8_TYPELESS	ResourceId::7807
854	ps	(depth-only/stream-output)	2138	0	ResourceId::7803:RenderTexture-2D-3440x1440:3440x1440:R8G8B8A8_TYPELESS	ResourceId::7807
863	ps	(depth-only/stream-output)	1694	0	ResourceId::7803:RenderTexture-2D-3440x1440:3440x1440:R8G8B8A8_TYPELESS	ResourceId::7807
875	ps	(depth-only/stream-output)	1385	0	ResourceId::7803:RenderTexture-2D-3440x1440:3440x1440:R8G8B8A8_TYPELESS	ResourceId::7807
930	ps	miHoYo/Character/NapAvatarNPC	6456	1	ResourceId::20147:TempBuffer 243 1024x428:1024x428:R16G16B16A16_TYPELESS;ResourceId::20151:TempBuffer 244 1024x428:1024x428:R8G8B8A8_TYPELESS;ResourceId::20159:TempBuffer 246 1024x428:1024x428:R10G10B10A2_TYPELESS;ResourceId::20155:TempBuffer 245 1024x428:1024x428:R10G10B10A2_TYPELESS	ResourceId::20143
951	ps	miHoYo/Character/NapAvatarNPC	468	1	ResourceId::20147:TempBuffer 243 1024x428:1024x428:R16G16B16A16_TYPELESS;ResourceId::20151:TempBuffer 244 1024x428:1024x428:R8G8B8A8_TYPELESS;ResourceId::20159:TempBuffer 246 1024x428:1024x428:R10G10B10A2_TYPELESS;ResourceId::20155:TempBuffer 245 1024x428:1024x428:R10G10B10A2_TYPELESS	ResourceId::20143
957	ps	miHoYo/Character/NapAvatarNPC	342	1	ResourceId::20147:TempBuffer 243 1024x428:1024x428:R16G16B16A16_TYPELESS;ResourceId::20151:TempBuffer 244 1024x428:1024x428:R8G8B8A8_TYPELESS;ResourceId::20159:TempBuffer 246 1024x428:1024x428:R10G10B10A2_TYPELESS;ResourceId::20155:TempBuffer 245 1024x428:1024x428:R10G10B10A2_TYPELESS	ResourceId::20143
966	ps	miHoYo/Character/NapAvatarNPC	2370	1	ResourceId::20147:TempBuffer 243 1024x428:1024x428:R16G16B16A16_TYPELESS;ResourceId::20151:TempBuffer 244 1024x428:1024x428:R8G8B8A8_TYPELESS;ResourceId::20159:TempBuffer 246 1024x428:1024x428:R10G10B10A2_TYPELESS;ResourceId::20155:TempBuffer 245 1024x428:1024x428:R10G10B10A2_TYPELESS	ResourceId::20143
987	ps	miHoYo/Character/NapAvatarNPC	7524	1	ResourceId::20147:TempBuffer 243 1024x428:1024x428:R16G16B16A16_TYPELESS;ResourceId::20151:TempBuffer 244 1024x428:1024x428:R8G8B8A8_TYPELESS;ResourceId::20159:TempBuffer 246 1024x428:1024x428:R10G10B10A2_TYPELESS;ResourceId::20155:TempBuffer 245 1024x428:1024x428:R10G10B10A2_TYPELESS	ResourceId::20143
1007	ps	miHoYo/Character/NapAvatarNPC	8136	1	ResourceId::20147:TempBuffer 243 1024x428:1024x428:R16G16B16A16_TYPELESS;ResourceId::20151:TempBuffer 244 1024x428:1024x428:R8G8B8A8_TYPELESS;ResourceId::20159:TempBuffer 246 1024x428:1024x428:R10G10B10A2_TYPELESS;ResourceId::20155:TempBuffer 245 1024x428:1024x428:R10G10B10A2_TYPELESS	ResourceId::20143
1032	ps	miHoYo/Character/NapAvatarNPCFace	90	1	ResourceId::20147:TempBuffer 243 1024x428:1024x428:R16G16B16A16_TYPELESS;ResourceId::20151:TempBuffer 244 1024x428:1024x428:R8G8B8A8_TYPELESS;ResourceId::20159:TempBuffer 246 1024x428:1024x428:R10G10B10A2_TYPELESS;ResourceId::20155:TempBuffer 245 1024x428:1024x428:R10G10B10A2_TYPELESS	ResourceId::20143
1038	ps	miHoYo/Character/NapAvatarNPCFace	270	1	ResourceId::20147:TempBuffer 243 1024x428:1024x428:R16G16B16A16_TYPELESS;ResourceId::20151:TempBuffer 244 1024x428:1024x428:R8G8B8A8_TYPELESS;ResourceId::20159:TempBuffer 246 1024x428:1024x428:R10G10B10A2_TYPELESS;ResourceId::20155:TempBuffer 245 1024x428:1024x428:R10G10B10A2_TYPELESS	ResourceId::20143
1044	ps	miHoYo/Character/NapAvatarNPCFace	3576	1	ResourceId::20147:TempBuffer 243 1024x428:1024x428:R16G16B16A16_TYPELESS;ResourceId::20151:TempBuffer 244 1024x428:1024x428:R8G8B8A8_TYPELESS;ResourceId::20159:TempBuffer 246 1024x428:1024x428:R10G10B10A2_TYPELESS;ResourceId::20155:TempBuffer 245 1024x428:1024x428:R10G10B10A2_TYPELESS	ResourceId::20143
1090	ps	miHoYo/Character/NapAvatarNPC	11517	1	ResourceId::20147:TempBuffer 243 1024x428:1024x428:R16G16B16A16_TYPELESS;ResourceId::20151:TempBuffer 244 1024x428:1024x428:R8G8B8A8_TYPELESS;ResourceId::20159:TempBuffer 246 1024x428:1024x428:R10G10B10A2_TYPELESS;ResourceId::20155:TempBuffer 245 1024x428:1024x428:R10G10B10A2_TYPELESS	ResourceId::20143
1127	ps	miHoYo/Character/NapAvatarNPC	972	1	ResourceId::20147:TempBuffer 243 1024x428:1024x428:R16G16B16A16_TYPELESS;ResourceId::20151:TempBuffer 244 1024x428:1024x428:R8G8B8A8_TYPELESS;ResourceId::20159:TempBuffer 246 1024x428:1024x428:R10G10B10A2_TYPELESS;ResourceId::20155:TempBuffer 245 1024x428:1024x428:R10G10B10A2_TYPELESS	ResourceId::20143
1136	ps	miHoYo/Character/NapAvatarNPC	960	1	ResourceId::20147:TempBuffer 243 1024x428:1024x428:R16G16B16A16_TYPELESS;ResourceId::20151:TempBuffer 244 1024x428:1024x428:R8G8B8A8_TYPELESS;ResourceId::20159:TempBuffer 246 1024x428:1024x428:R10G10B10A2_TYPELESS;ResourceId::20155:TempBuffer 245 1024x428:1024x428:R10G10B10A2_TYPELESS	ResourceId::20143
1145	ps	miHoYo/Character/NapAvatarNPC	17103	1	ResourceId::20147:TempBuffer 243 1024x428:1024x428:R16G16B16A16_TYPELESS;ResourceId::20151:TempBuffer 244 1024x428:1024x428:R8G8B8A8_TYPELESS;ResourceId::20159:TempBuffer 246 1024x428:1024x428:R10G10B10A2_TYPELESS;ResourceId::20155:TempBuffer 245 1024x428:1024x428:R10G10B10A2_TYPELESS	ResourceId::20143
1154	ps	miHoYo/Character/NapAvatarNPC	37920	1	ResourceId::20147:TempBuffer 243 1024x428:1024x428:R16G16B16A16_TYPELESS;ResourceId::20151:TempBuffer 244 1024x428:1024x428:R8G8B8A8_TYPELESS;ResourceId::20159:TempBuffer 246 1024x428:1024x428:R10G10B10A2_TYPELESS;ResourceId::20155:TempBuffer 245 1024x428:1024x428:R10G10B10A2_TYPELESS	ResourceId::20143
1164	ps	miHoYo/Character/NapAvatarNPC	972	1	ResourceId::20147:TempBuffer 243 1024x428:1024x428:R16G16B16A16_TYPELESS;ResourceId::20151:TempBuffer 244 1024x428:1024x428:R8G8B8A8_TYPELESS;ResourceId::20159:TempBuffer 246 1024x428:1024x428:R10G10B10A2_TYPELESS;ResourceId::20155:TempBuffer 245 1024x428:1024x428:R10G10B10A2_TYPELESS	ResourceId::20143
1172	ps	miHoYo/Character/NapAvatarNPC	960	1	ResourceId::20147:TempBuffer 243 1024x428:1024x428:R16G16B16A16_TYPELESS;ResourceId::20151:TempBuffer 244 1024x428:1024x428:R8G8B8A8_TYPELESS;ResourceId::20159:TempBuffer 246 1024x428:1024x428:R10G10B10A2_TYPELESS;ResourceId::20155:TempBuffer 245 1024x428:1024x428:R10G10B10A2_TYPELESS	ResourceId::20143
1181	ps	miHoYo/Character/NapAvatarNPC	17103	1	ResourceId::20147:TempBuffer 243 1024x428:1024x428:R16G16B16A16_TYPELESS;ResourceId::20151:TempBuffer 244 1024x428:1024x428:R8G8B8A8_TYPELESS;ResourceId::20159:TempBuffer 246 1024x428:1024x428:R10G10B10A2_TYPELESS;ResourceId::20155:TempBuffer 245 1024x428:1024x428:R10G10B10A2_TYPELESS	ResourceId::20143
1190	ps	miHoYo/Character/NapAvatarNPC	37920	1	ResourceId::20147:TempBuffer 243 1024x428:1024x428:R16G16B16A16_TYPELESS;ResourceId::20151:TempBuffer 244 1024x428:1024x428:R8G8B8A8_TYPELESS;ResourceId::20159:TempBuffer 246 1024x428:1024x428:R10G10B10A2_TYPELESS;ResourceId::20155:TempBuffer 245 1024x428:1024x428:R10G10B10A2_TYPELESS	ResourceId::20143
1228	ps	miHoYo/Character/NapAvatarNPC	1836	1	ResourceId::20147:TempBuffer 243 1024x428:1024x428:R16G16B16A16_TYPELESS;ResourceId::20151:TempBuffer 244 1024x428:1024x428:R8G8B8A8_TYPELESS;ResourceId::20159:TempBuffer 246 1024x428:1024x428:R10G10B10A2_TYPELESS;ResourceId::20155:TempBuffer 245 1024x428:1024x428:R10G10B10A2_TYPELESS	ResourceId::20143
1268	ps	miHoYo/Character/NapAvatarStandard	8274	1	ResourceId::20147:TempBuffer 243 1024x428:1024x428:R16G16B16A16_TYPELESS;ResourceId::20151:TempBuffer 244 1024x428:1024x428:R8G8B8A8_TYPELESS;ResourceId::20159:TempBuffer 246 1024x428:1024x428:R10G10B10A2_TYPELESS;ResourceId::20155:TempBuffer 245 1024x428:1024x428:R10G10B10A2_TYPELESS	ResourceId::20143
1277	ps	miHoYo/Character/NapAvatarStandard	8274	1	ResourceId::20147:TempBuffer 243 1024x428:1024x428:R16G16B16A16_TYPELESS;ResourceId::20151:TempBuffer 244 1024x428:1024x428:R8G8B8A8_TYPELESS;ResourceId::20159:TempBuffer 246 1024x428:1024x428:R10G10B10A2_TYPELESS;ResourceId::20155:TempBuffer 245 1024x428:1024x428:R10G10B10A2_TYPELESS	ResourceId::20143
1315	ps	miHoYo/Character/NapAvatarStandard	432	1	ResourceId::20147:TempBuffer 243 1024x428:1024x428:R16G16B16A16_TYPELESS;ResourceId::20151:TempBuffer 244 1024x428:1024x428:R8G8B8A8_TYPELESS;ResourceId::20159:TempBuffer 246 1024x428:1024x428:R10G10B10A2_TYPELESS;ResourceId::20155:TempBuffer 245 1024x428:1024x428:R10G10B10A2_TYPELESS	ResourceId::20143
1323	ps	miHoYo/Character/NapAvatarStandard	432	1	ResourceId::20147:TempBuffer 243 1024x428:1024x428:R16G16B16A16_TYPELESS;ResourceId::20151:TempBuffer 244 1024x428:1024x428:R8G8B8A8_TYPELESS;ResourceId::20159:TempBuffer 246 1024x428:1024x428:R10G10B10A2_TYPELESS;ResourceId::20155:TempBuffer 245 1024x428:1024x428:R10G10B10A2_TYPELESS	ResourceId::20143
1358	ps	miHoYo/Character/NapAvatarStandard	42927	0	ResourceId::20147:TempBuffer 243 1024x428:1024x428:R16G16B16A16_TYPELESS;ResourceId::20151:TempBuffer 244 1024x428:1024x428:R8G8B8A8_TYPELESS;ResourceId::20159:TempBuffer 246 1024x428:1024x428:R10G10B10A2_TYPELESS;ResourceId::20155:TempBuffer 245 1024x428:1024x428:R10G10B10A2_TYPELESS	ResourceId::20143
1379	ps	miHoYo/Character/NapAvatarStandard	56376	0	ResourceId::20147:TempBuffer 243 1024x428:1024x428:R16G16B16A16_TYPELESS;ResourceId::20151:TempBuffer 244 1024x428:1024x428:R8G8B8A8_TYPELESS;ResourceId::20159:TempBuffer 246 1024x428:1024x428:R10G10B10A2_TYPELESS;ResourceId::20155:TempBuffer 245 1024x428:1024x428:R10G10B10A2_TYPELESS	ResourceId::20143
1406	ps	miHoYo/Character/NapAvatarStandard	20472	0	ResourceId::20147:TempBuffer 243 1024x428:1024x428:R16G16B16A16_TYPELESS;ResourceId::20151:TempBuffer 244 1024x428:1024x428:R8G8B8A8_TYPELESS;ResourceId::20159:TempBuffer 246 1024x428:1024x428:R10G10B10A2_TYPELESS;ResourceId::20155:TempBuffer 245 1024x428:1024x428:R10G10B10A2_TYPELESS	ResourceId::20143
1441	ps	miHoYo/Character/NapAvatarNPC	6456	1	ResourceId::20147:TempBuffer 243 1024x428:1024x428:R16G16B16A16_TYPELESS;ResourceId::20151:TempBuffer 244 1024x428:1024x428:R8G8B8A8_TYPELESS;ResourceId::20159:TempBuffer 246 1024x428:1024x428:R10G10B10A2_TYPELESS;ResourceId::20155:TempBuffer 245 1024x428:1024x428:R10G10B10A2_TYPELESS	ResourceId::20143
1481	ps	miHoYo/Character/NapAvatarNPC	468	1	ResourceId::20147:TempBuffer 243 1024x428:1024x428:R16G16B16A16_TYPELESS;ResourceId::20151:TempBuffer 244 1024x428:1024x428:R8G8B8A8_TYPELESS;ResourceId::20159:TempBuffer 246 1024x428:1024x428:R10G10B10A2_TYPELESS;ResourceId::20155:TempBuffer 245 1024x428:1024x428:R10G10B10A2_TYPELESS	ResourceId::20143
1489	ps	miHoYo/Character/NapAvatarNPC	342	1	ResourceId::20147:TempBuffer 243 1024x428:1024x428:R16G16B16A16_TYPELESS;ResourceId::20151:TempBuffer 244 1024x428:1024x428:R8G8B8A8_TYPELESS;ResourceId::20159:TempBuffer 246 1024x428:1024x428:R10G10B10A2_TYPELESS;ResourceId::20155:TempBuffer 245 1024x428:1024x428:R10G10B10A2_TYPELESS	ResourceId::20143
1499	ps	miHoYo/Character/NapAvatarNPC	2370	1	ResourceId::20147:TempBuffer 243 1024x428:1024x428:R16G16B16A16_TYPELESS;ResourceId::20151:TempBuffer 244 1024x428:1024x428:R8G8B8A8_TYPELESS;ResourceId::20159:TempBuffer 246 1024x428:1024x428:R10G10B10A2_TYPELESS;ResourceId::20155:TempBuffer 245 1024x428:1024x428:R10G10B10A2_TYPELESS	ResourceId::20143
1535	ps	miHoYo/Character/NapAvatarNPC	7524	1	ResourceId::20147:TempBuffer 243 1024x428:1024x428:R16G16B16A16_TYPELESS;ResourceId::20151:TempBuffer 244 1024x428:1024x428:R8G8B8A8_TYPELESS;ResourceId::20159:TempBuffer 246 1024x428:1024x428:R10G10B10A2_TYPELESS;ResourceId::20155:TempBuffer 245 1024x428:1024x428:R10G10B10A2_TYPELESS	ResourceId::20143
1573	ps	miHoYo/Character/NapAvatarNPC	8136	1	ResourceId::20147:TempBuffer 243 1024x428:1024x428:R16G16B16A16_TYPELESS;ResourceId::20151:TempBuffer 244 1024x428:1024x428:R8G8B8A8_TYPELESS;ResourceId::20159:TempBuffer 246 1024x428:1024x428:R10G10B10A2_TYPELESS;ResourceId::20155:TempBuffer 245 1024x428:1024x428:R10G10B10A2_TYPELESS	ResourceId::20143
1612	ps	miHoYo/Character/NapAvatarNPCFace	90	1	ResourceId::20147:TempBuffer 243 1024x428:1024x428:R16G16B16A16_TYPELESS;ResourceId::20151:TempBuffer 244 1024x428:1024x428:R8G8B8A8_TYPELESS;ResourceId::20159:TempBuffer 246 1024x428:1024x428:R10G10B10A2_TYPELESS;ResourceId::20155:TempBuffer 245 1024x428:1024x428:R10G10B10A2_TYPELESS	ResourceId::20143
1621	ps	miHoYo/Character/NapAvatarNPCFace	270	1	ResourceId::20147:TempBuffer 243 1024x428:1024x428:R16G16B16A16_TYPELESS;ResourceId::20151:TempBuffer 244 1024x428:1024x428:R8G8B8A8_TYPELESS;ResourceId::20159:TempBuffer 246 1024x428:1024x428:R10G10B10A2_TYPELESS;ResourceId::20155:TempBuffer 245 1024x428:1024x428:R10G10B10A2_TYPELESS	ResourceId::20143
1630	ps	miHoYo/Character/NapAvatarNPCFace	3576	1	ResourceId::20147:TempBuffer 243 1024x428:1024x428:R16G16B16A16_TYPELESS;ResourceId::20151:TempBuffer 244 1024x428:1024x428:R8G8B8A8_TYPELESS;ResourceId::20159:TempBuffer 246 1024x428:1024x428:R10G10B10A2_TYPELESS;ResourceId::20155:TempBuffer 245 1024x428:1024x428:R10G10B10A2_TYPELESS	ResourceId::20143
1673	ps	miHoYo/Character/NapAvatarNPC	11517	1	ResourceId::20147:TempBuffer 243 1024x428:1024x428:R16G16B16A16_TYPELESS;ResourceId::20151:TempBuffer 244 1024x428:1024x428:R8G8B8A8_TYPELESS;ResourceId::20159:TempBuffer 246 1024x428:1024x428:R10G10B10A2_TYPELESS;ResourceId::20155:TempBuffer 245 1024x428:1024x428:R10G10B10A2_TYPELESS	ResourceId::20143
1707	ps	miHoYo/Character/NapAvatarNPC	972	1	ResourceId::20147:TempBuffer 243 1024x428:1024x428:R16G16B16A16_TYPELESS;ResourceId::20151:TempBuffer 244 1024x428:1024x428:R8G8B8A8_TYPELESS;ResourceId::20159:TempBuffer 246 1024x428:1024x428:R10G10B10A2_TYPELESS;ResourceId::20155:TempBuffer 245 1024x428:1024x428:R10G10B10A2_TYPELESS	ResourceId::20143
1717	ps	miHoYo/Character/NapAvatarNPC	960	1	ResourceId::20147:TempBuffer 243 1024x428:1024x428:R16G16B16A16_TYPELESS;ResourceId::20151:TempBuffer 244 1024x428:1024x428:R8G8B8A8_TYPELESS;ResourceId::20159:TempBuffer 246 1024x428:1024x428:R10G10B10A2_TYPELESS;ResourceId::20155:TempBuffer 245 1024x428:1024x428:R10G10B10A2_TYPELESS	ResourceId::20143
1727	ps	miHoYo/Character/NapAvatarNPC	17103	1	ResourceId::20147:TempBuffer 243 1024x428:1024x428:R16G16B16A16_TYPELESS;ResourceId::20151:TempBuffer 244 1024x428:1024x428:R8G8B8A8_TYPELESS;ResourceId::20159:TempBuffer 246 1024x428:1024x428:R10G10B10A2_TYPELESS;ResourceId::20155:TempBuffer 245 1024x428:1024x428:R10G10B10A2_TYPELESS	ResourceId::20143
1737	ps	miHoYo/Character/NapAvatarNPC	37920	1	ResourceId::20147:TempBuffer 243 1024x428:1024x428:R16G16B16A16_TYPELESS;ResourceId::20151:TempBuffer 244 1024x428:1024x428:R8G8B8A8_TYPELESS;ResourceId::20159:TempBuffer 246 1024x428:1024x428:R10G10B10A2_TYPELESS;ResourceId::20155:TempBuffer 245 1024x428:1024x428:R10G10B10A2_TYPELESS	ResourceId::20143
1748	ps	miHoYo/Character/NapAvatarNPC	972	1	ResourceId::20147:TempBuffer 243 1024x428:1024x428:R16G16B16A16_TYPELESS;ResourceId::20151:TempBuffer 244 1024x428:1024x428:R8G8B8A8_TYPELESS;ResourceId::20159:TempBuffer 246 1024x428:1024x428:R10G10B10A2_TYPELESS;ResourceId::20155:TempBuffer 245 1024x428:1024x428:R10G10B10A2_TYPELESS	ResourceId::20143
1757	ps	miHoYo/Character/NapAvatarNPC	960	1	ResourceId::20147:TempBuffer 243 1024x428:1024x428:R16G16B16A16_TYPELESS;ResourceId::20151:TempBuffer 244 1024x428:1024x428:R8G8B8A8_TYPELESS;ResourceId::20159:TempBuffer 246 1024x428:1024x428:R10G10B10A2_TYPELESS;ResourceId::20155:TempBuffer 245 1024x428:1024x428:R10G10B10A2_TYPELESS	ResourceId::20143
1767	ps	miHoYo/Character/NapAvatarNPC	17103	1	ResourceId::20147:TempBuffer 243 1024x428:1024x428:R16G16B16A16_TYPELESS;ResourceId::20151:TempBuffer 244 1024x428:1024x428:R8G8B8A8_TYPELESS;ResourceId::20159:TempBuffer 246 1024x428:1024x428:R10G10B10A2_TYPELESS;ResourceId::20155:TempBuffer 245 1024x428:1024x428:R10G10B10A2_TYPELESS	ResourceId::20143
1777	ps	miHoYo/Character/NapAvatarNPC	37920	1	ResourceId::20147:TempBuffer 243 1024x428:1024x428:R16G16B16A16_TYPELESS;ResourceId::20151:TempBuffer 244 1024x428:1024x428:R8G8B8A8_TYPELESS;ResourceId::20159:TempBuffer 246 1024x428:1024x428:R10G10B10A2_TYPELESS;ResourceId::20155:TempBuffer 245 1024x428:1024x428:R10G10B10A2_TYPELESS	ResourceId::20143
1811	ps	miHoYo/Character/NapAvatarNPC	1836	1	ResourceId::20147:TempBuffer 243 1024x428:1024x428:R16G16B16A16_TYPELESS;ResourceId::20151:TempBuffer 244 1024x428:1024x428:R8G8B8A8_TYPELESS;ResourceId::20159:TempBuffer 246 1024x428:1024x428:R10G10B10A2_TYPELESS;ResourceId::20155:TempBuffer 245 1024x428:1024x428:R10G10B10A2_TYPELESS	ResourceId::20143
1848	ps	miHoYo/Character/NapAvatarStandard	8274	1	ResourceId::20147:TempBuffer 243 1024x428:1024x428:R16G16B16A16_TYPELESS;ResourceId::20151:TempBuffer 244 1024x428:1024x428:R8G8B8A8_TYPELESS;ResourceId::20159:TempBuffer 246 1024x428:1024x428:R10G10B10A2_TYPELESS;ResourceId::20155:TempBuffer 245 1024x428:1024x428:R10G10B10A2_TYPELESS	ResourceId::20143
1857	ps	miHoYo/Character/NapAvatarStandard	8274	1	ResourceId::20147:TempBuffer 243 1024x428:1024x428:R16G16B16A16_TYPELESS;ResourceId::20151:TempBuffer 244 1024x428:1024x428:R8G8B8A8_TYPELESS;ResourceId::20159:TempBuffer 246 1024x428:1024x428:R10G10B10A2_TYPELESS;ResourceId::20155:TempBuffer 245 1024x428:1024x428:R10G10B10A2_TYPELESS	ResourceId::20143
1891	ps	miHoYo/Character/NapAvatarStandard	432	1	ResourceId::20147:TempBuffer 243 1024x428:1024x428:R16G16B16A16_TYPELESS;ResourceId::20151:TempBuffer 244 1024x428:1024x428:R8G8B8A8_TYPELESS;ResourceId::20159:TempBuffer 246 1024x428:1024x428:R10G10B10A2_TYPELESS;ResourceId::20155:TempBuffer 245 1024x428:1024x428:R10G10B10A2_TYPELESS	ResourceId::20143
1900	ps	miHoYo/Character/NapAvatarStandard	432	1	ResourceId::20147:TempBuffer 243 1024x428:1024x428:R16G16B16A16_TYPELESS;ResourceId::20151:TempBuffer 244 1024x428:1024x428:R8G8B8A8_TYPELESS;ResourceId::20159:TempBuffer 246 1024x428:1024x428:R10G10B10A2_TYPELESS;ResourceId::20155:TempBuffer 245 1024x428:1024x428:R10G10B10A2_TYPELESS	ResourceId::20143
1936	ps	miHoYo/Character/NapAvatarNPCFace	9570	1	ResourceId::20147:TempBuffer 243 1024x428:1024x428:R16G16B16A16_TYPELESS;ResourceId::20151:TempBuffer 244 1024x428:1024x428:R8G8B8A8_TYPELESS;ResourceId::20159:TempBuffer 246 1024x428:1024x428:R10G10B10A2_TYPELESS;ResourceId::20155:TempBuffer 245 1024x428:1024x428:R10G10B10A2_TYPELESS	ResourceId::20143
1946	ps	miHoYo/Character/NapAvatarNPCFace	9570	1	ResourceId::20147:TempBuffer 243 1024x428:1024x428:R16G16B16A16_TYPELESS;ResourceId::20151:TempBuffer 244 1024x428:1024x428:R8G8B8A8_TYPELESS;ResourceId::20159:TempBuffer 246 1024x428:1024x428:R10G10B10A2_TYPELESS;ResourceId::20155:TempBuffer 245 1024x428:1024x428:R10G10B10A2_TYPELESS	ResourceId::20143
1977	ps	miHoYo/Character/NapAvatarStandard	42927	0	ResourceId::20147:TempBuffer 243 1024x428:1024x428:R16G16B16A16_TYPELESS;ResourceId::20151:TempBuffer 244 1024x428:1024x428:R8G8B8A8_TYPELESS;ResourceId::20159:TempBuffer 246 1024x428:1024x428:R10G10B10A2_TYPELESS;ResourceId::20155:TempBuffer 245 1024x428:1024x428:R10G10B10A2_TYPELESS	ResourceId::20143
1994	ps	miHoYo/Character/NapAvatarStandard	56376	0	ResourceId::20147:TempBuffer 243 1024x428:1024x428:R16G16B16A16_TYPELESS;ResourceId::20151:TempBuffer 244 1024x428:1024x428:R8G8B8A8_TYPELESS;ResourceId::20159:TempBuffer 246 1024x428:1024x428:R10G10B10A2_TYPELESS;ResourceId::20155:TempBuffer 245 1024x428:1024x428:R10G10B10A2_TYPELESS	ResourceId::20143
2013	ps	miHoYo/Character/NapAvatarStandard	20472	0	ResourceId::20147:TempBuffer 243 1024x428:1024x428:R16G16B16A16_TYPELESS;ResourceId::20151:TempBuffer 244 1024x428:1024x428:R8G8B8A8_TYPELESS;ResourceId::20159:TempBuffer 246 1024x428:1024x428:R10G10B10A2_TYPELESS;ResourceId::20155:TempBuffer 245 1024x428:1024x428:R10G10B10A2_TYPELESS	ResourceId::20143
2044	ps	miHoYo/Character/NapAvatarNPC	6456	1	ResourceId::20147:TempBuffer 243 1024x428:1024x428:R16G16B16A16_TYPELESS;ResourceId::20151:TempBuffer 244 1024x428:1024x428:R8G8B8A8_TYPELESS;ResourceId::20159:TempBuffer 246 1024x428:1024x428:R10G10B10A2_TYPELESS;ResourceId::20155:TempBuffer 245 1024x428:1024x428:R10G10B10A2_TYPELESS	ResourceId::20143
2081	ps	miHoYo/Character/NapAvatarNPC	468	1	ResourceId::20147:TempBuffer 243 1024x428:1024x428:R16G16B16A16_TYPELESS;ResourceId::20151:TempBuffer 244 1024x428:1024x428:R8G8B8A8_TYPELESS;ResourceId::20159:TempBuffer 246 1024x428:1024x428:R10G10B10A2_TYPELESS;ResourceId::20155:TempBuffer 245 1024x428:1024x428:R10G10B10A2_TYPELESS	ResourceId::20143
2090	ps	miHoYo/Character/NapAvatarNPC	342	1	ResourceId::20147:TempBuffer 243 1024x428:1024x428:R16G16B16A16_TYPELESS;ResourceId::20151:TempBuffer 244 1024x428:1024x428:R8G8B8A8_TYPELESS;ResourceId::20159:TempBuffer 246 1024x428:1024x428:R10G10B10A2_TYPELESS;ResourceId::20155:TempBuffer 245 1024x428:1024x428:R10G10B10A2_TYPELESS	ResourceId::20143
2101	ps	miHoYo/Character/NapAvatarNPC	2370	1	ResourceId::20147:TempBuffer 243 1024x428:1024x428:R16G16B16A16_TYPELESS;ResourceId::20151:TempBuffer 244 1024x428:1024x428:R8G8B8A8_TYPELESS;ResourceId::20159:TempBuffer 246 1024x428:1024x428:R10G10B10A2_TYPELESS;ResourceId::20155:TempBuffer 245 1024x428:1024x428:R10G10B10A2_TYPELESS	ResourceId::20143
2135	ps	miHoYo/Character/NapAvatarNPC	7524	1	ResourceId::20147:TempBuffer 243 1024x428:1024x428:R16G16B16A16_TYPELESS;ResourceId::20151:TempBuffer 244 1024x428:1024x428:R8G8B8A8_TYPELESS;ResourceId::20159:TempBuffer 246 1024x428:1024x428:R10G10B10A2_TYPELESS;ResourceId::20155:TempBuffer 245 1024x428:1024x428:R10G10B10A2_TYPELESS	ResourceId::20143
2171	ps	miHoYo/Character/NapAvatarNPC	8136	1	ResourceId::20147:TempBuffer 243 1024x428:1024x428:R16G16B16A16_TYPELESS;ResourceId::20151:TempBuffer 244 1024x428:1024x428:R8G8B8A8_TYPELESS;ResourceId::20159:TempBuffer 246 1024x428:1024x428:R10G10B10A2_TYPELESS;ResourceId::20155:TempBuffer 245 1024x428:1024x428:R10G10B10A2_TYPELESS	ResourceId::20143
2208	ps	miHoYo/Character/NapAvatarNPCFace	90	1	ResourceId::20147:TempBuffer 243 1024x428:1024x428:R16G16B16A16_TYPELESS;ResourceId::20151:TempBuffer 244 1024x428:1024x428:R8G8B8A8_TYPELESS;ResourceId::20159:TempBuffer 246 1024x428:1024x428:R10G10B10A2_TYPELESS;ResourceId::20155:TempBuffer 245 1024x428:1024x428:R10G10B10A2_TYPELESS	ResourceId::20143
2218	ps	miHoYo/Character/NapAvatarNPCFace	270	1	ResourceId::20147:TempBuffer 243 1024x428:1024x428:R16G16B16A16_TYPELESS;ResourceId::20151:TempBuffer 244 1024x428:1024x428:R8G8B8A8_TYPELESS;ResourceId::20159:TempBuffer 246 1024x428:1024x428:R10G10B10A2_TYPELESS;ResourceId::20155:TempBuffer 245 1024x428:1024x428:R10G10B10A2_TYPELESS	ResourceId::20143
2228	ps	miHoYo/Character/NapAvatarNPCFace	3576	1	ResourceId::20147:TempBuffer 243 1024x428:1024x428:R16G16B16A16_TYPELESS;ResourceId::20151:TempBuffer 244 1024x428:1024x428:R8G8B8A8_TYPELESS;ResourceId::20159:TempBuffer 246 1024x428:1024x428:R10G10B10A2_TYPELESS;ResourceId::20155:TempBuffer 245 1024x428:1024x428:R10G10B10A2_TYPELESS	ResourceId::20143
2272	ps	miHoYo/Scene/Lit	36	1	ResourceId::20147:TempBuffer 243 1024x428:1024x428:R16G16B16A16_TYPELESS;ResourceId::20151:TempBuffer 244 1024x428:1024x428:R8G8B8A8_TYPELESS;ResourceId::20159:TempBuffer 246 1024x428:1024x428:R10G10B10A2_TYPELESS;ResourceId::20155:TempBuffer 245 1024x428:1024x428:R10G10B10A2_TYPELESS	ResourceId::20143
2277	ps	miHoYo/Scene/Lit	684	2	ResourceId::20147:TempBuffer 243 1024x428:1024x428:R16G16B16A16_TYPELESS;ResourceId::20151:TempBuffer 244 1024x428:1024x428:R8G8B8A8_TYPELESS;ResourceId::20159:TempBuffer 246 1024x428:1024x428:R10G10B10A2_TYPELESS;ResourceId::20155:TempBuffer 245 1024x428:1024x428:R10G10B10A2_TYPELESS	ResourceId::20143
2286	ps	miHoYo/Scene/Lit	402	2	ResourceId::20147:TempBuffer 243 1024x428:1024x428:R16G16B16A16_TYPELESS;ResourceId::20151:TempBuffer 244 1024x428:1024x428:R8G8B8A8_TYPELESS;ResourceId::20159:TempBuffer 246 1024x428:1024x428:R10G10B10A2_TYPELESS;ResourceId::20155:TempBuffer 245 1024x428:1024x428:R10G10B10A2_TYPELESS	ResourceId::20143
2295	ps	miHoYo/Scene/Lit	51	1	ResourceId::20147:TempBuffer 243 1024x428:1024x428:R16G16B16A16_TYPELESS;ResourceId::20151:TempBuffer 244 1024x428:1024x428:R8G8B8A8_TYPELESS;ResourceId::20159:TempBuffer 246 1024x428:1024x428:R10G10B10A2_TYPELESS;ResourceId::20155:TempBuffer 245 1024x428:1024x428:R10G10B10A2_TYPELESS	ResourceId::20143
2304	ps	miHoYo/Scene/Lit	402	4	ResourceId::20147:TempBuffer 243 1024x428:1024x428:R16G16B16A16_TYPELESS;ResourceId::20151:TempBuffer 244 1024x428:1024x428:R8G8B8A8_TYPELESS;ResourceId::20159:TempBuffer 246 1024x428:1024x428:R10G10B10A2_TYPELESS;ResourceId::20155:TempBuffer 245 1024x428:1024x428:R10G10B10A2_TYPELESS	ResourceId::20143
2312	ps	miHoYo/Scene/Lit	5760	1	ResourceId::20147:TempBuffer 243 1024x428:1024x428:R16G16B16A16_TYPELESS;ResourceId::20151:TempBuffer 244 1024x428:1024x428:R8G8B8A8_TYPELESS;ResourceId::20159:TempBuffer 246 1024x428:1024x428:R10G10B10A2_TYPELESS;ResourceId::20155:TempBuffer 245 1024x428:1024x428:R10G10B10A2_TYPELESS	ResourceId::20143
2320	ps	miHoYo/Scene/Lit	1050	1	ResourceId::20147:TempBuffer 243 1024x428:1024x428:R16G16B16A16_TYPELESS;ResourceId::20151:TempBuffer 244 1024x428:1024x428:R8G8B8A8_TYPELESS;ResourceId::20159:TempBuffer 246 1024x428:1024x428:R10G10B10A2_TYPELESS;ResourceId::20155:TempBuffer 245 1024x428:1024x428:R10G10B10A2_TYPELESS	ResourceId::20143
2325	ps	miHoYo/Scene/Lit	1176	1	ResourceId::20147:TempBuffer 243 1024x428:1024x428:R16G16B16A16_TYPELESS;ResourceId::20151:TempBuffer 244 1024x428:1024x428:R8G8B8A8_TYPELESS;ResourceId::20159:TempBuffer 246 1024x428:1024x428:R10G10B10A2_TYPELESS;ResourceId::20155:TempBuffer 245 1024x428:1024x428:R10G10B10A2_TYPELESS	ResourceId::20143
2333	ps	miHoYo/Scene/Lit	456	1	ResourceId::20147:TempBuffer 243 1024x428:1024x428:R16G16B16A16_TYPELESS;ResourceId::20151:TempBuffer 244 1024x428:1024x428:R8G8B8A8_TYPELESS;ResourceId::20159:TempBuffer 246 1024x428:1024x428:R10G10B10A2_TYPELESS;ResourceId::20155:TempBuffer 245 1024x428:1024x428:R10G10B10A2_TYPELESS	ResourceId::20143
2338	ps	miHoYo/Scene/Lit	456	1	ResourceId::20147:TempBuffer 243 1024x428:1024x428:R16G16B16A16_TYPELESS;ResourceId::20151:TempBuffer 244 1024x428:1024x428:R8G8B8A8_TYPELESS;ResourceId::20159:TempBuffer 246 1024x428:1024x428:R10G10B10A2_TYPELESS;ResourceId::20155:TempBuffer 245 1024x428:1024x428:R10G10B10A2_TYPELESS	ResourceId::20143
2343	ps	miHoYo/Scene/Lit	456	1	ResourceId::20147:TempBuffer 243 1024x428:1024x428:R16G16B16A16_TYPELESS;ResourceId::20151:TempBuffer 244 1024x428:1024x428:R8G8B8A8_TYPELESS;ResourceId::20159:TempBuffer 246 1024x428:1024x428:R10G10B10A2_TYPELESS;ResourceId::20155:TempBuffer 245 1024x428:1024x428:R10G10B10A2_TYPELESS	ResourceId::20143
2348	ps	miHoYo/Scene/Lit	456	1	ResourceId::20147:TempBuffer 243 1024x428:1024x428:R16G16B16A16_TYPELESS;ResourceId::20151:TempBuffer 244 1024x428:1024x428:R8G8B8A8_TYPELESS;ResourceId::20159:TempBuffer 246 1024x428:1024x428:R10G10B10A2_TYPELESS;ResourceId::20155:TempBuffer 245 1024x428:1024x428:R10G10B10A2_TYPELESS	ResourceId::20143
2353	ps	miHoYo/Scene/Lit	84	1	ResourceId::20147:TempBuffer 243 1024x428:1024x428:R16G16B16A16_TYPELESS;ResourceId::20151:TempBuffer 244 1024x428:1024x428:R8G8B8A8_TYPELESS;ResourceId::20159:TempBuffer 246 1024x428:1024x428:R10G10B10A2_TYPELESS;ResourceId::20155:TempBuffer 245 1024x428:1024x428:R10G10B10A2_TYPELESS	ResourceId::20143
2358	ps	miHoYo/Scene/Lit	84	1	ResourceId::20147:TempBuffer 243 1024x428:1024x428:R16G16B16A16_TYPELESS;ResourceId::20151:TempBuffer 244 1024x428:1024x428:R8G8B8A8_TYPELESS;ResourceId::20159:TempBuffer 246 1024x428:1024x428:R10G10B10A2_TYPELESS;ResourceId::20155:TempBuffer 245 1024x428:1024x428:R10G10B10A2_TYPELESS	ResourceId::20143
2363	ps	miHoYo/Scene/Lit	84	2	ResourceId::20147:TempBuffer 243 1024x428:1024x428:R16G16B16A16_TYPELESS;ResourceId::20151:TempBuffer 244 1024x428:1024x428:R8G8B8A8_TYPELESS;ResourceId::20159:TempBuffer 246 1024x428:1024x428:R10G10B10A2_TYPELESS;ResourceId::20155:TempBuffer 245 1024x428:1024x428:R10G10B10A2_TYPELESS	ResourceId::20143
2368	ps	miHoYo/Scene/Lit	84	1	ResourceId::20147:TempBuffer 243 1024x428:1024x428:R16G16B16A16_TYPELESS;ResourceId::20151:TempBuffer 244 1024x428:1024x428:R8G8B8A8_TYPELESS;ResourceId::20159:TempBuffer 246 1024x428:1024x428:R10G10B10A2_TYPELESS;ResourceId::20155:TempBuffer 245 1024x428:1024x428:R10G10B10A2_TYPELESS	ResourceId::20143
2377	ps	miHoYo/Scene/Lit	27531	1	ResourceId::20147:TempBuffer 243 1024x428:1024x428:R16G16B16A16_TYPELESS;ResourceId::20151:TempBuffer 244 1024x428:1024x428:R8G8B8A8_TYPELESS;ResourceId::20159:TempBuffer 246 1024x428:1024x428:R10G10B10A2_TYPELESS;ResourceId::20155:TempBuffer 245 1024x428:1024x428:R10G10B10A2_TYPELESS	ResourceId::20143
2386	ps	miHoYo/Scene/Lit	888	1	ResourceId::20147:TempBuffer 243 1024x428:1024x428:R16G16B16A16_TYPELESS;ResourceId::20151:TempBuffer 244 1024x428:1024x428:R8G8B8A8_TYPELESS;ResourceId::20159:TempBuffer 246 1024x428:1024x428:R10G10B10A2_TYPELESS;ResourceId::20155:TempBuffer 245 1024x428:1024x428:R10G10B10A2_TYPELESS	ResourceId::20143
2394	ps	miHoYo/Scene/Lit	3846	1	ResourceId::20147:TempBuffer 243 1024x428:1024x428:R16G16B16A16_TYPELESS;ResourceId::20151:TempBuffer 244 1024x428:1024x428:R8G8B8A8_TYPELESS;ResourceId::20159:TempBuffer 246 1024x428:1024x428:R10G10B10A2_TYPELESS;ResourceId::20155:TempBuffer 245 1024x428:1024x428:R10G10B10A2_TYPELESS	ResourceId::20143
2400	ps	miHoYo/Scene/Lit	2772	1	ResourceId::20147:TempBuffer 243 1024x428:1024x428:R16G16B16A16_TYPELESS;ResourceId::20151:TempBuffer 244 1024x428:1024x428:R8G8B8A8_TYPELESS;ResourceId::20159:TempBuffer 246 1024x428:1024x428:R10G10B10A2_TYPELESS;ResourceId::20155:TempBuffer 245 1024x428:1024x428:R10G10B10A2_TYPELESS	ResourceId::20143
2409	ps	miHoYo/Scene/Lit	738	1	ResourceId::20147:TempBuffer 243 1024x428:1024x428:R16G16B16A16_TYPELESS;ResourceId::20151:TempBuffer 244 1024x428:1024x428:R8G8B8A8_TYPELESS;ResourceId::20159:TempBuffer 246 1024x428:1024x428:R10G10B10A2_TYPELESS;ResourceId::20155:TempBuffer 245 1024x428:1024x428:R10G10B10A2_TYPELESS	ResourceId::20143
2417	ps	miHoYo/Scene/Lit	93	1	ResourceId::20147:TempBuffer 243 1024x428:1024x428:R16G16B16A16_TYPELESS;ResourceId::20151:TempBuffer 244 1024x428:1024x428:R8G8B8A8_TYPELESS;ResourceId::20159:TempBuffer 246 1024x428:1024x428:R10G10B10A2_TYPELESS;ResourceId::20155:TempBuffer 245 1024x428:1024x428:R10G10B10A2_TYPELESS	ResourceId::20143
2422	ps	miHoYo/Scene/Lit	306	1	ResourceId::20147:TempBuffer 243 1024x428:1024x428:R16G16B16A16_TYPELESS;ResourceId::20151:TempBuffer 244 1024x428:1024x428:R8G8B8A8_TYPELESS;ResourceId::20159:TempBuffer 246 1024x428:1024x428:R10G10B10A2_TYPELESS;ResourceId::20155:TempBuffer 245 1024x428:1024x428:R10G10B10A2_TYPELESS	ResourceId::20143
2430	ps	miHoYo/Scene/Lit	108	1	ResourceId::20147:TempBuffer 243 1024x428:1024x428:R16G16B16A16_TYPELESS;ResourceId::20151:TempBuffer 244 1024x428:1024x428:R8G8B8A8_TYPELESS;ResourceId::20159:TempBuffer 246 1024x428:1024x428:R10G10B10A2_TYPELESS;ResourceId::20155:TempBuffer 245 1024x428:1024x428:R10G10B10A2_TYPELESS	ResourceId::20143
2435	ps	miHoYo/Scene/Lit	108	1	ResourceId::20147:TempBuffer 243 1024x428:1024x428:R16G16B16A16_TYPELESS;ResourceId::20151:TempBuffer 244 1024x428:1024x428:R8G8B8A8_TYPELESS;ResourceId::20159:TempBuffer 246 1024x428:1024x428:R10G10B10A2_TYPELESS;ResourceId::20155:TempBuffer 245 1024x428:1024x428:R10G10B10A2_TYPELESS	ResourceId::20143
2443	ps	miHoYo/Scene/Lit	1284	2	ResourceId::20147:TempBuffer 243 1024x428:1024x428:R16G16B16A16_TYPELESS;ResourceId::20151:TempBuffer 244 1024x428:1024x428:R8G8B8A8_TYPELESS;ResourceId::20159:TempBuffer 246 1024x428:1024x428:R10G10B10A2_TYPELESS;ResourceId::20155:TempBuffer 245 1024x428:1024x428:R10G10B10A2_TYPELESS	ResourceId::20143
2448	ps	miHoYo/Scene/Lit	612	5	ResourceId::20147:TempBuffer 243 1024x428:1024x428:R16G16B16A16_TYPELESS;ResourceId::20151:TempBuffer 244 1024x428:1024x428:R8G8B8A8_TYPELESS;ResourceId::20159:TempBuffer 246 1024x428:1024x428:R10G10B10A2_TYPELESS;ResourceId::20155:TempBuffer 245 1024x428:1024x428:R10G10B10A2_TYPELESS	ResourceId::20143
2457	ps	miHoYo/Scene/Lit	336	1	ResourceId::20147:TempBuffer 243 1024x428:1024x428:R16G16B16A16_TYPELESS;ResourceId::20151:TempBuffer 244 1024x428:1024x428:R8G8B8A8_TYPELESS;ResourceId::20159:TempBuffer 246 1024x428:1024x428:R10G10B10A2_TYPELESS;ResourceId::20155:TempBuffer 245 1024x428:1024x428:R10G10B10A2_TYPELESS	ResourceId::20143
2465	ps	miHoYo/Scene/Lit	90	7	ResourceId::20147:TempBuffer 243 1024x428:1024x428:R16G16B16A16_TYPELESS;ResourceId::20151:TempBuffer 244 1024x428:1024x428:R8G8B8A8_TYPELESS;ResourceId::20159:TempBuffer 246 1024x428:1024x428:R10G10B10A2_TYPELESS;ResourceId::20155:TempBuffer 245 1024x428:1024x428:R10G10B10A2_TYPELESS	ResourceId::20143
2474	ps	miHoYo/Scene/Lit	36	2	ResourceId::20147:TempBuffer 243 1024x428:1024x428:R16G16B16A16_TYPELESS;ResourceId::20151:TempBuffer 244 1024x428:1024x428:R8G8B8A8_TYPELESS;ResourceId::20159:TempBuffer 246 1024x428:1024x428:R10G10B10A2_TYPELESS;ResourceId::20155:TempBuffer 245 1024x428:1024x428:R10G10B10A2_TYPELESS	ResourceId::20143
2479	ps	miHoYo/Scene/Lit	144	1	ResourceId::20147:TempBuffer 243 1024x428:1024x428:R16G16B16A16_TYPELESS;ResourceId::20151:TempBuffer 244 1024x428:1024x428:R8G8B8A8_TYPELESS;ResourceId::20159:TempBuffer 246 1024x428:1024x428:R10G10B10A2_TYPELESS;ResourceId::20155:TempBuffer 245 1024x428:1024x428:R10G10B10A2_TYPELESS	ResourceId::20143
2486	ps	miHoYo/Scene/Lit	300	1	ResourceId::20147:TempBuffer 243 1024x428:1024x428:R16G16B16A16_TYPELESS;ResourceId::20151:TempBuffer 244 1024x428:1024x428:R8G8B8A8_TYPELESS;ResourceId::20159:TempBuffer 246 1024x428:1024x428:R10G10B10A2_TYPELESS;ResourceId::20155:TempBuffer 245 1024x428:1024x428:R10G10B10A2_TYPELESS	ResourceId::20143
2491	ps	miHoYo/Scene/Lit	300	1	ResourceId::20147:TempBuffer 243 1024x428:1024x428:R16G16B16A16_TYPELESS;ResourceId::20151:TempBuffer 244 1024x428:1024x428:R8G8B8A8_TYPELESS;ResourceId::20159:TempBuffer 246 1024x428:1024x428:R10G10B10A2_TYPELESS;ResourceId::20155:TempBuffer 245 1024x428:1024x428:R10G10B10A2_TYPELESS	ResourceId::20143
2499	ps	miHoYo/Scene/Lit	6798	1	ResourceId::20147:TempBuffer 243 1024x428:1024x428:R16G16B16A16_TYPELESS;ResourceId::20151:TempBuffer 244 1024x428:1024x428:R8G8B8A8_TYPELESS;ResourceId::20159:TempBuffer 246 1024x428:1024x428:R10G10B10A2_TYPELESS;ResourceId::20155:TempBuffer 245 1024x428:1024x428:R10G10B10A2_TYPELESS	ResourceId::20143
2508	ps	miHoYo/Scene/Lit	72	1	ResourceId::20147:TempBuffer 243 1024x428:1024x428:R16G16B16A16_TYPELESS;ResourceId::20151:TempBuffer 244 1024x428:1024x428:R8G8B8A8_TYPELESS;ResourceId::20159:TempBuffer 246 1024x428:1024x428:R10G10B10A2_TYPELESS;ResourceId::20155:TempBuffer 245 1024x428:1024x428:R10G10B10A2_TYPELESS	ResourceId::20143
2516	ps	miHoYo/Scene/Lit	2709	4	ResourceId::20147:TempBuffer 243 1024x428:1024x428:R16G16B16A16_TYPELESS;ResourceId::20151:TempBuffer 244 1024x428:1024x428:R8G8B8A8_TYPELESS;ResourceId::20159:TempBuffer 246 1024x428:1024x428:R10G10B10A2_TYPELESS;ResourceId::20155:TempBuffer 245 1024x428:1024x428:R10G10B10A2_TYPELESS	ResourceId::20143
2525	ps	miHoYo/Scene/Lit	732	1	ResourceId::20147:TempBuffer 243 1024x428:1024x428:R16G16B16A16_TYPELESS;ResourceId::20151:TempBuffer 244 1024x428:1024x428:R8G8B8A8_TYPELESS;ResourceId::20159:TempBuffer 246 1024x428:1024x428:R10G10B10A2_TYPELESS;ResourceId::20155:TempBuffer 245 1024x428:1024x428:R10G10B10A2_TYPELESS	ResourceId::20143
2533	ps	miHoYo/Scene/Lit	240	1	ResourceId::20147:TempBuffer 243 1024x428:1024x428:R16G16B16A16_TYPELESS;ResourceId::20151:TempBuffer 244 1024x428:1024x428:R8G8B8A8_TYPELESS;ResourceId::20159:TempBuffer 246 1024x428:1024x428:R10G10B10A2_TYPELESS;ResourceId::20155:TempBuffer 245 1024x428:1024x428:R10G10B10A2_TYPELESS	ResourceId::20143
2541	ps	miHoYo/Scene/Lit	720	1	ResourceId::20147:TempBuffer 243 1024x428:1024x428:R16G16B16A16_TYPELESS;ResourceId::20151:TempBuffer 244 1024x428:1024x428:R8G8B8A8_TYPELESS;ResourceId::20159:TempBuffer 246 1024x428:1024x428:R10G10B10A2_TYPELESS;ResourceId::20155:TempBuffer 245 1024x428:1024x428:R10G10B10A2_TYPELESS	ResourceId::20143
2546	ps	miHoYo/Scene/Lit	96	2	ResourceId::20147:TempBuffer 243 1024x428:1024x428:R16G16B16A16_TYPELESS;ResourceId::20151:TempBuffer 244 1024x428:1024x428:R8G8B8A8_TYPELESS;ResourceId::20159:TempBuffer 246 1024x428:1024x428:R10G10B10A2_TYPELESS;ResourceId::20155:TempBuffer 245 1024x428:1024x428:R10G10B10A2_TYPELESS	ResourceId::20143
2555	ps	miHoYo/Scene/Lit	54	1	ResourceId::20147:TempBuffer 243 1024x428:1024x428:R16G16B16A16_TYPELESS;ResourceId::20151:TempBuffer 244 1024x428:1024x428:R8G8B8A8_TYPELESS;ResourceId::20159:TempBuffer 246 1024x428:1024x428:R10G10B10A2_TYPELESS;ResourceId::20155:TempBuffer 245 1024x428:1024x428:R10G10B10A2_TYPELESS	ResourceId::20143
2560	ps	miHoYo/Scene/Lit	54	1	ResourceId::20147:TempBuffer 243 1024x428:1024x428:R16G16B16A16_TYPELESS;ResourceId::20151:TempBuffer 244 1024x428:1024x428:R8G8B8A8_TYPELESS;ResourceId::20159:TempBuffer 246 1024x428:1024x428:R10G10B10A2_TYPELESS;ResourceId::20155:TempBuffer 245 1024x428:1024x428:R10G10B10A2_TYPELESS	ResourceId::20143
2565	ps	miHoYo/Scene/Lit	30	1	ResourceId::20147:TempBuffer 243 1024x428:1024x428:R16G16B16A16_TYPELESS;ResourceId::20151:TempBuffer 244 1024x428:1024x428:R8G8B8A8_TYPELESS;ResourceId::20159:TempBuffer 246 1024x428:1024x428:R10G10B10A2_TYPELESS;ResourceId::20155:TempBuffer 245 1024x428:1024x428:R10G10B10A2_TYPELESS	ResourceId::20143
2574	ps	miHoYo/Scene/Lit	816	1	ResourceId::20147:TempBuffer 243 1024x428:1024x428:R16G16B16A16_TYPELESS;ResourceId::20151:TempBuffer 244 1024x428:1024x428:R8G8B8A8_TYPELESS;ResourceId::20159:TempBuffer 246 1024x428:1024x428:R10G10B10A2_TYPELESS;ResourceId::20155:TempBuffer 245 1024x428:1024x428:R10G10B10A2_TYPELESS	ResourceId::20143
2582	ps	miHoYo/Scene/Lit	888	1	ResourceId::20147:TempBuffer 243 1024x428:1024x428:R16G16B16A16_TYPELESS;ResourceId::20151:TempBuffer 244 1024x428:1024x428:R8G8B8A8_TYPELESS;ResourceId::20159:TempBuffer 246 1024x428:1024x428:R10G10B10A2_TYPELESS;ResourceId::20155:TempBuffer 245 1024x428:1024x428:R10G10B10A2_TYPELESS	ResourceId::20143
2590	ps	miHoYo/Scene/Lit	276	1	ResourceId::20147:TempBuffer 243 1024x428:1024x428:R16G16B16A16_TYPELESS;ResourceId::20151:TempBuffer 244 1024x428:1024x428:R8G8B8A8_TYPELESS;ResourceId::20159:TempBuffer 246 1024x428:1024x428:R10G10B10A2_TYPELESS;ResourceId::20155:TempBuffer 245 1024x428:1024x428:R10G10B10A2_TYPELESS	ResourceId::20143
2595	ps	miHoYo/Scene/Lit	207	1	ResourceId::20147:TempBuffer 243 1024x428:1024x428:R16G16B16A16_TYPELESS;ResourceId::20151:TempBuffer 244 1024x428:1024x428:R8G8B8A8_TYPELESS;ResourceId::20159:TempBuffer 246 1024x428:1024x428:R10G10B10A2_TYPELESS;ResourceId::20155:TempBuffer 245 1024x428:1024x428:R10G10B10A2_TYPELESS	ResourceId::20143
2603	ps	miHoYo/Scene/Lit	2643	1	ResourceId::20147:TempBuffer 243 1024x428:1024x428:R16G16B16A16_TYPELESS;ResourceId::20151:TempBuffer 244 1024x428:1024x428:R8G8B8A8_TYPELESS;ResourceId::20159:TempBuffer 246 1024x428:1024x428:R10G10B10A2_TYPELESS;ResourceId::20155:TempBuffer 245 1024x428:1024x428:R10G10B10A2_TYPELESS	ResourceId::20143
2612	ps	miHoYo/Scene/Lit	564	2	ResourceId::20147:TempBuffer 243 1024x428:1024x428:R16G16B16A16_TYPELESS;ResourceId::20151:TempBuffer 244 1024x428:1024x428:R8G8B8A8_TYPELESS;ResourceId::20159:TempBuffer 246 1024x428:1024x428:R10G10B10A2_TYPELESS;ResourceId::20155:TempBuffer 245 1024x428:1024x428:R10G10B10A2_TYPELESS	ResourceId::20143
2621	ps	miHoYo/Scene/Lit	603	1	ResourceId::20147:TempBuffer 243 1024x428:1024x428:R16G16B16A16_TYPELESS;ResourceId::20151:TempBuffer 244 1024x428:1024x428:R8G8B8A8_TYPELESS;ResourceId::20159:TempBuffer 246 1024x428:1024x428:R10G10B10A2_TYPELESS;ResourceId::20155:TempBuffer 245 1024x428:1024x428:R10G10B10A2_TYPELESS	ResourceId::20143
2629	ps	miHoYo/Scene/Lit	1215	1	ResourceId::20147:TempBuffer 243 1024x428:1024x428:R16G16B16A16_TYPELESS;ResourceId::20151:TempBuffer 244 1024x428:1024x428:R8G8B8A8_TYPELESS;ResourceId::20159:TempBuffer 246 1024x428:1024x428:R10G10B10A2_TYPELESS;ResourceId::20155:TempBuffer 245 1024x428:1024x428:R10G10B10A2_TYPELESS	ResourceId::20143
2634	ps	miHoYo/Scene/Lit	1224	1	ResourceId::20147:TempBuffer 243 1024x428:1024x428:R16G16B16A16_TYPELESS;ResourceId::20151:TempBuffer 244 1024x428:1024x428:R8G8B8A8_TYPELESS;ResourceId::20159:TempBuffer 246 1024x428:1024x428:R10G10B10A2_TYPELESS;ResourceId::20155:TempBuffer 245 1024x428:1024x428:R10G10B10A2_TYPELESS	ResourceId::20143
2642	ps	miHoYo/Scene/Lit	216	12	ResourceId::20147:TempBuffer 243 1024x428:1024x428:R16G16B16A16_TYPELESS;ResourceId::20151:TempBuffer 244 1024x428:1024x428:R8G8B8A8_TYPELESS;ResourceId::20159:TempBuffer 246 1024x428:1024x428:R10G10B10A2_TYPELESS;ResourceId::20155:TempBuffer 245 1024x428:1024x428:R10G10B10A2_TYPELESS	ResourceId::20143
2650	ps	miHoYo/Scene/Lit	768	1	ResourceId::20147:TempBuffer 243 1024x428:1024x428:R16G16B16A16_TYPELESS;ResourceId::20151:TempBuffer 244 1024x428:1024x428:R8G8B8A8_TYPELESS;ResourceId::20159:TempBuffer 246 1024x428:1024x428:R10G10B10A2_TYPELESS;ResourceId::20155:TempBuffer 245 1024x428:1024x428:R10G10B10A2_TYPELESS	ResourceId::20143
2655	ps	miHoYo/Scene/Lit	1836	2	ResourceId::20147:TempBuffer 243 1024x428:1024x428:R16G16B16A16_TYPELESS;ResourceId::20151:TempBuffer 244 1024x428:1024x428:R8G8B8A8_TYPELESS;ResourceId::20159:TempBuffer 246 1024x428:1024x428:R10G10B10A2_TYPELESS;ResourceId::20155:TempBuffer 245 1024x428:1024x428:R10G10B10A2_TYPELESS	ResourceId::20143
2660	ps	miHoYo/Scene/Lit	5922	2	ResourceId::20147:TempBuffer 243 1024x428:1024x428:R16G16B16A16_TYPELESS;ResourceId::20151:TempBuffer 244 1024x428:1024x428:R8G8B8A8_TYPELESS;ResourceId::20159:TempBuffer 246 1024x428:1024x428:R10G10B10A2_TYPELESS;ResourceId::20155:TempBuffer 245 1024x428:1024x428:R10G10B10A2_TYPELESS	ResourceId::20143
2668	ps	miHoYo/Scene/Lit	636	1	ResourceId::20147:TempBuffer 243 1024x428:1024x428:R16G16B16A16_TYPELESS;ResourceId::20151:TempBuffer 244 1024x428:1024x428:R8G8B8A8_TYPELESS;ResourceId::20159:TempBuffer 246 1024x428:1024x428:R10G10B10A2_TYPELESS;ResourceId::20155:TempBuffer 245 1024x428:1024x428:R10G10B10A2_TYPELESS	ResourceId::20143
2676	ps	miHoYo/Scene/Lit	1140	1	ResourceId::20147:TempBuffer 243 1024x428:1024x428:R16G16B16A16_TYPELESS;ResourceId::20151:TempBuffer 244 1024x428:1024x428:R8G8B8A8_TYPELESS;ResourceId::20159:TempBuffer 246 1024x428:1024x428:R10G10B10A2_TYPELESS;ResourceId::20155:TempBuffer 245 1024x428:1024x428:R10G10B10A2_TYPELESS	ResourceId::20143
2681	ps	miHoYo/Scene/Lit	600	1	ResourceId::20147:TempBuffer 243 1024x428:1024x428:R16G16B16A16_TYPELESS;ResourceId::20151:TempBuffer 244 1024x428:1024x428:R8G8B8A8_TYPELESS;ResourceId::20159:TempBuffer 246 1024x428:1024x428:R10G10B10A2_TYPELESS;ResourceId::20155:TempBuffer 245 1024x428:1024x428:R10G10B10A2_TYPELESS	ResourceId::20143
2686	ps	miHoYo/Scene/Lit	648	1	ResourceId::20147:TempBuffer 243 1024x428:1024x428:R16G16B16A16_TYPELESS;ResourceId::20151:TempBuffer 244 1024x428:1024x428:R8G8B8A8_TYPELESS;ResourceId::20159:TempBuffer 246 1024x428:1024x428:R10G10B10A2_TYPELESS;ResourceId::20155:TempBuffer 245 1024x428:1024x428:R10G10B10A2_TYPELESS	ResourceId::20143
2695	ps	miHoYo/Scene/Lit	156	2	ResourceId::20147:TempBuffer 243 1024x428:1024x428:R16G16B16A16_TYPELESS;ResourceId::20151:TempBuffer 244 1024x428:1024x428:R8G8B8A8_TYPELESS;ResourceId::20159:TempBuffer 246 1024x428:1024x428:R10G10B10A2_TYPELESS;ResourceId::20155:TempBuffer 245 1024x428:1024x428:R10G10B10A2_TYPELESS	ResourceId::20143
2700	ps	miHoYo/Scene/Lit	144	1	ResourceId::20147:TempBuffer 243 1024x428:1024x428:R16G16B16A16_TYPELESS;ResourceId::20151:TempBuffer 244 1024x428:1024x428:R8G8B8A8_TYPELESS;ResourceId::20159:TempBuffer 246 1024x428:1024x428:R10G10B10A2_TYPELESS;ResourceId::20155:TempBuffer 245 1024x428:1024x428:R10G10B10A2_TYPELESS	ResourceId::20143
2709	ps	miHoYo/Scene/Lit	1236	1	ResourceId::20147:TempBuffer 243 1024x428:1024x428:R16G16B16A16_TYPELESS;ResourceId::20151:TempBuffer 244 1024x428:1024x428:R8G8B8A8_TYPELESS;ResourceId::20159:TempBuffer 246 1024x428:1024x428:R10G10B10A2_TYPELESS;ResourceId::20155:TempBuffer 245 1024x428:1024x428:R10G10B10A2_TYPELESS	ResourceId::20143
2714	ps	miHoYo/Scene/Lit	7128	1	ResourceId::20147:TempBuffer 243 1024x428:1024x428:R16G16B16A16_TYPELESS;ResourceId::20151:TempBuffer 244 1024x428:1024x428:R8G8B8A8_TYPELESS;ResourceId::20159:TempBuffer 246 1024x428:1024x428:R10G10B10A2_TYPELESS;ResourceId::20155:TempBuffer 245 1024x428:1024x428:R10G10B10A2_TYPELESS	ResourceId::20143
2722	ps	miHoYo/Scene/Lit	588	2	ResourceId::20147:TempBuffer 243 1024x428:1024x428:R16G16B16A16_TYPELESS;ResourceId::20151:TempBuffer 244 1024x428:1024x428:R8G8B8A8_TYPELESS;ResourceId::20159:TempBuffer 246 1024x428:1024x428:R10G10B10A2_TYPELESS;ResourceId::20155:TempBuffer 245 1024x428:1024x428:R10G10B10A2_TYPELESS	ResourceId::20143
2730	ps	miHoYo/Scene/Lit	744	1	ResourceId::20147:TempBuffer 243 1024x428:1024x428:R16G16B16A16_TYPELESS;ResourceId::20151:TempBuffer 244 1024x428:1024x428:R8G8B8A8_TYPELESS;ResourceId::20159:TempBuffer 246 1024x428:1024x428:R10G10B10A2_TYPELESS;ResourceId::20155:TempBuffer 245 1024x428:1024x428:R10G10B10A2_TYPELESS	ResourceId::20143
2735	ps	miHoYo/Scene/Lit	9117	2	ResourceId::20147:TempBuffer 243 1024x428:1024x428:R16G16B16A16_TYPELESS;ResourceId::20151:TempBuffer 244 1024x428:1024x428:R8G8B8A8_TYPELESS;ResourceId::20159:TempBuffer 246 1024x428:1024x428:R10G10B10A2_TYPELESS;ResourceId::20155:TempBuffer 245 1024x428:1024x428:R10G10B10A2_TYPELESS	ResourceId::20143
2740	ps	miHoYo/Scene/Lit	1794	1	ResourceId::20147:TempBuffer 243 1024x428:1024x428:R16G16B16A16_TYPELESS;ResourceId::20151:TempBuffer 244 1024x428:1024x428:R8G8B8A8_TYPELESS;ResourceId::20159:TempBuffer 246 1024x428:1024x428:R10G10B10A2_TYPELESS;ResourceId::20155:TempBuffer 245 1024x428:1024x428:R10G10B10A2_TYPELESS	ResourceId::20143
2747	ps	miHoYo/Scene/Lit	2376	1	ResourceId::20147:TempBuffer 243 1024x428:1024x428:R16G16B16A16_TYPELESS;ResourceId::20151:TempBuffer 244 1024x428:1024x428:R8G8B8A8_TYPELESS;ResourceId::20159:TempBuffer 246 1024x428:1024x428:R10G10B10A2_TYPELESS;ResourceId::20155:TempBuffer 245 1024x428:1024x428:R10G10B10A2_TYPELESS	ResourceId::20143
2752	ps	miHoYo/Scene/Lit	2376	1	ResourceId::20147:TempBuffer 243 1024x428:1024x428:R16G16B16A16_TYPELESS;ResourceId::20151:TempBuffer 244 1024x428:1024x428:R8G8B8A8_TYPELESS;ResourceId::20159:TempBuffer 246 1024x428:1024x428:R10G10B10A2_TYPELESS;ResourceId::20155:TempBuffer 245 1024x428:1024x428:R10G10B10A2_TYPELESS	ResourceId::20143
2760	ps	miHoYo/Scene/Lit	8226	2	ResourceId::20147:TempBuffer 243 1024x428:1024x428:R16G16B16A16_TYPELESS;ResourceId::20151:TempBuffer 244 1024x428:1024x428:R8G8B8A8_TYPELESS;ResourceId::20159:TempBuffer 246 1024x428:1024x428:R10G10B10A2_TYPELESS;ResourceId::20155:TempBuffer 245 1024x428:1024x428:R10G10B10A2_TYPELESS	ResourceId::20143
2765	ps	miHoYo/Scene/Lit	2682	1	ResourceId::20147:TempBuffer 243 1024x428:1024x428:R16G16B16A16_TYPELESS;ResourceId::20151:TempBuffer 244 1024x428:1024x428:R8G8B8A8_TYPELESS;ResourceId::20159:TempBuffer 246 1024x428:1024x428:R10G10B10A2_TYPELESS;ResourceId::20155:TempBuffer 245 1024x428:1024x428:R10G10B10A2_TYPELESS	ResourceId::20143
2770	ps	miHoYo/Scene/Lit	1008	1	ResourceId::20147:TempBuffer 243 1024x428:1024x428:R16G16B16A16_TYPELESS;ResourceId::20151:TempBuffer 244 1024x428:1024x428:R8G8B8A8_TYPELESS;ResourceId::20159:TempBuffer 246 1024x428:1024x428:R10G10B10A2_TYPELESS;ResourceId::20155:TempBuffer 245 1024x428:1024x428:R10G10B10A2_TYPELESS	ResourceId::20143
2778	ps	miHoYo/Scene/Lit	384	1	ResourceId::20147:TempBuffer 243 1024x428:1024x428:R16G16B16A16_TYPELESS;ResourceId::20151:TempBuffer 244 1024x428:1024x428:R8G8B8A8_TYPELESS;ResourceId::20159:TempBuffer 246 1024x428:1024x428:R10G10B10A2_TYPELESS;ResourceId::20155:TempBuffer 245 1024x428:1024x428:R10G10B10A2_TYPELESS	ResourceId::20143
2783	ps	miHoYo/Scene/Lit	324	1	ResourceId::20147:TempBuffer 243 1024x428:1024x428:R16G16B16A16_TYPELESS;ResourceId::20151:TempBuffer 244 1024x428:1024x428:R8G8B8A8_TYPELESS;ResourceId::20159:TempBuffer 246 1024x428:1024x428:R10G10B10A2_TYPELESS;ResourceId::20155:TempBuffer 245 1024x428:1024x428:R10G10B10A2_TYPELESS	ResourceId::20143
2817	ps	miHoYo/Scene/Lit	2742	1	ResourceId::20147:TempBuffer 243 1024x428:1024x428:R16G16B16A16_TYPELESS;ResourceId::20151:TempBuffer 244 1024x428:1024x428:R8G8B8A8_TYPELESS;ResourceId::20159:TempBuffer 246 1024x428:1024x428:R10G10B10A2_TYPELESS;ResourceId::20155:TempBuffer 245 1024x428:1024x428:R10G10B10A2_TYPELESS	ResourceId::20143
2848	ps	miHoYo/Scene/Lit	84	4	ResourceId::20147:TempBuffer 243 1024x428:1024x428:R16G16B16A16_TYPELESS;ResourceId::20151:TempBuffer 244 1024x428:1024x428:R8G8B8A8_TYPELESS;ResourceId::20159:TempBuffer 246 1024x428:1024x428:R10G10B10A2_TYPELESS;ResourceId::20155:TempBuffer 245 1024x428:1024x428:R10G10B10A2_TYPELESS	ResourceId::20143
2853	ps	miHoYo/Scene/Lit	84	3	ResourceId::20147:TempBuffer 243 1024x428:1024x428:R16G16B16A16_TYPELESS;ResourceId::20151:TempBuffer 244 1024x428:1024x428:R8G8B8A8_TYPELESS;ResourceId::20159:TempBuffer 246 1024x428:1024x428:R10G10B10A2_TYPELESS;ResourceId::20155:TempBuffer 245 1024x428:1024x428:R10G10B10A2_TYPELESS	ResourceId::20143
2864	ps	miHoYo/Scene/Lit	732	1	ResourceId::20147:TempBuffer 243 1024x428:1024x428:R16G16B16A16_TYPELESS;ResourceId::20151:TempBuffer 244 1024x428:1024x428:R8G8B8A8_TYPELESS;ResourceId::20159:TempBuffer 246 1024x428:1024x428:R10G10B10A2_TYPELESS;ResourceId::20155:TempBuffer 245 1024x428:1024x428:R10G10B10A2_TYPELESS	ResourceId::20143
2871	ps	miHoYo/Scene/Lit	732	1	ResourceId::20147:TempBuffer 243 1024x428:1024x428:R16G16B16A16_TYPELESS;ResourceId::20151:TempBuffer 244 1024x428:1024x428:R8G8B8A8_TYPELESS;ResourceId::20159:TempBuffer 246 1024x428:1024x428:R10G10B10A2_TYPELESS;ResourceId::20155:TempBuffer 245 1024x428:1024x428:R10G10B10A2_TYPELESS	ResourceId::20143
2880	ps	miHoYo/Scene/Lit	2196	1	ResourceId::20147:TempBuffer 243 1024x428:1024x428:R16G16B16A16_TYPELESS;ResourceId::20151:TempBuffer 244 1024x428:1024x428:R8G8B8A8_TYPELESS;ResourceId::20159:TempBuffer 246 1024x428:1024x428:R10G10B10A2_TYPELESS;ResourceId::20155:TempBuffer 245 1024x428:1024x428:R10G10B10A2_TYPELESS	ResourceId::20143
2905	ps	miHoYo/Scene/Lit_Television	132	0	ResourceId::20147:TempBuffer 243 1024x428:1024x428:R16G16B16A16_TYPELESS;ResourceId::20151:TempBuffer 244 1024x428:1024x428:R8G8B8A8_TYPELESS;ResourceId::20159:TempBuffer 246 1024x428:1024x428:R10G10B10A2_TYPELESS;ResourceId::20155:TempBuffer 245 1024x428:1024x428:R10G10B10A2_TYPELESS	ResourceId::20143
2911	ps	miHoYo/Scene/Lit_Television	276	0	ResourceId::20147:TempBuffer 243 1024x428:1024x428:R16G16B16A16_TYPELESS;ResourceId::20151:TempBuffer 244 1024x428:1024x428:R8G8B8A8_TYPELESS;ResourceId::20159:TempBuffer 246 1024x428:1024x428:R10G10B10A2_TYPELESS;ResourceId::20155:TempBuffer 245 1024x428:1024x428:R10G10B10A2_TYPELESS	ResourceId::20143
2916	ps	miHoYo/Scene/Lit_Television	738	0	ResourceId::20147:TempBuffer 243 1024x428:1024x428:R16G16B16A16_TYPELESS;ResourceId::20151:TempBuffer 244 1024x428:1024x428:R8G8B8A8_TYPELESS;ResourceId::20159:TempBuffer 246 1024x428:1024x428:R10G10B10A2_TYPELESS;ResourceId::20155:TempBuffer 245 1024x428:1024x428:R10G10B10A2_TYPELESS	ResourceId::20143
2923	ps	miHoYo/Scene/Lit_Television	867	0	ResourceId::20147:TempBuffer 243 1024x428:1024x428:R16G16B16A16_TYPELESS;ResourceId::20151:TempBuffer 244 1024x428:1024x428:R8G8B8A8_TYPELESS;ResourceId::20159:TempBuffer 246 1024x428:1024x428:R10G10B10A2_TYPELESS;ResourceId::20155:TempBuffer 245 1024x428:1024x428:R10G10B10A2_TYPELESS	ResourceId::20143
2928	ps	miHoYo/Scene/Lit_Television	1968	0	ResourceId::20147:TempBuffer 243 1024x428:1024x428:R16G16B16A16_TYPELESS;ResourceId::20151:TempBuffer 244 1024x428:1024x428:R8G8B8A8_TYPELESS;ResourceId::20159:TempBuffer 246 1024x428:1024x428:R10G10B10A2_TYPELESS;ResourceId::20155:TempBuffer 245 1024x428:1024x428:R10G10B10A2_TYPELESS	ResourceId::20143
2936	ps	miHoYo/Scene/Lit_Television	14622	0	ResourceId::20147:TempBuffer 243 1024x428:1024x428:R16G16B16A16_TYPELESS;ResourceId::20151:TempBuffer 244 1024x428:1024x428:R8G8B8A8_TYPELESS;ResourceId::20159:TempBuffer 246 1024x428:1024x428:R10G10B10A2_TYPELESS;ResourceId::20155:TempBuffer 245 1024x428:1024x428:R10G10B10A2_TYPELESS	ResourceId::20143
2941	ps	miHoYo/Scene/Lit_Television	14622	0	ResourceId::20147:TempBuffer 243 1024x428:1024x428:R16G16B16A16_TYPELESS;ResourceId::20151:TempBuffer 244 1024x428:1024x428:R8G8B8A8_TYPELESS;ResourceId::20159:TempBuffer 246 1024x428:1024x428:R10G10B10A2_TYPELESS;ResourceId::20155:TempBuffer 245 1024x428:1024x428:R10G10B10A2_TYPELESS	ResourceId::20143
2947	ps	miHoYo/Scene/Lit_Television	14688	0	ResourceId::20147:TempBuffer 243 1024x428:1024x428:R16G16B16A16_TYPELESS;ResourceId::20151:TempBuffer 244 1024x428:1024x428:R8G8B8A8_TYPELESS;ResourceId::20159:TempBuffer 246 1024x428:1024x428:R10G10B10A2_TYPELESS;ResourceId::20155:TempBuffer 245 1024x428:1024x428:R10G10B10A2_TYPELESS	ResourceId::20143
2952	ps	miHoYo/Scene/Lit_Television	14688	0	ResourceId::20147:TempBuffer 243 1024x428:1024x428:R16G16B16A16_TYPELESS;ResourceId::20151:TempBuffer 244 1024x428:1024x428:R8G8B8A8_TYPELESS;ResourceId::20159:TempBuffer 246 1024x428:1024x428:R10G10B10A2_TYPELESS;ResourceId::20155:TempBuffer 245 1024x428:1024x428:R10G10B10A2_TYPELESS	ResourceId::20143
2983	ps	miHoYo/Scene/Login_Lit	36	4	ResourceId::20147:TempBuffer 243 1024x428:1024x428:R16G16B16A16_TYPELESS;ResourceId::20151:TempBuffer 244 1024x428:1024x428:R8G8B8A8_TYPELESS;ResourceId::20159:TempBuffer 246 1024x428:1024x428:R10G10B10A2_TYPELESS;ResourceId::20155:TempBuffer 245 1024x428:1024x428:R10G10B10A2_TYPELESS	ResourceId::20143
3001	ps	miHoYo/Scene/Lit_Television	408	0	ResourceId::20147:TempBuffer 243 1024x428:1024x428:R16G16B16A16_TYPELESS;ResourceId::20151:TempBuffer 244 1024x428:1024x428:R8G8B8A8_TYPELESS;ResourceId::20159:TempBuffer 246 1024x428:1024x428:R10G10B10A2_TYPELESS;ResourceId::20155:TempBuffer 245 1024x428:1024x428:R10G10B10A2_TYPELESS	ResourceId::20143
3010	ps	miHoYo/Scene/Lit_Television	672	0	ResourceId::20147:TempBuffer 243 1024x428:1024x428:R16G16B16A16_TYPELESS;ResourceId::20151:TempBuffer 244 1024x428:1024x428:R8G8B8A8_TYPELESS;ResourceId::20159:TempBuffer 246 1024x428:1024x428:R10G10B10A2_TYPELESS;ResourceId::20155:TempBuffer 245 1024x428:1024x428:R10G10B10A2_TYPELESS	ResourceId::20143
3015	ps	miHoYo/Scene/Lit_Television	672	0	ResourceId::20147:TempBuffer 243 1024x428:1024x428:R16G16B16A16_TYPELESS;ResourceId::20151:TempBuffer 244 1024x428:1024x428:R8G8B8A8_TYPELESS;ResourceId::20159:TempBuffer 246 1024x428:1024x428:R10G10B10A2_TYPELESS;ResourceId::20155:TempBuffer 245 1024x428:1024x428:R10G10B10A2_TYPELESS	ResourceId::20143
3020	ps	miHoYo/Scene/Lit_Television	672	0	ResourceId::20147:TempBuffer 243 1024x428:1024x428:R16G16B16A16_TYPELESS;ResourceId::20151:TempBuffer 244 1024x428:1024x428:R8G8B8A8_TYPELESS;ResourceId::20159:TempBuffer 246 1024x428:1024x428:R10G10B10A2_TYPELESS;ResourceId::20155:TempBuffer 245 1024x428:1024x428:R10G10B10A2_TYPELESS	ResourceId::20143
3025	ps	miHoYo/Scene/Lit_Television	672	0	ResourceId::20147:TempBuffer 243 1024x428:1024x428:R16G16B16A16_TYPELESS;ResourceId::20151:TempBuffer 244 1024x428:1024x428:R8G8B8A8_TYPELESS;ResourceId::20159:TempBuffer 246 1024x428:1024x428:R10G10B10A2_TYPELESS;ResourceId::20155:TempBuffer 245 1024x428:1024x428:R10G10B10A2_TYPELESS	ResourceId::20143
3049	ps	miHoYo/Scene/Lit_PropFXSimplify	1344	0	ResourceId::20147:TempBuffer 243 1024x428:1024x428:R16G16B16A16_TYPELESS;ResourceId::20151:TempBuffer 244 1024x428:1024x428:R8G8B8A8_TYPELESS;ResourceId::20159:TempBuffer 246 1024x428:1024x428:R10G10B10A2_TYPELESS;ResourceId::20155:TempBuffer 245 1024x428:1024x428:R10G10B10A2_TYPELESS	ResourceId::20143
3058	ps	miHoYo/Scene/Lit_PropFXSimplify	1344	0	ResourceId::20147:TempBuffer 243 1024x428:1024x428:R16G16B16A16_TYPELESS;ResourceId::20151:TempBuffer 244 1024x428:1024x428:R8G8B8A8_TYPELESS;ResourceId::20159:TempBuffer 246 1024x428:1024x428:R10G10B10A2_TYPELESS;ResourceId::20155:TempBuffer 245 1024x428:1024x428:R10G10B10A2_TYPELESS	ResourceId::20143
3067	ps	miHoYo/Scene/Lit_PropFXSimplify	1344	0	ResourceId::20147:TempBuffer 243 1024x428:1024x428:R16G16B16A16_TYPELESS;ResourceId::20151:TempBuffer 244 1024x428:1024x428:R8G8B8A8_TYPELESS;ResourceId::20159:TempBuffer 246 1024x428:1024x428:R10G10B10A2_TYPELESS;ResourceId::20155:TempBuffer 245 1024x428:1024x428:R10G10B10A2_TYPELESS	ResourceId::20143
3076	ps	miHoYo/Scene/Lit_PropFXSimplify	1344	0	ResourceId::20147:TempBuffer 243 1024x428:1024x428:R16G16B16A16_TYPELESS;ResourceId::20151:TempBuffer 244 1024x428:1024x428:R8G8B8A8_TYPELESS;ResourceId::20159:TempBuffer 246 1024x428:1024x428:R10G10B10A2_TYPELESS;ResourceId::20155:TempBuffer 245 1024x428:1024x428:R10G10B10A2_TYPELESS	ResourceId::20143
3085	ps	miHoYo/Scene/Lit_PropFXSimplify	1344	0	ResourceId::20147:TempBuffer 243 1024x428:1024x428:R16G16B16A16_TYPELESS;ResourceId::20151:TempBuffer 244 1024x428:1024x428:R8G8B8A8_TYPELESS;ResourceId::20159:TempBuffer 246 1024x428:1024x428:R10G10B10A2_TYPELESS;ResourceId::20155:TempBuffer 245 1024x428:1024x428:R10G10B10A2_TYPELESS	ResourceId::20143
3094	ps	miHoYo/Scene/Lit_PropFXSimplify	1344	0	ResourceId::20147:TempBuffer 243 1024x428:1024x428:R16G16B16A16_TYPELESS;ResourceId::20151:TempBuffer 244 1024x428:1024x428:R8G8B8A8_TYPELESS;ResourceId::20159:TempBuffer 246 1024x428:1024x428:R10G10B10A2_TYPELESS;ResourceId::20155:TempBuffer 245 1024x428:1024x428:R10G10B10A2_TYPELESS	ResourceId::20143
3103	ps	miHoYo/Scene/Lit_PropFXSimplify	1344	0	ResourceId::20147:TempBuffer 243 1024x428:1024x428:R16G16B16A16_TYPELESS;ResourceId::20151:TempBuffer 244 1024x428:1024x428:R8G8B8A8_TYPELESS;ResourceId::20159:TempBuffer 246 1024x428:1024x428:R10G10B10A2_TYPELESS;ResourceId::20155:TempBuffer 245 1024x428:1024x428:R10G10B10A2_TYPELESS	ResourceId::20143
3112	ps	miHoYo/Scene/Lit_PropFXSimplify	1344	0	ResourceId::20147:TempBuffer 243 1024x428:1024x428:R16G16B16A16_TYPELESS;ResourceId::20151:TempBuffer 244 1024x428:1024x428:R8G8B8A8_TYPELESS;ResourceId::20159:TempBuffer 246 1024x428:1024x428:R10G10B10A2_TYPELESS;ResourceId::20155:TempBuffer 245 1024x428:1024x428:R10G10B10A2_TYPELESS	ResourceId::20143
3121	ps	miHoYo/Scene/Lit_PropFXSimplify	1344	0	ResourceId::20147:TempBuffer 243 1024x428:1024x428:R16G16B16A16_TYPELESS;ResourceId::20151:TempBuffer 244 1024x428:1024x428:R8G8B8A8_TYPELESS;ResourceId::20159:TempBuffer 246 1024x428:1024x428:R10G10B10A2_TYPELESS;ResourceId::20155:TempBuffer 245 1024x428:1024x428:R10G10B10A2_TYPELESS	ResourceId::20143
3130	ps	miHoYo/Scene/Lit_PropFXSimplify	1344	0	ResourceId::20147:TempBuffer 243 1024x428:1024x428:R16G16B16A16_TYPELESS;ResourceId::20151:TempBuffer 244 1024x428:1024x428:R8G8B8A8_TYPELESS;ResourceId::20159:TempBuffer 246 1024x428:1024x428:R10G10B10A2_TYPELESS;ResourceId::20155:TempBuffer 245 1024x428:1024x428:R10G10B10A2_TYPELESS	ResourceId::20143
3146	ps	Hidden/Universal Render Pipeline/ScreenSpaceShadows	3	0	ResourceId::20213:TempBuffer 250 256x107:256x107:R8_TYPELESS	ResourceId::0
3158	ps	Hidden/PostProcessing/Gaussian Blur	3	0	ResourceId::20194:TempBuffer 249 256x107:256x107:R8_TYPELESS	ResourceId::0
3168	ps	Hidden/PostProcessing/Gaussian Blur	3	0	ResourceId::20213:TempBuffer 250 256x107:256x107:R8_TYPELESS	ResourceId::0
3191	ps	Hidden/Universal Render Pipeline/ScreenSpaceShadows	3	0	ResourceId::20175:TempBuffer 248 1024x428:1024x428:R8_TYPELESS	ResourceId::0
3212	ps	Hidden/Universal Render Pipeline/DeferredShading	3	0	ResourceId::20232:TempBuffer 251 1024x428:1024x428:R16G16B16A16_TYPELESS	ResourceId::20143
3218	ps	Hidden/Universal Render Pipeline/DeferredShading	3	0	ResourceId::20232:TempBuffer 251 1024x428:1024x428:R16G16B16A16_TYPELESS	ResourceId::20143
3236	ps	Hidden/Universal Render Pipeline/DeferredShading	3	0	ResourceId::20232:TempBuffer 251 1024x428:1024x428:R16G16B16A16_TYPELESS	ResourceId::20143
3262	ps	miHoYo/Effects/PostLight	36	0	ResourceId::20232:TempBuffer 251 1024x428:1024x428:R16G16B16A16_TYPELESS	ResourceId::20143
3276	ps	miHoYo/Effects/PostLight	36	0	ResourceId::20232:TempBuffer 251 1024x428:1024x428:R16G16B16A16_TYPELESS	ResourceId::20143
3290	ps	miHoYo/Effects/PostLight	36	0	ResourceId::20232:TempBuffer 251 1024x428:1024x428:R16G16B16A16_TYPELESS	ResourceId::20143
3304	ps	miHoYo/Effects/PostLight	36	0	ResourceId::20232:TempBuffer 251 1024x428:1024x428:R16G16B16A16_TYPELESS	ResourceId::20143
3318	ps	miHoYo/Effects/PostLight	36	0	ResourceId::20232:TempBuffer 251 1024x428:1024x428:R16G16B16A16_TYPELESS	ResourceId::20143
3332	ps	miHoYo/Effects/PostLight	36	0	ResourceId::20232:TempBuffer 251 1024x428:1024x428:R16G16B16A16_TYPELESS	ResourceId::20143
3346	ps	miHoYo/Effects/PostLight	36	0	ResourceId::20232:TempBuffer 251 1024x428:1024x428:R16G16B16A16_TYPELESS	ResourceId::20143
3360	ps	miHoYo/Effects/PostLight	36	0	ResourceId::20232:TempBuffer 251 1024x428:1024x428:R16G16B16A16_TYPELESS	ResourceId::20143
3374	ps	miHoYo/Effects/PostLight	36	0	ResourceId::20232:TempBuffer 251 1024x428:1024x428:R16G16B16A16_TYPELESS	ResourceId::20143
3388	ps	miHoYo/Effects/PostLight	36	0	ResourceId::20232:TempBuffer 251 1024x428:1024x428:R16G16B16A16_TYPELESS	ResourceId::20143
3402	ps	miHoYo/Effects/PostLight	36	0	ResourceId::20232:TempBuffer 251 1024x428:1024x428:R16G16B16A16_TYPELESS	ResourceId::20143
3416	ps	miHoYo/Effects/PostLight	36	0	ResourceId::20232:TempBuffer 251 1024x428:1024x428:R16G16B16A16_TYPELESS	ResourceId::20143
3430	ps	miHoYo/Effects/PostLight	36	0	ResourceId::20232:TempBuffer 251 1024x428:1024x428:R16G16B16A16_TYPELESS	ResourceId::20143
3444	ps	miHoYo/Effects/PostLight	36	0	ResourceId::20232:TempBuffer 251 1024x428:1024x428:R16G16B16A16_TYPELESS	ResourceId::20143
3458	ps	miHoYo/Effects/PostLight	36	0	ResourceId::20232:TempBuffer 251 1024x428:1024x428:R16G16B16A16_TYPELESS	ResourceId::20143
3472	ps	miHoYo/Effects/PostLight	36	0	ResourceId::20232:TempBuffer 251 1024x428:1024x428:R16G16B16A16_TYPELESS	ResourceId::20143
3491	ps	Hidden/Universal Render Pipeline/DeferredShading	3	0	ResourceId::20232:TempBuffer 251 1024x428:1024x428:R16G16B16A16_TYPELESS	ResourceId::20143
3511	ps	Hidden/Universal Render Pipeline/DeferredShading	3	0	ResourceId::20232:TempBuffer 251 1024x428:1024x428:R16G16B16A16_TYPELESS	ResourceId::20143
3533	ps	miHoYo/Scene/NapSkybox	3	0	ResourceId::20232:TempBuffer 251 1024x428:1024x428:R16G16B16A16_TYPELESS	ResourceId::20143
3559	ps	Hidden/Universal Render Pipeline/DeferredShading	3	0	ResourceId::20124:TempBuffer 241 1024x428:1024x428:R16G16B16A16_TYPELESS	ResourceId::20143
3569	ps	Hidden/Universal Render Pipeline/DeferredShading	3	0	ResourceId::20124:TempBuffer 241 1024x428:1024x428:R16G16B16A16_TYPELESS	ResourceId::20143
3581	ps	Hidden/Universal Render Pipeline/DeferredShading	3	0	ResourceId::20124:TempBuffer 241 1024x428:1024x428:R16G16B16A16_TYPELESS	ResourceId::20143
3628	ps	miHoYo/Scene/Lit_Television	132	0	ResourceId::20124:TempBuffer 241 1024x428:1024x428:R16G16B16A16_TYPELESS	ResourceId::20143
3654	ps	miHoYo/Scene/Lit_Television	276	0	ResourceId::20124:TempBuffer 241 1024x428:1024x428:R16G16B16A16_TYPELESS	ResourceId::20143
3677	ps	miHoYo/Scene/Lit_Television	738	0	ResourceId::20124:TempBuffer 241 1024x428:1024x428:R16G16B16A16_TYPELESS	ResourceId::20143
3706	ps	miHoYo/Scene/Lit_Television	867	0	ResourceId::20124:TempBuffer 241 1024x428:1024x428:R16G16B16A16_TYPELESS	ResourceId::20143
3729	ps	miHoYo/Scene/Lit_Television	1968	0	ResourceId::20124:TempBuffer 241 1024x428:1024x428:R16G16B16A16_TYPELESS	ResourceId::20143
3759	ps	miHoYo/Scene/Lit_Television	14622	0	ResourceId::20124:TempBuffer 241 1024x428:1024x428:R16G16B16A16_TYPELESS	ResourceId::20143
3782	ps	miHoYo/Scene/Lit_Television	14622	0	ResourceId::20124:TempBuffer 241 1024x428:1024x428:R16G16B16A16_TYPELESS	ResourceId::20143
3808	ps	miHoYo/Scene/Lit_Television	14688	0	ResourceId::20124:TempBuffer 241 1024x428:1024x428:R16G16B16A16_TYPELESS	ResourceId::20143
3831	ps	miHoYo/Scene/Lit_Television	14688	0	ResourceId::20124:TempBuffer 241 1024x428:1024x428:R16G16B16A16_TYPELESS	ResourceId::20143
3868	ps	miHoYo/Scene/Lit_Television	408	0	ResourceId::20124:TempBuffer 241 1024x428:1024x428:R16G16B16A16_TYPELESS	ResourceId::20143
3903	ps	miHoYo/Scene/Lit_Television	672	0	ResourceId::20124:TempBuffer 241 1024x428:1024x428:R16G16B16A16_TYPELESS	ResourceId::20143
3926	ps	miHoYo/Scene/Lit_Television	672	0	ResourceId::20124:TempBuffer 241 1024x428:1024x428:R16G16B16A16_TYPELESS	ResourceId::20143
3949	ps	miHoYo/Scene/Lit_Television	672	0	ResourceId::20124:TempBuffer 241 1024x428:1024x428:R16G16B16A16_TYPELESS	ResourceId::20143
3972	ps	miHoYo/Scene/Lit_Television	672	0	ResourceId::20124:TempBuffer 241 1024x428:1024x428:R16G16B16A16_TYPELESS	ResourceId::20143
4001	ps	miHoYo/Scene/Lit_PropFXSimplify	1344	0	ResourceId::20124:TempBuffer 241 1024x428:1024x428:R16G16B16A16_TYPELESS	ResourceId::20143
4010	ps	miHoYo/Scene/Lit_PropFXSimplify	1344	0	ResourceId::20124:TempBuffer 241 1024x428:1024x428:R16G16B16A16_TYPELESS	ResourceId::20143
4019	ps	miHoYo/Scene/Lit_PropFXSimplify	1344	0	ResourceId::20124:TempBuffer 241 1024x428:1024x428:R16G16B16A16_TYPELESS	ResourceId::20143
4028	ps	miHoYo/Scene/Lit_PropFXSimplify	1344	0	ResourceId::20124:TempBuffer 241 1024x428:1024x428:R16G16B16A16_TYPELESS	ResourceId::20143
4037	ps	miHoYo/Scene/Lit_PropFXSimplify	1344	0	ResourceId::20124:TempBuffer 241 1024x428:1024x428:R16G16B16A16_TYPELESS	ResourceId::20143
4046	ps	miHoYo/Scene/Lit_PropFXSimplify	1344	0	ResourceId::20124:TempBuffer 241 1024x428:1024x428:R16G16B16A16_TYPELESS	ResourceId::20143
4055	ps	miHoYo/Scene/Lit_PropFXSimplify	1344	0	ResourceId::20124:TempBuffer 241 1024x428:1024x428:R16G16B16A16_TYPELESS	ResourceId::20143
4064	ps	miHoYo/Scene/Lit_PropFXSimplify	1344	0	ResourceId::20124:TempBuffer 241 1024x428:1024x428:R16G16B16A16_TYPELESS	ResourceId::20143
4073	ps	miHoYo/Scene/Lit_PropFXSimplify	1344	0	ResourceId::20124:TempBuffer 241 1024x428:1024x428:R16G16B16A16_TYPELESS	ResourceId::20143
4082	ps	miHoYo/Scene/Lit_PropFXSimplify	1344	0	ResourceId::20124:TempBuffer 241 1024x428:1024x428:R16G16B16A16_TYPELESS	ResourceId::20143
4103	ps	miHoYo/Scene/NapSkybox	3	0	ResourceId::20124:TempBuffer 241 1024x428:1024x428:R16G16B16A16_TYPELESS	ResourceId::20143
4130	ps	miHoYo/Character/NapAvatarNPCTransparent	72	1	ResourceId::20257:TempBuffer 252 1024x428:1024x428:R16G16B16A16_TYPELESS	ResourceId::20143
4169	ps	miHoYo/Character/NapAvatarNPCTransparent	72	1	ResourceId::20257:TempBuffer 252 1024x428:1024x428:R16G16B16A16_TYPELESS	ResourceId::20143
4208	ps	miHoYo/Scene/TransparentLit_V2	48	0	ResourceId::20257:TempBuffer 252 1024x428:1024x428:R16G16B16A16_TYPELESS	ResourceId::20143
4228	ps	miHoYo/Scene/TransparentLit_V2	48	0	ResourceId::20257:TempBuffer 252 1024x428:1024x428:R16G16B16A16_TYPELESS	ResourceId::20143
4266	ps	miHoYo/Character/NapAvatarStandardTransparent	12534	0	ResourceId::20257:TempBuffer 252 1024x428:1024x428:R16G16B16A16_TYPELESS	ResourceId::20143
4290	ps	miHoYo/Character/NapAvatarStandardTransparent	12534	0	ResourceId::20257:TempBuffer 252 1024x428:1024x428:R16G16B16A16_TYPELESS	ResourceId::20143
4316	ps	miHoYo/Character/NapAvatarStandardTransparent	12534	0	ResourceId::20257:TempBuffer 252 1024x428:1024x428:R16G16B16A16_TYPELESS	ResourceId::20143
4346	ps	miHoYo/Character/NapAvatarStandardTransparent	2700	0	ResourceId::20257:TempBuffer 252 1024x428:1024x428:R16G16B16A16_TYPELESS	ResourceId::20143
4370	ps	miHoYo/Character/NapAvatarStandardTransparent	2700	0	ResourceId::20257:TempBuffer 252 1024x428:1024x428:R16G16B16A16_TYPELESS	ResourceId::20143
4395	ps	miHoYo/Character/NapAvatarStandardTransparent	2700	0	ResourceId::20257:TempBuffer 252 1024x428:1024x428:R16G16B16A16_TYPELESS	ResourceId::20143
4417	ps	Hidden/Universal Render Pipeline/BlitForOffScreenParticles	6	0	ResourceId::20124:TempBuffer 241 1024x428:1024x428:R16G16B16A16_TYPELESS	ResourceId::20143
4438	ps	miHoYo/Particles/Particles_Dissolve_CustomColor_Mask	16023	0	ResourceId::20124:TempBuffer 241 1024x428:1024x428:R16G16B16A16_TYPELESS	ResourceId::20143
4446	ps	miHoYo/Particles/Particles_Dissolve_CustomColor_Mask	18762	0	ResourceId::20124:TempBuffer 241 1024x428:1024x428:R16G16B16A16_TYPELESS	ResourceId::20143
4463	ps	Hidden/Universal Render Pipeline/SubpixelMorphologicalAntialiasing	6	0	ResourceId::20319:TempBuffer 255 1024x428:1024x428:R8G8B8A8_TYPELESS	ResourceId::20143
4479	ps	Hidden/Universal Render Pipeline/SubpixelMorphologicalAntialiasing	6	0	ResourceId::20300:TempBuffer 254 1024x428:1024x428:R8G8B8A8_TYPELESS	ResourceId::20143
4493	ps	Hidden/Universal Render Pipeline/SubpixelMorphologicalAntialiasing	6	0	ResourceId::20281:TempBuffer 253 1024x428:1024x428:R16G16B16A16_TYPELESS	ResourceId::0
4519	ps	Hidden/Universal Render Pipeline/UberPost	6	0	ResourceId::11600:TempBuffer 204 1024x428:1024x428:R8G8B8A8_TYPELESS	ResourceId::0
4543	ps	miHoYo/Scene/Login_Lit	36	13		ResourceId::20112
4559	ps	miHoYo/Scene/Lit_PropFXSimplify	1344	0		ResourceId::20112
4567	ps	miHoYo/Scene/Lit_PropFXSimplify	1344	0		ResourceId::20112
4575	ps	miHoYo/Scene/Lit_PropFXSimplify	1344	0		ResourceId::20112
4583	ps	miHoYo/Scene/Lit_PropFXSimplify	1344	0		ResourceId::20112
4591	ps	miHoYo/Scene/Lit_PropFXSimplify	1344	0		ResourceId::20112
4599	ps	miHoYo/Scene/Lit_PropFXSimplify	1344	0		ResourceId::20112
4607	ps	miHoYo/Scene/Lit_PropFXSimplify	1344	0		ResourceId::20112
4612	ps	miHoYo/Scene/Lit_PropFXSimplify	1344	0		ResourceId::20112
4620	ps	miHoYo/Scene/Lit_PropFXSimplify	1344	0		ResourceId::20112
4628	ps	miHoYo/Scene/Lit_PropFXSimplify	1344	0		ResourceId::20112
4644	ps	miHoYo/Scene/Lit_ShadowProxy	504	1		ResourceId::20112
4648	ps	miHoYo/Scene/Lit_ShadowProxy	1335	1		ResourceId::20112
4652	ps	miHoYo/Scene/Lit_ShadowProxy	1260	1		ResourceId::20112
4656	ps	miHoYo/Scene/Lit_ShadowProxy	318	1		ResourceId::20112
4660	ps	miHoYo/Scene/Lit_ShadowProxy	4434	1		ResourceId::20112
4664	ps	miHoYo/Scene/Lit_ShadowProxy	114	1		ResourceId::20112
4668	ps	miHoYo/Scene/Lit_ShadowProxy	36	1		ResourceId::20112
4685	ps	miHoYo/Scene/Lit	306	1		ResourceId::20112
4690	ps	miHoYo/Scene/Lit	1215	1		ResourceId::20112
4695	ps	miHoYo/Scene/Lit	888	1		ResourceId::20112
4700	ps	miHoYo/Scene/Lit	93	1		ResourceId::20112
4705	ps	miHoYo/Scene/Lit	480	1		ResourceId::20112
4710	ps	miHoYo/Scene/Lit	1800	1		ResourceId::20112
4716	ps	miHoYo/Scene/Lit	27018	1		ResourceId::20112
4720	ps	miHoYo/Scene/Lit	27531	1		ResourceId::20112
4725	ps	miHoYo/Scene/Lit	3114	1		ResourceId::20112
4747	ps	miHoYo/Scene/Lit_Television	672	0		ResourceId::20112
4752	ps	miHoYo/Scene/Lit_Television	672	0		ResourceId::20112
4757	ps	miHoYo/Scene/Lit_Television	672	0		ResourceId::20112
4762	ps	miHoYo/Scene/Lit_Television	672	0		ResourceId::20112
4767	ps	miHoYo/Scene/Lit_Television	672	0		ResourceId::20112
4772	ps	miHoYo/Scene/Lit_Television	672	0		ResourceId::20112
4787	ps	miHoYo/Scene/Login_Lit	36	16		ResourceId::20112
4803	ps	miHoYo/Scene/Lit_PropFXSimplify	1344	0		ResourceId::20112
4811	ps	miHoYo/Scene/Lit_PropFXSimplify	1344	0		ResourceId::20112
4816	ps	miHoYo/Scene/Lit_PropFXSimplify	1344	0		ResourceId::20112
4824	ps	miHoYo/Scene/Lit_PropFXSimplify	1344	0		ResourceId::20112
4832	ps	miHoYo/Scene/Lit_PropFXSimplify	1344	0		ResourceId::20112
4840	ps	miHoYo/Scene/Lit_PropFXSimplify	1344	0		ResourceId::20112
4848	ps	miHoYo/Scene/Lit_PropFXSimplify	1344	0		ResourceId::20112
4856	ps	miHoYo/Scene/Lit_PropFXSimplify	1344	0		ResourceId::20112
4864	ps	miHoYo/Scene/Lit_PropFXSimplify	1344	0		ResourceId::20112
4872	ps	miHoYo/Scene/Lit_PropFXSimplify	1344	0		ResourceId::20112
4888	ps	miHoYo/Character/NapAvatarNPC	2370	1		ResourceId::20112
4905	ps	miHoYo/Character/NapAvatarNPC	342	1		ResourceId::20112
4910	ps	miHoYo/Character/NapAvatarNPC	468	1		ResourceId::20112
4925	ps	miHoYo/Character/NapAvatarNPC	564	1		ResourceId::20112
4940	ps	miHoYo/Character/NapAvatarNPC	8136	1		ResourceId::20112
4959	ps	miHoYo/Character/NapAvatarNPCFace	270	1		ResourceId::20112
4964	ps	miHoYo/Character/NapAvatarNPCFace	90	1		ResourceId::20112
4983	ps	miHoYo/Scene/Lit_ShadowProxy	4950	1		ResourceId::20112
4987	ps	miHoYo/Scene/Lit_ShadowProxy	5676	1		ResourceId::20112
4991	ps	miHoYo/Scene/Lit_ShadowProxy	504	1		ResourceId::20112
4995	ps	miHoYo/Scene/Lit_ShadowProxy	1335	1		ResourceId::20112
4999	ps	miHoYo/Scene/Lit_ShadowProxy	1260	1		ResourceId::20112
5003	ps	miHoYo/Scene/Lit_ShadowProxy	36	2		ResourceId::20112
5007	ps	miHoYo/Scene/Lit_ShadowProxy	318	1		ResourceId::20112
5011	ps	miHoYo/Scene/Lit_ShadowProxy	36	1		ResourceId::20112
5015	ps	miHoYo/Scene/Lit_ShadowProxy	4434	1		ResourceId::20112
5019	ps	miHoYo/Scene/Lit_ShadowProxy	114	1		ResourceId::20112
5023	ps	miHoYo/Scene/Lit_ShadowProxy	36	1		ResourceId::20112
5027	ps	miHoYo/Scene/Lit_ShadowProxy	36	1		ResourceId::20112
5031	ps	miHoYo/Scene/Lit_ShadowProxy	36	1		ResourceId::20112
5035	ps	miHoYo/Scene/Lit_ShadowProxy	36	1		ResourceId::20112
5039	ps	miHoYo/Scene/Lit_ShadowProxy	36	1		ResourceId::20112
5043	ps	miHoYo/Scene/Lit_ShadowProxy	162	7		ResourceId::20112
5047	ps	miHoYo/Scene/Lit_ShadowProxy	3264	3		ResourceId::20112
5051	ps	miHoYo/Scene/Lit_ShadowProxy	3252	3		ResourceId::20112
5055	ps	miHoYo/Scene/Lit_ShadowProxy	36	1		ResourceId::20112
5075	ps	miHoYo/Character/NapAvatarNPCFace	3576	1		ResourceId::20112
5094	ps	miHoYo/Scene/Lit	306	1		ResourceId::20112
5099	ps	miHoYo/Scene/Lit	1215	1		ResourceId::20112
5104	ps	miHoYo/Scene/Lit	888	1		ResourceId::20112
5110	ps	miHoYo/Scene/Lit	2709	6		ResourceId::20112
5116	ps	miHoYo/Scene/Lit	93	1		ResourceId::20112
5121	ps	miHoYo/Scene/Lit	480	1		ResourceId::20112
5136	ps	miHoYo/Scene/Lit	732	1		ResourceId::20112
5151	ps	miHoYo/Scene/Lit	684	1		ResourceId::20112
5157	ps	miHoYo/Scene/Lit	1800	1		ResourceId::20112
5163	ps	miHoYo/Scene/Lit	36	1		ResourceId::20112
5169	ps	miHoYo/Scene/Lit	27018	1		ResourceId::20112
5173	ps	miHoYo/Scene/Lit	27531	1		ResourceId::20112
5178	ps	miHoYo/Scene/Lit	3114	1		ResourceId::20112
5195	ps	miHoYo/Scene/Lit	732	1		ResourceId::20112
5245	cs	LoopSubdivision.AllInOne	0	0		ResourceId::20112
5266	cs	LoopSubdivision.EdgeAllInOne	0	0		ResourceId::20112
5283	cs	LoopSubdivision.FillIndexBuffer	0	0		ResourceId::20112
5305	cs	LoopSubdivision.AllInOne	0	0		ResourceId::20112
5326	cs	LoopSubdivision.EdgeAllInOne	0	0		ResourceId::20112
5344	cs	LoopSubdivision.FillIndexBuffer	0	0		ResourceId::20112
5366	cs	LoopSubdivision.AllInOne	0	0		ResourceId::20112
5387	cs	LoopSubdivision.EdgeAllInOne	0	0		ResourceId::20112
5405	cs	LoopSubdivision.FillIndexBuffer	0	0		ResourceId::20112
5427	cs	LoopSubdivision.AllInOne	0	0		ResourceId::20112
5448	cs	LoopSubdivision.EdgeAllInOne	0	0		ResourceId::20112
5466	cs	LoopSubdivision.FillIndexBuffer	0	0		ResourceId::20112
5488	cs	LoopSubdivision.AllInOne	0	0		ResourceId::20112
5509	cs	LoopSubdivision.EdgeAllInOne	0	0		ResourceId::20112
5527	cs	LoopSubdivision.FillIndexBuffer	0	0		ResourceId::20112
5549	cs	LoopSubdivision.AllInOne	0	0		ResourceId::20112
5570	cs	LoopSubdivision.EdgeAllInOne	0	0		ResourceId::20112
5587	cs	LoopSubdivision.FillIndexBuffer	0	0		ResourceId::20112
5609	ps	miHoYo/Character/NapAvatarStandardFace	120	0		ResourceId::20491
5612	ps	miHoYo/Character/NapAvatarStandardFace	7116	0		ResourceId::20491
5615	ps	miHoYo/Character/NapAvatarStandardFace	2286	0		ResourceId::20491
5624	ps	miHoYo/Character/NapAvatarStandard	16590	0		ResourceId::20491
5627	ps	miHoYo/Character/NapAvatarStandard	11451	0		ResourceId::20491
5633	ps	miHoYo/Character/NapAvatarStandard	56376	0		ResourceId::20491
5637	ps	miHoYo/Character/NapAvatarStandard	42927	0		ResourceId::20491
5642	ps	miHoYo/Character/NapAvatarStandard	20472	0		ResourceId::20491
5655	ps	miHoYo/Character/NapAvatarNPC	37920	0		ResourceId::20491
5660	ps	miHoYo/Character/NapAvatarNPC	17103	0		ResourceId::20491
5666	ps	miHoYo/Character/NapAvatarNPC	960	0		ResourceId::20491
5677	ps	miHoYo/Character/NapAvatarNPCFace	9570	0		ResourceId::20491
5686	ps	miHoYo/Character/NapAvatarNPC	972	0		ResourceId::20491
5695	ps	miHoYo/Character/NapAvatarNPC	37920	0		ResourceId::20491
5700	ps	miHoYo/Character/NapAvatarNPC	17103	0		ResourceId::20491
5706	ps	miHoYo/Character/NapAvatarNPC	960	0		ResourceId::20491
5715	ps	miHoYo/Character/NapAvatarNPCFace	9570	0		ResourceId::20491
5724	ps	miHoYo/Character/NapAvatarNPC	972	0		ResourceId::20491
5734	ps	miHoYo/Character/NapAvatarNPC	186	0		ResourceId::20491
5740	ps	miHoYo/Character/NapAvatarNPC	7524	0		ResourceId::20491
5751	ps	miHoYo/Character/NapAvatarNPCFace	4353	0		ResourceId::20491
5756	ps	miHoYo/Character/NapAvatarNPCFace	120	0		ResourceId::20491
5759	ps	miHoYo/Character/NapAvatarNPCFace	168	0		ResourceId::20491
5768	ps	miHoYo/Character/NapAvatarNPC	6456	0		ResourceId::20491
5776	ps	miHoYo/Character/NapAvatarNPC	3477	0		ResourceId::20491
5787	ps	miHoYo/Character/NapAvatarNPC	11517	0		ResourceId::20491
5793	ps	miHoYo/Character/NapAvatarNPC	1836	0		ResourceId::20491
5806	ps	miHoYo/Character/NapAvatarStandard	432	0		ResourceId::20491
5812	ps	miHoYo/Character/NapAvatarStandard	8274	0		ResourceId::20491
5821	ps	miHoYo/Character/NapAvatarStandard	432	0		ResourceId::20491
5827	ps	miHoYo/Character/NapAvatarStandard	8274	0		ResourceId::20491
5842	ps	GraphicsSample/BlitDepth	60	0		ResourceId::3310
5861	ps	miHoYo/Character/NapAvatarStandard	20472	1		ResourceId::3310
5876	ps	miHoYo/Character/NapAvatarStandard	56376	1		ResourceId::3310
5882	ps	miHoYo/Character/NapAvatarStandard	42927	1		ResourceId::3310
5905	ps	miHoYo/Scene/Lit_PropFXSimplify	1344	0		ResourceId::3310
5913	ps	miHoYo/Scene/Lit_PropFXSimplify	1344	0		ResourceId::3310
5921	ps	miHoYo/Scene/Lit_PropFXSimplify	1344	0		ResourceId::3310
5929	ps	miHoYo/Scene/Lit_PropFXSimplify	1344	0		ResourceId::3310
5937	ps	miHoYo/Scene/Lit_PropFXSimplify	1344	0		ResourceId::3310
5945	ps	miHoYo/Scene/Lit_PropFXSimplify	1344	0		ResourceId::3310
5953	ps	miHoYo/Scene/Lit_PropFXSimplify	1344	0		ResourceId::3310
5961	ps	miHoYo/Scene/Lit_PropFXSimplify	1344	0		ResourceId::3310
5969	ps	miHoYo/Scene/Lit_PropFXSimplify	1344	0		ResourceId::3310
5977	ps	miHoYo/Scene/Lit_PropFXSimplify	1344	0		ResourceId::3310
5991	ps	miHoYo/Character/NapAvatarStandard	20472	1		ResourceId::3310
6010	ps	miHoYo/Character/NapAvatarNPC	2370	1		ResourceId::3310
6026	ps	miHoYo/Character/NapAvatarNPC	6456	1		ResourceId::3310
6041	ps	miHoYo/Character/NapAvatarNPC	186	1		ResourceId::3310
6047	ps	miHoYo/Character/NapAvatarNPC	7524	1		ResourceId::3310
6062	ps	miHoYo/Character/NapAvatarNPC	342	1		ResourceId::3310
6067	ps	miHoYo/Character/NapAvatarNPC	468	1		ResourceId::3310
6084	ps	miHoYo/Character/NapAvatarNPCFace	120	1		ResourceId::3310
6089	ps	miHoYo/Character/NapAvatarNPCFace	168	1		ResourceId::3310
6104	ps	miHoYo/Character/NapAvatarNPCFace	9570	1		ResourceId::3310
6109	ps	miHoYo/Character/NapAvatarNPCFace	9570	1		ResourceId::3310
6126	ps	miHoYo/Character/NapAvatarNPC	1836	1		ResourceId::3310
6131	ps	miHoYo/Character/NapAvatarNPC	8136	1		ResourceId::3310
6146	ps	miHoYo/Character/NapAvatarNPC	11517	1		ResourceId::3310
6163	ps	miHoYo/Character/NapAvatarStandard	8274	1		ResourceId::3310
6168	ps	miHoYo/Character/NapAvatarStandard	8274	1		ResourceId::3310
6182	ps	miHoYo/Character/NapAvatarStandard	11451	1		ResourceId::3310
6199	ps	miHoYo/Character/NapAvatarNPC	37920	1		ResourceId::3310
6204	ps	miHoYo/Character/NapAvatarNPC	17103	1		ResourceId::3310
6210	ps	miHoYo/Character/NapAvatarNPC	960	1		ResourceId::3310
6216	ps	miHoYo/Character/NapAvatarNPC	972	1		ResourceId::3310
6221	ps	miHoYo/Character/NapAvatarNPC	37920	1		ResourceId::3310
6226	ps	miHoYo/Character/NapAvatarNPC	17103	1		ResourceId::3310
6232	ps	miHoYo/Character/NapAvatarNPC	960	1		ResourceId::3310
6237	ps	miHoYo/Character/NapAvatarNPC	972	1		ResourceId::3310
6254	ps	miHoYo/Character/NapAvatarStandard	16590	1		ResourceId::3310
6273	ps	miHoYo/Character/NapAvatarNPCFace	4353	1		ResourceId::3310
6292	ps	miHoYo/Character/NapAvatarNPC	3477	1		ResourceId::3310
6309	ps	miHoYo/Character/NapAvatarStandardFace	7116	1		ResourceId::3310
6326	ps	miHoYo/Character/NapAvatarStandard	432	1		ResourceId::3310
6331	ps	miHoYo/Character/NapAvatarStandard	432	1		ResourceId::3310
6346	ps	miHoYo/Character/NapAvatarStandard	56376	1		ResourceId::3310
6352	ps	miHoYo/Character/NapAvatarStandard	42927	1		ResourceId::3310
6375	ps	miHoYo/Scene/Lit_PropFXSimplify	1344	0		ResourceId::3310
6383	ps	miHoYo/Scene/Lit_PropFXSimplify	1344	0		ResourceId::3310
6391	ps	miHoYo/Scene/Lit_PropFXSimplify	1344	0		ResourceId::3310
6399	ps	miHoYo/Scene/Lit_PropFXSimplify	1344	0		ResourceId::3310
6407	ps	miHoYo/Scene/Lit_PropFXSimplify	1344	0		ResourceId::3310
6415	ps	miHoYo/Scene/Lit_PropFXSimplify	1344	0		ResourceId::3310
6423	ps	miHoYo/Scene/Lit_PropFXSimplify	1344	0		ResourceId::3310
6431	ps	miHoYo/Scene/Lit_PropFXSimplify	1344	0		ResourceId::3310
6439	ps	miHoYo/Scene/Lit_PropFXSimplify	1344	0		ResourceId::3310
6447	ps	miHoYo/Scene/Lit_PropFXSimplify	1344	0		ResourceId::3310
6461	ps	miHoYo/Character/NapAvatarNPC	2370	1		ResourceId::3310
6477	ps	miHoYo/Character/NapAvatarNPC	6456	1		ResourceId::3310
6492	ps	miHoYo/Character/NapAvatarNPC	186	1		ResourceId::3310
6498	ps	miHoYo/Character/NapAvatarNPC	7524	1		ResourceId::3310
6513	ps	miHoYo/Character/NapAvatarNPC	342	1		ResourceId::3310
6518	ps	miHoYo/Character/NapAvatarNPC	468	1		ResourceId::3310
6537	ps	miHoYo/Character/NapAvatarNPCFace	120	1		ResourceId::3310
6542	ps	miHoYo/Character/NapAvatarNPCFace	168	1		ResourceId::3310
6557	ps	miHoYo/Character/NapAvatarNPCFace	9570	1		ResourceId::3310
6562	ps	miHoYo/Character/NapAvatarNPCFace	9570	1		ResourceId::3310
6579	ps	miHoYo/Character/NapAvatarNPC	564	1		ResourceId::3310
6594	ps	miHoYo/Character/NapAvatarNPC	8136	1		ResourceId::3310
6611	ps	miHoYo/Character/NapAvatarStandard	8274	1		ResourceId::3310
6616	ps	miHoYo/Character/NapAvatarStandard	8274	1		ResourceId::3310
6633	ps	miHoYo/Character/NapAvatarNPC	37920	1		ResourceId::3310
6638	ps	miHoYo/Character/NapAvatarNPC	17103	1		ResourceId::3310
6644	ps	miHoYo/Character/NapAvatarNPC	960	1		ResourceId::3310
6650	ps	miHoYo/Character/NapAvatarNPC	972	1		ResourceId::3310
6655	ps	miHoYo/Character/NapAvatarNPC	37920	1		ResourceId::3310
6660	ps	miHoYo/Character/NapAvatarNPC	17103	1		ResourceId::3310
6666	ps	miHoYo/Character/NapAvatarNPC	960	1		ResourceId::3310
6671	ps	miHoYo/Character/NapAvatarNPC	972	1		ResourceId::3310
6688	ps	miHoYo/Character/NapAvatarNPCFace	270	1		ResourceId::3310
6693	ps	miHoYo/Character/NapAvatarNPCFace	90	1		ResourceId::3310
6709	ps	miHoYo/Character/NapAvatarNPCFace	4353	1		ResourceId::3310
6728	ps	miHoYo/Character/NapAvatarNPC	3477	1		ResourceId::3310
6745	ps	miHoYo/Character/NapAvatarNPCFace	3576	1		ResourceId::3310
6762	ps	miHoYo/Character/NapAvatarStandard	432	1		ResourceId::3310
6767	ps	miHoYo/Character/NapAvatarStandard	432	1		ResourceId::3310
6792	ps	miHoYo/Character/NapAvatarNPC	1836	1		ResourceId::3310
6807	ps	miHoYo/Character/NapAvatarNPC	11517	1		ResourceId::3310
6829	ps	miHoYo/Character/NapAvatarStandard	8274	1		ResourceId::3310
6850	ps	miHoYo/Character/NapAvatarStandard	8274	1		ResourceId::3310
6855	ps	miHoYo/Character/NapAvatarStandard	8274	1		ResourceId::3310
6873	ps	Hidden/GenerateSkyLut	3	0	ResourceId::9569:skyLut_512x64_ARGB32:512x64:R8G8B8A8_TYPELESS	ResourceId::0
6884	ps	Hidden/GenerateSkyLut	3	0	ResourceId::9573:skyAngleLut_256x256_R16:256x256:R16_TYPELESS	ResourceId::0
6915	ps	Hidden/Universal Render Pipeline/LutBuilderHdr	6	0	ResourceId::9667:InternalLut_Char_1024x32_ARGBHalf:1024x32:R16G16B16A16_TYPELESS	ResourceId::0
6939	ps	Hidden/Universal Render Pipeline/LutBuilderHdr	6	0	ResourceId::9671:InternalLut_Scene_1024x32_ARGBHalf:1024x32:R16G16B16A16_TYPELESS	ResourceId::0
6953	ps	Hidden/PostProcessing/Gaussian Blur	3	0	ResourceId::20495:TempBuffer 262 1024x428:1024x428:R8G8B8A8_TYPELESS	ResourceId::0
6963	ps	Hidden/PostProcessing/Gaussian Blur	3	0	ResourceId::11600:TempBuffer 204 1024x428:1024x428:R8G8B8A8_TYPELESS	ResourceId::0
6994	cs	NapEntityPrepare.NapEntityPrepareDev2	0	0	ResourceId::11600:TempBuffer 204 1024x428:1024x428:R8G8B8A8_TYPELESS	ResourceId::0
7030	ps	miHoYo/Character/NapAvatarNPC	6456	1	ResourceId::20788:TempBuffer 321 3432x1440:3432x1440:R16G16B16A16_TYPELESS;ResourceId::20538:TempBuffer 264 3432x1440:3432x1440:R8G8B8A8_TYPELESS;ResourceId::20546:TempBuffer 266 3432x1440:3432x1440:R10G10B10A2_TYPELESS;ResourceId::20542:TempBuffer 265 3432x1440:3432x1440:R10G10B10A2_TYPELESS	ResourceId::20367
7051	ps	miHoYo/Character/NapAvatarNPC	468	1	ResourceId::20788:TempBuffer 321 3432x1440:3432x1440:R16G16B16A16_TYPELESS;ResourceId::20538:TempBuffer 264 3432x1440:3432x1440:R8G8B8A8_TYPELESS;ResourceId::20546:TempBuffer 266 3432x1440:3432x1440:R10G10B10A2_TYPELESS;ResourceId::20542:TempBuffer 265 3432x1440:3432x1440:R10G10B10A2_TYPELESS	ResourceId::20367
7060	ps	miHoYo/Character/NapAvatarNPC	2370	1	ResourceId::20788:TempBuffer 321 3432x1440:3432x1440:R16G16B16A16_TYPELESS;ResourceId::20538:TempBuffer 264 3432x1440:3432x1440:R8G8B8A8_TYPELESS;ResourceId::20546:TempBuffer 266 3432x1440:3432x1440:R10G10B10A2_TYPELESS;ResourceId::20542:TempBuffer 265 3432x1440:3432x1440:R10G10B10A2_TYPELESS	ResourceId::20367
7081	ps	miHoYo/Character/NapAvatarNPC	7524	1	ResourceId::20788:TempBuffer 321 3432x1440:3432x1440:R16G16B16A16_TYPELESS;ResourceId::20538:TempBuffer 264 3432x1440:3432x1440:R8G8B8A8_TYPELESS;ResourceId::20546:TempBuffer 266 3432x1440:3432x1440:R10G10B10A2_TYPELESS;ResourceId::20542:TempBuffer 265 3432x1440:3432x1440:R10G10B10A2_TYPELESS	ResourceId::20367
7101	ps	miHoYo/Character/NapAvatarNPC	8136	1	ResourceId::20788:TempBuffer 321 3432x1440:3432x1440:R16G16B16A16_TYPELESS;ResourceId::20538:TempBuffer 264 3432x1440:3432x1440:R8G8B8A8_TYPELESS;ResourceId::20546:TempBuffer 266 3432x1440:3432x1440:R10G10B10A2_TYPELESS;ResourceId::20542:TempBuffer 265 3432x1440:3432x1440:R10G10B10A2_TYPELESS	ResourceId::20367
7147	ps	miHoYo/Character/NapAvatarNPC	11517	1	ResourceId::20788:TempBuffer 321 3432x1440:3432x1440:R16G16B16A16_TYPELESS;ResourceId::20538:TempBuffer 264 3432x1440:3432x1440:R8G8B8A8_TYPELESS;ResourceId::20546:TempBuffer 266 3432x1440:3432x1440:R10G10B10A2_TYPELESS;ResourceId::20542:TempBuffer 265 3432x1440:3432x1440:R10G10B10A2_TYPELESS	ResourceId::20367
7184	ps	miHoYo/Character/NapAvatarNPC	972	1	ResourceId::20788:TempBuffer 321 3432x1440:3432x1440:R16G16B16A16_TYPELESS;ResourceId::20538:TempBuffer 264 3432x1440:3432x1440:R8G8B8A8_TYPELESS;ResourceId::20546:TempBuffer 266 3432x1440:3432x1440:R10G10B10A2_TYPELESS;ResourceId::20542:TempBuffer 265 3432x1440:3432x1440:R10G10B10A2_TYPELESS	ResourceId::20367
7193	ps	miHoYo/Character/NapAvatarNPC	960	1	ResourceId::20788:TempBuffer 321 3432x1440:3432x1440:R16G16B16A16_TYPELESS;ResourceId::20538:TempBuffer 264 3432x1440:3432x1440:R8G8B8A8_TYPELESS;ResourceId::20546:TempBuffer 266 3432x1440:3432x1440:R10G10B10A2_TYPELESS;ResourceId::20542:TempBuffer 265 3432x1440:3432x1440:R10G10B10A2_TYPELESS	ResourceId::20367
7202	ps	miHoYo/Character/NapAvatarNPC	17103	1	ResourceId::20788:TempBuffer 321 3432x1440:3432x1440:R16G16B16A16_TYPELESS;ResourceId::20538:TempBuffer 264 3432x1440:3432x1440:R8G8B8A8_TYPELESS;ResourceId::20546:TempBuffer 266 3432x1440:3432x1440:R10G10B10A2_TYPELESS;ResourceId::20542:TempBuffer 265 3432x1440:3432x1440:R10G10B10A2_TYPELESS	ResourceId::20367
7211	ps	miHoYo/Character/NapAvatarNPC	37920	1	ResourceId::20788:TempBuffer 321 3432x1440:3432x1440:R16G16B16A16_TYPELESS;ResourceId::20538:TempBuffer 264 3432x1440:3432x1440:R8G8B8A8_TYPELESS;ResourceId::20546:TempBuffer 266 3432x1440:3432x1440:R10G10B10A2_TYPELESS;ResourceId::20542:TempBuffer 265 3432x1440:3432x1440:R10G10B10A2_TYPELESS	ResourceId::20367
7221	ps	miHoYo/Character/NapAvatarNPC	972	1	ResourceId::20788:TempBuffer 321 3432x1440:3432x1440:R16G16B16A16_TYPELESS;ResourceId::20538:TempBuffer 264 3432x1440:3432x1440:R8G8B8A8_TYPELESS;ResourceId::20546:TempBuffer 266 3432x1440:3432x1440:R10G10B10A2_TYPELESS;ResourceId::20542:TempBuffer 265 3432x1440:3432x1440:R10G10B10A2_TYPELESS	ResourceId::20367
7229	ps	miHoYo/Character/NapAvatarNPC	960	1	ResourceId::20788:TempBuffer 321 3432x1440:3432x1440:R16G16B16A16_TYPELESS;ResourceId::20538:TempBuffer 264 3432x1440:3432x1440:R8G8B8A8_TYPELESS;ResourceId::20546:TempBuffer 266 3432x1440:3432x1440:R10G10B10A2_TYPELESS;ResourceId::20542:TempBuffer 265 3432x1440:3432x1440:R10G10B10A2_TYPELESS	ResourceId::20367
7238	ps	miHoYo/Character/NapAvatarNPC	17103	1	ResourceId::20788:TempBuffer 321 3432x1440:3432x1440:R16G16B16A16_TYPELESS;ResourceId::20538:TempBuffer 264 3432x1440:3432x1440:R8G8B8A8_TYPELESS;ResourceId::20546:TempBuffer 266 3432x1440:3432x1440:R10G10B10A2_TYPELESS;ResourceId::20542:TempBuffer 265 3432x1440:3432x1440:R10G10B10A2_TYPELESS	ResourceId::20367
7247	ps	miHoYo/Character/NapAvatarNPC	37920	1	ResourceId::20788:TempBuffer 321 3432x1440:3432x1440:R16G16B16A16_TYPELESS;ResourceId::20538:TempBuffer 264 3432x1440:3432x1440:R8G8B8A8_TYPELESS;ResourceId::20546:TempBuffer 266 3432x1440:3432x1440:R10G10B10A2_TYPELESS;ResourceId::20542:TempBuffer 265 3432x1440:3432x1440:R10G10B10A2_TYPELESS	ResourceId::20367
7285	ps	miHoYo/Character/NapAvatarNPC	1836	1	ResourceId::20788:TempBuffer 321 3432x1440:3432x1440:R16G16B16A16_TYPELESS;ResourceId::20538:TempBuffer 264 3432x1440:3432x1440:R8G8B8A8_TYPELESS;ResourceId::20546:TempBuffer 266 3432x1440:3432x1440:R10G10B10A2_TYPELESS;ResourceId::20542:TempBuffer 265 3432x1440:3432x1440:R10G10B10A2_TYPELESS	ResourceId::20367
7325	ps	miHoYo/Character/NapAvatarStandard	8274	1	ResourceId::20788:TempBuffer 321 3432x1440:3432x1440:R16G16B16A16_TYPELESS;ResourceId::20538:TempBuffer 264 3432x1440:3432x1440:R8G8B8A8_TYPELESS;ResourceId::20546:TempBuffer 266 3432x1440:3432x1440:R10G10B10A2_TYPELESS;ResourceId::20542:TempBuffer 265 3432x1440:3432x1440:R10G10B10A2_TYPELESS	ResourceId::20367
7334	ps	miHoYo/Character/NapAvatarStandard	8274	1	ResourceId::20788:TempBuffer 321 3432x1440:3432x1440:R16G16B16A16_TYPELESS;ResourceId::20538:TempBuffer 264 3432x1440:3432x1440:R8G8B8A8_TYPELESS;ResourceId::20546:TempBuffer 266 3432x1440:3432x1440:R10G10B10A2_TYPELESS;ResourceId::20542:TempBuffer 265 3432x1440:3432x1440:R10G10B10A2_TYPELESS	ResourceId::20367
7367	ps	miHoYo/Character/NapAvatarStandard	24279	1	ResourceId::20788:TempBuffer 321 3432x1440:3432x1440:R16G16B16A16_TYPELESS;ResourceId::20538:TempBuffer 264 3432x1440:3432x1440:R8G8B8A8_TYPELESS;ResourceId::20546:TempBuffer 266 3432x1440:3432x1440:R10G10B10A2_TYPELESS;ResourceId::20542:TempBuffer 265 3432x1440:3432x1440:R10G10B10A2_TYPELESS	ResourceId::20367
7393	ps	miHoYo/Character/NapAvatarStandard	47931	1	ResourceId::20788:TempBuffer 321 3432x1440:3432x1440:R16G16B16A16_TYPELESS;ResourceId::20538:TempBuffer 264 3432x1440:3432x1440:R8G8B8A8_TYPELESS;ResourceId::20546:TempBuffer 266 3432x1440:3432x1440:R10G10B10A2_TYPELESS;ResourceId::20542:TempBuffer 265 3432x1440:3432x1440:R10G10B10A2_TYPELESS	ResourceId::20367
7414	ps	miHoYo/Character/NapAvatarStandard	63582	1	ResourceId::20788:TempBuffer 321 3432x1440:3432x1440:R16G16B16A16_TYPELESS;ResourceId::20538:TempBuffer 264 3432x1440:3432x1440:R8G8B8A8_TYPELESS;ResourceId::20546:TempBuffer 266 3432x1440:3432x1440:R10G10B10A2_TYPELESS;ResourceId::20542:TempBuffer 265 3432x1440:3432x1440:R10G10B10A2_TYPELESS	ResourceId::20367
7441	ps	miHoYo/Character/NapAvatarStandard	20472	1	ResourceId::20788:TempBuffer 321 3432x1440:3432x1440:R16G16B16A16_TYPELESS;ResourceId::20538:TempBuffer 264 3432x1440:3432x1440:R8G8B8A8_TYPELESS;ResourceId::20546:TempBuffer 266 3432x1440:3432x1440:R10G10B10A2_TYPELESS;ResourceId::20542:TempBuffer 265 3432x1440:3432x1440:R10G10B10A2_TYPELESS	ResourceId::20367
7476	ps	miHoYo/Character/NapAvatarNPC	6456	1	ResourceId::20788:TempBuffer 321 3432x1440:3432x1440:R16G16B16A16_TYPELESS;ResourceId::20538:TempBuffer 264 3432x1440:3432x1440:R8G8B8A8_TYPELESS;ResourceId::20546:TempBuffer 266 3432x1440:3432x1440:R10G10B10A2_TYPELESS;ResourceId::20542:TempBuffer 265 3432x1440:3432x1440:R10G10B10A2_TYPELESS	ResourceId::20367
7516	ps	miHoYo/Character/NapAvatarNPC	468	1	ResourceId::20788:TempBuffer 321 3432x1440:3432x1440:R16G16B16A16_TYPELESS;ResourceId::20538:TempBuffer 264 3432x1440:3432x1440:R8G8B8A8_TYPELESS;ResourceId::20546:TempBuffer 266 3432x1440:3432x1440:R10G10B10A2_TYPELESS;ResourceId::20542:TempBuffer 265 3432x1440:3432x1440:R10G10B10A2_TYPELESS	ResourceId::20367
7526	ps	miHoYo/Character/NapAvatarNPC	2370	1	ResourceId::20788:TempBuffer 321 3432x1440:3432x1440:R16G16B16A16_TYPELESS;ResourceId::20538:TempBuffer 264 3432x1440:3432x1440:R8G8B8A8_TYPELESS;ResourceId::20546:TempBuffer 266 3432x1440:3432x1440:R10G10B10A2_TYPELESS;ResourceId::20542:TempBuffer 265 3432x1440:3432x1440:R10G10B10A2_TYPELESS	ResourceId::20367
7562	ps	miHoYo/Character/NapAvatarNPC	7524	1	ResourceId::20788:TempBuffer 321 3432x1440:3432x1440:R16G16B16A16_TYPELESS;ResourceId::20538:TempBuffer 264 3432x1440:3432x1440:R8G8B8A8_TYPELESS;ResourceId::20546:TempBuffer 266 3432x1440:3432x1440:R10G10B10A2_TYPELESS;ResourceId::20542:TempBuffer 265 3432x1440:3432x1440:R10G10B10A2_TYPELESS	ResourceId::20367
7600	ps	miHoYo/Character/NapAvatarNPC	8136	1	ResourceId::20788:TempBuffer 321 3432x1440:3432x1440:R16G16B16A16_TYPELESS;ResourceId::20538:TempBuffer 264 3432x1440:3432x1440:R8G8B8A8_TYPELESS;ResourceId::20546:TempBuffer 266 3432x1440:3432x1440:R10G10B10A2_TYPELESS;ResourceId::20542:TempBuffer 265 3432x1440:3432x1440:R10G10B10A2_TYPELESS	ResourceId::20367
7638	ps	miHoYo/Character/NapAvatarNPCFace	9570	1	ResourceId::20788:TempBuffer 321 3432x1440:3432x1440:R16G16B16A16_TYPELESS;ResourceId::20538:TempBuffer 264 3432x1440:3432x1440:R8G8B8A8_TYPELESS;ResourceId::20546:TempBuffer 266 3432x1440:3432x1440:R10G10B10A2_TYPELESS;ResourceId::20542:TempBuffer 265 3432x1440:3432x1440:R10G10B10A2_TYPELESS	ResourceId::20367
7647	ps	miHoYo/Character/NapAvatarNPCFace	9570	1	ResourceId::20788:TempBuffer 321 3432x1440:3432x1440:R16G16B16A16_TYPELESS;ResourceId::20538:TempBuffer 264 3432x1440:3432x1440:R8G8B8A8_TYPELESS;ResourceId::20546:TempBuffer 266 3432x1440:3432x1440:R10G10B10A2_TYPELESS;ResourceId::20542:TempBuffer 265 3432x1440:3432x1440:R10G10B10A2_TYPELESS	ResourceId::20367
7678	ps	miHoYo/Character/NapAvatarStandardFace	7458	1	ResourceId::20788:TempBuffer 321 3432x1440:3432x1440:R16G16B16A16_TYPELESS;ResourceId::20538:TempBuffer 264 3432x1440:3432x1440:R8G8B8A8_TYPELESS;ResourceId::20546:TempBuffer 266 3432x1440:3432x1440:R10G10B10A2_TYPELESS;ResourceId::20542:TempBuffer 265 3432x1440:3432x1440:R10G10B10A2_TYPELESS	ResourceId::20367
7697	ps	miHoYo/Character/NapAvatarStandardFace	2694	1	ResourceId::20788:TempBuffer 321 3432x1440:3432x1440:R16G16B16A16_TYPELESS;ResourceId::20538:TempBuffer 264 3432x1440:3432x1440:R8G8B8A8_TYPELESS;ResourceId::20546:TempBuffer 266 3432x1440:3432x1440:R10G10B10A2_TYPELESS;ResourceId::20542:TempBuffer 265 3432x1440:3432x1440:R10G10B10A2_TYPELESS	ResourceId::20367
7713	ps	miHoYo/Character/NapAvatarStandardFace	120	1	ResourceId::20788:TempBuffer 321 3432x1440:3432x1440:R16G16B16A16_TYPELESS;ResourceId::20538:TempBuffer 264 3432x1440:3432x1440:R8G8B8A8_TYPELESS;ResourceId::20546:TempBuffer 266 3432x1440:3432x1440:R10G10B10A2_TYPELESS;ResourceId::20542:TempBuffer 265 3432x1440:3432x1440:R10G10B10A2_TYPELESS	ResourceId::20367
7742	ps	miHoYo/Character/NapAvatarStandard	15834	1	ResourceId::20788:TempBuffer 321 3432x1440:3432x1440:R16G16B16A16_TYPELESS;ResourceId::20538:TempBuffer 264 3432x1440:3432x1440:R8G8B8A8_TYPELESS;ResourceId::20546:TempBuffer 266 3432x1440:3432x1440:R10G10B10A2_TYPELESS;ResourceId::20542:TempBuffer 265 3432x1440:3432x1440:R10G10B10A2_TYPELESS	ResourceId::20367
7779	ps	miHoYo/Character/NapAvatarNPC	11517	1	ResourceId::20788:TempBuffer 321 3432x1440:3432x1440:R16G16B16A16_TYPELESS;ResourceId::20538:TempBuffer 264 3432x1440:3432x1440:R8G8B8A8_TYPELESS;ResourceId::20546:TempBuffer 266 3432x1440:3432x1440:R10G10B10A2_TYPELESS;ResourceId::20542:TempBuffer 265 3432x1440:3432x1440:R10G10B10A2_TYPELESS	ResourceId::20367
7813	ps	miHoYo/Character/NapAvatarNPC	972	1	ResourceId::20788:TempBuffer 321 3432x1440:3432x1440:R16G16B16A16_TYPELESS;ResourceId::20538:TempBuffer 264 3432x1440:3432x1440:R8G8B8A8_TYPELESS;ResourceId::20546:TempBuffer 266 3432x1440:3432x1440:R10G10B10A2_TYPELESS;ResourceId::20542:TempBuffer 265 3432x1440:3432x1440:R10G10B10A2_TYPELESS	ResourceId::20367
7823	ps	miHoYo/Character/NapAvatarNPC	960	1	ResourceId::20788:TempBuffer 321 3432x1440:3432x1440:R16G16B16A16_TYPELESS;ResourceId::20538:TempBuffer 264 3432x1440:3432x1440:R8G8B8A8_TYPELESS;ResourceId::20546:TempBuffer 266 3432x1440:3432x1440:R10G10B10A2_TYPELESS;ResourceId::20542:TempBuffer 265 3432x1440:3432x1440:R10G10B10A2_TYPELESS	ResourceId::20367
7833	ps	miHoYo/Character/NapAvatarNPC	17103	1	ResourceId::20788:TempBuffer 321 3432x1440:3432x1440:R16G16B16A16_TYPELESS;ResourceId::20538:TempBuffer 264 3432x1440:3432x1440:R8G8B8A8_TYPELESS;ResourceId::20546:TempBuffer 266 3432x1440:3432x1440:R10G10B10A2_TYPELESS;ResourceId::20542:TempBuffer 265 3432x1440:3432x1440:R10G10B10A2_TYPELESS	ResourceId::20367
7843	ps	miHoYo/Character/NapAvatarNPC	37920	1	ResourceId::20788:TempBuffer 321 3432x1440:3432x1440:R16G16B16A16_TYPELESS;ResourceId::20538:TempBuffer 264 3432x1440:3432x1440:R8G8B8A8_TYPELESS;ResourceId::20546:TempBuffer 266 3432x1440:3432x1440:R10G10B10A2_TYPELESS;ResourceId::20542:TempBuffer 265 3432x1440:3432x1440:R10G10B10A2_TYPELESS	ResourceId::20367
7854	ps	miHoYo/Character/NapAvatarNPC	972	1	ResourceId::20788:TempBuffer 321 3432x1440:3432x1440:R16G16B16A16_TYPELESS;ResourceId::20538:TempBuffer 264 3432x1440:3432x1440:R8G8B8A8_TYPELESS;ResourceId::20546:TempBuffer 266 3432x1440:3432x1440:R10G10B10A2_TYPELESS;ResourceId::20542:TempBuffer 265 3432x1440:3432x1440:R10G10B10A2_TYPELESS	ResourceId::20367
7863	ps	miHoYo/Character/NapAvatarNPC	960	1	ResourceId::20788:TempBuffer 321 3432x1440:3432x1440:R16G16B16A16_TYPELESS;ResourceId::20538:TempBuffer 264 3432x1440:3432x1440:R8G8B8A8_TYPELESS;ResourceId::20546:TempBuffer 266 3432x1440:3432x1440:R10G10B10A2_TYPELESS;ResourceId::20542:TempBuffer 265 3432x1440:3432x1440:R10G10B10A2_TYPELESS	ResourceId::20367
7873	ps	miHoYo/Character/NapAvatarNPC	17103	1	ResourceId::20788:TempBuffer 321 3432x1440:3432x1440:R16G16B16A16_TYPELESS;ResourceId::20538:TempBuffer 264 3432x1440:3432x1440:R8G8B8A8_TYPELESS;ResourceId::20546:TempBuffer 266 3432x1440:3432x1440:R10G10B10A2_TYPELESS;ResourceId::20542:TempBuffer 265 3432x1440:3432x1440:R10G10B10A2_TYPELESS	ResourceId::20367
7883	ps	miHoYo/Character/NapAvatarNPC	37920	1	ResourceId::20788:TempBuffer 321 3432x1440:3432x1440:R16G16B16A16_TYPELESS;ResourceId::20538:TempBuffer 264 3432x1440:3432x1440:R8G8B8A8_TYPELESS;ResourceId::20546:TempBuffer 266 3432x1440:3432x1440:R10G10B10A2_TYPELESS;ResourceId::20542:TempBuffer 265 3432x1440:3432x1440:R10G10B10A2_TYPELESS	ResourceId::20367
7917	ps	miHoYo/Character/NapAvatarNPC	1836	1	ResourceId::20788:TempBuffer 321 3432x1440:3432x1440:R16G16B16A16_TYPELESS;ResourceId::20538:TempBuffer 264 3432x1440:3432x1440:R8G8B8A8_TYPELESS;ResourceId::20546:TempBuffer 266 3432x1440:3432x1440:R10G10B10A2_TYPELESS;ResourceId::20542:TempBuffer 265 3432x1440:3432x1440:R10G10B10A2_TYPELESS	ResourceId::20367
7954	ps	miHoYo/Character/NapAvatarStandard	8274	1	ResourceId::20788:TempBuffer 321 3432x1440:3432x1440:R16G16B16A16_TYPELESS;ResourceId::20538:TempBuffer 264 3432x1440:3432x1440:R8G8B8A8_TYPELESS;ResourceId::20546:TempBuffer 266 3432x1440:3432x1440:R10G10B10A2_TYPELESS;ResourceId::20542:TempBuffer 265 3432x1440:3432x1440:R10G10B10A2_TYPELESS	ResourceId::20367
7963	ps	miHoYo/Character/NapAvatarStandard	8274	1	ResourceId::20788:TempBuffer 321 3432x1440:3432x1440:R16G16B16A16_TYPELESS;ResourceId::20538:TempBuffer 264 3432x1440:3432x1440:R8G8B8A8_TYPELESS;ResourceId::20546:TempBuffer 266 3432x1440:3432x1440:R10G10B10A2_TYPELESS;ResourceId::20542:TempBuffer 265 3432x1440:3432x1440:R10G10B10A2_TYPELESS	ResourceId::20367
7999	ps	miHoYo/Character/NapAvatarNPCFace	9570	1	ResourceId::20788:TempBuffer 321 3432x1440:3432x1440:R16G16B16A16_TYPELESS;ResourceId::20538:TempBuffer 264 3432x1440:3432x1440:R8G8B8A8_TYPELESS;ResourceId::20546:TempBuffer 266 3432x1440:3432x1440:R10G10B10A2_TYPELESS;ResourceId::20542:TempBuffer 265 3432x1440:3432x1440:R10G10B10A2_TYPELESS	ResourceId::20367
8009	ps	miHoYo/Character/NapAvatarNPCFace	9570	1	ResourceId::20788:TempBuffer 321 3432x1440:3432x1440:R16G16B16A16_TYPELESS;ResourceId::20538:TempBuffer 264 3432x1440:3432x1440:R8G8B8A8_TYPELESS;ResourceId::20546:TempBuffer 266 3432x1440:3432x1440:R10G10B10A2_TYPELESS;ResourceId::20542:TempBuffer 265 3432x1440:3432x1440:R10G10B10A2_TYPELESS	ResourceId::20367
8039	ps	miHoYo/Character/NapAvatarStandardFace	7458	1	ResourceId::20788:TempBuffer 321 3432x1440:3432x1440:R16G16B16A16_TYPELESS;ResourceId::20538:TempBuffer 264 3432x1440:3432x1440:R8G8B8A8_TYPELESS;ResourceId::20546:TempBuffer 266 3432x1440:3432x1440:R10G10B10A2_TYPELESS;ResourceId::20542:TempBuffer 265 3432x1440:3432x1440:R10G10B10A2_TYPELESS	ResourceId::20367
8063	ps	miHoYo/Character/NapAvatarStandard	24279	1	ResourceId::20788:TempBuffer 321 3432x1440:3432x1440:R16G16B16A16_TYPELESS;ResourceId::20538:TempBuffer 264 3432x1440:3432x1440:R8G8B8A8_TYPELESS;ResourceId::20546:TempBuffer 266 3432x1440:3432x1440:R10G10B10A2_TYPELESS;ResourceId::20542:TempBuffer 265 3432x1440:3432x1440:R10G10B10A2_TYPELESS	ResourceId::20367
8081	ps	miHoYo/Character/NapAvatarStandard	47931	1	ResourceId::20788:TempBuffer 321 3432x1440:3432x1440:R16G16B16A16_TYPELESS;ResourceId::20538:TempBuffer 264 3432x1440:3432x1440:R8G8B8A8_TYPELESS;ResourceId::20546:TempBuffer 266 3432x1440:3432x1440:R10G10B10A2_TYPELESS;ResourceId::20542:TempBuffer 265 3432x1440:3432x1440:R10G10B10A2_TYPELESS	ResourceId::20367
8098	ps	miHoYo/Character/NapAvatarStandard	63582	1	ResourceId::20788:TempBuffer 321 3432x1440:3432x1440:R16G16B16A16_TYPELESS;ResourceId::20538:TempBuffer 264 3432x1440:3432x1440:R8G8B8A8_TYPELESS;ResourceId::20546:TempBuffer 266 3432x1440:3432x1440:R10G10B10A2_TYPELESS;ResourceId::20542:TempBuffer 265 3432x1440:3432x1440:R10G10B10A2_TYPELESS	ResourceId::20367
8117	ps	miHoYo/Character/NapAvatarStandard	20472	1	ResourceId::20788:TempBuffer 321 3432x1440:3432x1440:R16G16B16A16_TYPELESS;ResourceId::20538:TempBuffer 264 3432x1440:3432x1440:R8G8B8A8_TYPELESS;ResourceId::20546:TempBuffer 266 3432x1440:3432x1440:R10G10B10A2_TYPELESS;ResourceId::20542:TempBuffer 265 3432x1440:3432x1440:R10G10B10A2_TYPELESS	ResourceId::20367
8140	ps	miHoYo/Character/NapAvatarStandardFace	2694	1	ResourceId::20788:TempBuffer 321 3432x1440:3432x1440:R16G16B16A16_TYPELESS;ResourceId::20538:TempBuffer 264 3432x1440:3432x1440:R8G8B8A8_TYPELESS;ResourceId::20546:TempBuffer 266 3432x1440:3432x1440:R10G10B10A2_TYPELESS;ResourceId::20542:TempBuffer 265 3432x1440:3432x1440:R10G10B10A2_TYPELESS	ResourceId::20367
8155	ps	miHoYo/Character/NapAvatarStandardFace	120	1	ResourceId::20788:TempBuffer 321 3432x1440:3432x1440:R16G16B16A16_TYPELESS;ResourceId::20538:TempBuffer 264 3432x1440:3432x1440:R8G8B8A8_TYPELESS;ResourceId::20546:TempBuffer 266 3432x1440:3432x1440:R10G10B10A2_TYPELESS;ResourceId::20542:TempBuffer 265 3432x1440:3432x1440:R10G10B10A2_TYPELESS	ResourceId::20367
8186	ps	miHoYo/Character/NapAvatarNPC	6456	1	ResourceId::20788:TempBuffer 321 3432x1440:3432x1440:R16G16B16A16_TYPELESS;ResourceId::20538:TempBuffer 264 3432x1440:3432x1440:R8G8B8A8_TYPELESS;ResourceId::20546:TempBuffer 266 3432x1440:3432x1440:R10G10B10A2_TYPELESS;ResourceId::20542:TempBuffer 265 3432x1440:3432x1440:R10G10B10A2_TYPELESS	ResourceId::20367
8223	ps	miHoYo/Character/NapAvatarNPC	468	1	ResourceId::20788:TempBuffer 321 3432x1440:3432x1440:R16G16B16A16_TYPELESS;ResourceId::20538:TempBuffer 264 3432x1440:3432x1440:R8G8B8A8_TYPELESS;ResourceId::20546:TempBuffer 266 3432x1440:3432x1440:R10G10B10A2_TYPELESS;ResourceId::20542:TempBuffer 265 3432x1440:3432x1440:R10G10B10A2_TYPELESS	ResourceId::20367
8234	ps	miHoYo/Character/NapAvatarNPC	2370	1	ResourceId::20788:TempBuffer 321 3432x1440:3432x1440:R16G16B16A16_TYPELESS;ResourceId::20538:TempBuffer 264 3432x1440:3432x1440:R8G8B8A8_TYPELESS;ResourceId::20546:TempBuffer 266 3432x1440:3432x1440:R10G10B10A2_TYPELESS;ResourceId::20542:TempBuffer 265 3432x1440:3432x1440:R10G10B10A2_TYPELESS	ResourceId::20367
8268	ps	miHoYo/Character/NapAvatarNPC	7524	1	ResourceId::20788:TempBuffer 321 3432x1440:3432x1440:R16G16B16A16_TYPELESS;ResourceId::20538:TempBuffer 264 3432x1440:3432x1440:R8G8B8A8_TYPELESS;ResourceId::20546:TempBuffer 266 3432x1440:3432x1440:R10G10B10A2_TYPELESS;ResourceId::20542:TempBuffer 265 3432x1440:3432x1440:R10G10B10A2_TYPELESS	ResourceId::20367
8304	ps	miHoYo/Character/NapAvatarNPC	8136	1	ResourceId::20788:TempBuffer 321 3432x1440:3432x1440:R16G16B16A16_TYPELESS;ResourceId::20538:TempBuffer 264 3432x1440:3432x1440:R8G8B8A8_TYPELESS;ResourceId::20546:TempBuffer 266 3432x1440:3432x1440:R10G10B10A2_TYPELESS;ResourceId::20542:TempBuffer 265 3432x1440:3432x1440:R10G10B10A2_TYPELESS	ResourceId::20367
8336	ps	miHoYo/Character/NapAvatarStandard	15834	1	ResourceId::20788:TempBuffer 321 3432x1440:3432x1440:R16G16B16A16_TYPELESS;ResourceId::20538:TempBuffer 264 3432x1440:3432x1440:R8G8B8A8_TYPELESS;ResourceId::20546:TempBuffer 266 3432x1440:3432x1440:R10G10B10A2_TYPELESS;ResourceId::20542:TempBuffer 265 3432x1440:3432x1440:R10G10B10A2_TYPELESS	ResourceId::20367
8355	ps	miHoYo/Character/NapStencilShadowCaster	11277	1	ResourceId::20788:TempBuffer 321 3432x1440:3432x1440:R16G16B16A16_TYPELESS;ResourceId::20538:TempBuffer 264 3432x1440:3432x1440:R8G8B8A8_TYPELESS;ResourceId::20546:TempBuffer 266 3432x1440:3432x1440:R10G10B10A2_TYPELESS;ResourceId::20542:TempBuffer 265 3432x1440:3432x1440:R10G10B10A2_TYPELESS	ResourceId::20367
8391	ps	miHoYo/Character/NapAvatarStandardFace	7458	1	ResourceId::20788:TempBuffer 321 3432x1440:3432x1440:R16G16B16A16_TYPELESS;ResourceId::20538:TempBuffer 264 3432x1440:3432x1440:R8G8B8A8_TYPELESS;ResourceId::20546:TempBuffer 266 3432x1440:3432x1440:R10G10B10A2_TYPELESS;ResourceId::20542:TempBuffer 265 3432x1440:3432x1440:R10G10B10A2_TYPELESS	ResourceId::20367
8410	ps	miHoYo/Character/NapAvatarStandardFace	2694	1	ResourceId::20788:TempBuffer 321 3432x1440:3432x1440:R16G16B16A16_TYPELESS;ResourceId::20538:TempBuffer 264 3432x1440:3432x1440:R8G8B8A8_TYPELESS;ResourceId::20546:TempBuffer 266 3432x1440:3432x1440:R10G10B10A2_TYPELESS;ResourceId::20542:TempBuffer 265 3432x1440:3432x1440:R10G10B10A2_TYPELESS	ResourceId::20367
8426	ps	miHoYo/Character/NapAvatarStandardFace	120	1	ResourceId::20788:TempBuffer 321 3432x1440:3432x1440:R16G16B16A16_TYPELESS;ResourceId::20538:TempBuffer 264 3432x1440:3432x1440:R8G8B8A8_TYPELESS;ResourceId::20546:TempBuffer 266 3432x1440:3432x1440:R10G10B10A2_TYPELESS;ResourceId::20542:TempBuffer 265 3432x1440:3432x1440:R10G10B10A2_TYPELESS	ResourceId::20367
8469	ps	miHoYo/Scene/Lit	684	1	ResourceId::20788:TempBuffer 321 3432x1440:3432x1440:R16G16B16A16_TYPELESS;ResourceId::20538:TempBuffer 264 3432x1440:3432x1440:R8G8B8A8_TYPELESS;ResourceId::20546:TempBuffer 266 3432x1440:3432x1440:R10G10B10A2_TYPELESS;ResourceId::20542:TempBuffer 265 3432x1440:3432x1440:R10G10B10A2_TYPELESS	ResourceId::20367
8478	ps	miHoYo/Scene/Lit	402	2	ResourceId::20788:TempBuffer 321 3432x1440:3432x1440:R16G16B16A16_TYPELESS;ResourceId::20538:TempBuffer 264 3432x1440:3432x1440:R8G8B8A8_TYPELESS;ResourceId::20546:TempBuffer 266 3432x1440:3432x1440:R10G10B10A2_TYPELESS;ResourceId::20542:TempBuffer 265 3432x1440:3432x1440:R10G10B10A2_TYPELESS	ResourceId::20367
8487	ps	miHoYo/Scene/Lit	51	1	ResourceId::20788:TempBuffer 321 3432x1440:3432x1440:R16G16B16A16_TYPELESS;ResourceId::20538:TempBuffer 264 3432x1440:3432x1440:R8G8B8A8_TYPELESS;ResourceId::20546:TempBuffer 266 3432x1440:3432x1440:R10G10B10A2_TYPELESS;ResourceId::20542:TempBuffer 265 3432x1440:3432x1440:R10G10B10A2_TYPELESS	ResourceId::20367
8496	ps	miHoYo/Scene/Lit	402	4	ResourceId::20788:TempBuffer 321 3432x1440:3432x1440:R16G16B16A16_TYPELESS;ResourceId::20538:TempBuffer 264 3432x1440:3432x1440:R8G8B8A8_TYPELESS;ResourceId::20546:TempBuffer 266 3432x1440:3432x1440:R10G10B10A2_TYPELESS;ResourceId::20542:TempBuffer 265 3432x1440:3432x1440:R10G10B10A2_TYPELESS	ResourceId::20367
8504	ps	miHoYo/Scene/Lit	5760	1	ResourceId::20788:TempBuffer 321 3432x1440:3432x1440:R16G16B16A16_TYPELESS;ResourceId::20538:TempBuffer 264 3432x1440:3432x1440:R8G8B8A8_TYPELESS;ResourceId::20546:TempBuffer 266 3432x1440:3432x1440:R10G10B10A2_TYPELESS;ResourceId::20542:TempBuffer 265 3432x1440:3432x1440:R10G10B10A2_TYPELESS	ResourceId::20367
8512	ps	miHoYo/Scene/Lit	1050	1	ResourceId::20788:TempBuffer 321 3432x1440:3432x1440:R16G16B16A16_TYPELESS;ResourceId::20538:TempBuffer 264 3432x1440:3432x1440:R8G8B8A8_TYPELESS;ResourceId::20546:TempBuffer 266 3432x1440:3432x1440:R10G10B10A2_TYPELESS;ResourceId::20542:TempBuffer 265 3432x1440:3432x1440:R10G10B10A2_TYPELESS	ResourceId::20367
8517	ps	miHoYo/Scene/Lit	1176	1	ResourceId::20788:TempBuffer 321 3432x1440:3432x1440:R16G16B16A16_TYPELESS;ResourceId::20538:TempBuffer 264 3432x1440:3432x1440:R8G8B8A8_TYPELESS;ResourceId::20546:TempBuffer 266 3432x1440:3432x1440:R10G10B10A2_TYPELESS;ResourceId::20542:TempBuffer 265 3432x1440:3432x1440:R10G10B10A2_TYPELESS	ResourceId::20367
8526	ps	miHoYo/Scene/Lit	1422	1	ResourceId::20788:TempBuffer 321 3432x1440:3432x1440:R16G16B16A16_TYPELESS;ResourceId::20538:TempBuffer 264 3432x1440:3432x1440:R8G8B8A8_TYPELESS;ResourceId::20546:TempBuffer 266 3432x1440:3432x1440:R10G10B10A2_TYPELESS;ResourceId::20542:TempBuffer 265 3432x1440:3432x1440:R10G10B10A2_TYPELESS	ResourceId::20367
8535	ps	miHoYo/Scene/Lit	456	1	ResourceId::20788:TempBuffer 321 3432x1440:3432x1440:R16G16B16A16_TYPELESS;ResourceId::20538:TempBuffer 264 3432x1440:3432x1440:R8G8B8A8_TYPELESS;ResourceId::20546:TempBuffer 266 3432x1440:3432x1440:R10G10B10A2_TYPELESS;ResourceId::20542:TempBuffer 265 3432x1440:3432x1440:R10G10B10A2_TYPELESS	ResourceId::20367
8540	ps	miHoYo/Scene/Lit	456	1	ResourceId::20788:TempBuffer 321 3432x1440:3432x1440:R16G16B16A16_TYPELESS;ResourceId::20538:TempBuffer 264 3432x1440:3432x1440:R8G8B8A8_TYPELESS;ResourceId::20546:TempBuffer 266 3432x1440:3432x1440:R10G10B10A2_TYPELESS;ResourceId::20542:TempBuffer 265 3432x1440:3432x1440:R10G10B10A2_TYPELESS	ResourceId::20367
8545	ps	miHoYo/Scene/Lit	456	1	ResourceId::20788:TempBuffer 321 3432x1440:3432x1440:R16G16B16A16_TYPELESS;ResourceId::20538:TempBuffer 264 3432x1440:3432x1440:R8G8B8A8_TYPELESS;ResourceId::20546:TempBuffer 266 3432x1440:3432x1440:R10G10B10A2_TYPELESS;ResourceId::20542:TempBuffer 265 3432x1440:3432x1440:R10G10B10A2_TYPELESS	ResourceId::20367
8550	ps	miHoYo/Scene/Lit	84	1	ResourceId::20788:TempBuffer 321 3432x1440:3432x1440:R16G16B16A16_TYPELESS;ResourceId::20538:TempBuffer 264 3432x1440:3432x1440:R8G8B8A8_TYPELESS;ResourceId::20546:TempBuffer 266 3432x1440:3432x1440:R10G10B10A2_TYPELESS;ResourceId::20542:TempBuffer 265 3432x1440:3432x1440:R10G10B10A2_TYPELESS	ResourceId::20367
8555	ps	miHoYo/Scene/Lit	84	2	ResourceId::20788:TempBuffer 321 3432x1440:3432x1440:R16G16B16A16_TYPELESS;ResourceId::20538:TempBuffer 264 3432x1440:3432x1440:R8G8B8A8_TYPELESS;ResourceId::20546:TempBuffer 266 3432x1440:3432x1440:R10G10B10A2_TYPELESS;ResourceId::20542:TempBuffer 265 3432x1440:3432x1440:R10G10B10A2_TYPELESS	ResourceId::20367
8560	ps	miHoYo/Scene/Lit	84	1	ResourceId::20788:TempBuffer 321 3432x1440:3432x1440:R16G16B16A16_TYPELESS;ResourceId::20538:TempBuffer 264 3432x1440:3432x1440:R8G8B8A8_TYPELESS;ResourceId::20546:TempBuffer 266 3432x1440:3432x1440:R10G10B10A2_TYPELESS;ResourceId::20542:TempBuffer 265 3432x1440:3432x1440:R10G10B10A2_TYPELESS	ResourceId::20367
8569	ps	miHoYo/Scene/Lit	27531	1	ResourceId::20788:TempBuffer 321 3432x1440:3432x1440:R16G16B16A16_TYPELESS;ResourceId::20538:TempBuffer 264 3432x1440:3432x1440:R8G8B8A8_TYPELESS;ResourceId::20546:TempBuffer 266 3432x1440:3432x1440:R10G10B10A2_TYPELESS;ResourceId::20542:TempBuffer 265 3432x1440:3432x1440:R10G10B10A2_TYPELESS	ResourceId::20367
8578	ps	miHoYo/Scene/Lit	888	1	ResourceId::20788:TempBuffer 321 3432x1440:3432x1440:R16G16B16A16_TYPELESS;ResourceId::20538:TempBuffer 264 3432x1440:3432x1440:R8G8B8A8_TYPELESS;ResourceId::20546:TempBuffer 266 3432x1440:3432x1440:R10G10B10A2_TYPELESS;ResourceId::20542:TempBuffer 265 3432x1440:3432x1440:R10G10B10A2_TYPELESS	ResourceId::20367
8586	ps	miHoYo/Scene/Lit	3846	1	ResourceId::20788:TempBuffer 321 3432x1440:3432x1440:R16G16B16A16_TYPELESS;ResourceId::20538:TempBuffer 264 3432x1440:3432x1440:R8G8B8A8_TYPELESS;ResourceId::20546:TempBuffer 266 3432x1440:3432x1440:R10G10B10A2_TYPELESS;ResourceId::20542:TempBuffer 265 3432x1440:3432x1440:R10G10B10A2_TYPELESS	ResourceId::20367
8592	ps	miHoYo/Scene/Lit	2772	1	ResourceId::20788:TempBuffer 321 3432x1440:3432x1440:R16G16B16A16_TYPELESS;ResourceId::20538:TempBuffer 264 3432x1440:3432x1440:R8G8B8A8_TYPELESS;ResourceId::20546:TempBuffer 266 3432x1440:3432x1440:R10G10B10A2_TYPELESS;ResourceId::20542:TempBuffer 265 3432x1440:3432x1440:R10G10B10A2_TYPELESS	ResourceId::20367
8601	ps	miHoYo/Scene/Lit	738	1	ResourceId::20788:TempBuffer 321 3432x1440:3432x1440:R16G16B16A16_TYPELESS;ResourceId::20538:TempBuffer 264 3432x1440:3432x1440:R8G8B8A8_TYPELESS;ResourceId::20546:TempBuffer 266 3432x1440:3432x1440:R10G10B10A2_TYPELESS;ResourceId::20542:TempBuffer 265 3432x1440:3432x1440:R10G10B10A2_TYPELESS	ResourceId::20367
8609	ps	miHoYo/Scene/Lit	93	1	ResourceId::20788:TempBuffer 321 3432x1440:3432x1440:R16G16B16A16_TYPELESS;ResourceId::20538:TempBuffer 264 3432x1440:3432x1440:R8G8B8A8_TYPELESS;ResourceId::20546:TempBuffer 266 3432x1440:3432x1440:R10G10B10A2_TYPELESS;ResourceId::20542:TempBuffer 265 3432x1440:3432x1440:R10G10B10A2_TYPELESS	ResourceId::20367
8614	ps	miHoYo/Scene/Lit	306	1	ResourceId::20788:TempBuffer 321 3432x1440:3432x1440:R16G16B16A16_TYPELESS;ResourceId::20538:TempBuffer 264 3432x1440:3432x1440:R8G8B8A8_TYPELESS;ResourceId::20546:TempBuffer 266 3432x1440:3432x1440:R10G10B10A2_TYPELESS;ResourceId::20542:TempBuffer 265 3432x1440:3432x1440:R10G10B10A2_TYPELESS	ResourceId::20367
8622	ps	miHoYo/Scene/Lit	108	1	ResourceId::20788:TempBuffer 321 3432x1440:3432x1440:R16G16B16A16_TYPELESS;ResourceId::20538:TempBuffer 264 3432x1440:3432x1440:R8G8B8A8_TYPELESS;ResourceId::20546:TempBuffer 266 3432x1440:3432x1440:R10G10B10A2_TYPELESS;ResourceId::20542:TempBuffer 265 3432x1440:3432x1440:R10G10B10A2_TYPELESS	ResourceId::20367
8627	ps	miHoYo/Scene/Lit	108	1	ResourceId::20788:TempBuffer 321 3432x1440:3432x1440:R16G16B16A16_TYPELESS;ResourceId::20538:TempBuffer 264 3432x1440:3432x1440:R8G8B8A8_TYPELESS;ResourceId::20546:TempBuffer 266 3432x1440:3432x1440:R10G10B10A2_TYPELESS;ResourceId::20542:TempBuffer 265 3432x1440:3432x1440:R10G10B10A2_TYPELESS	ResourceId::20367
8632	ps	miHoYo/Scene/Lit	108	2	ResourceId::20788:TempBuffer 321 3432x1440:3432x1440:R16G16B16A16_TYPELESS;ResourceId::20538:TempBuffer 264 3432x1440:3432x1440:R8G8B8A8_TYPELESS;ResourceId::20546:TempBuffer 266 3432x1440:3432x1440:R10G10B10A2_TYPELESS;ResourceId::20542:TempBuffer 265 3432x1440:3432x1440:R10G10B10A2_TYPELESS	ResourceId::20367
8640	ps	miHoYo/Scene/Lit	1284	2	ResourceId::20788:TempBuffer 321 3432x1440:3432x1440:R16G16B16A16_TYPELESS;ResourceId::20538:TempBuffer 264 3432x1440:3432x1440:R8G8B8A8_TYPELESS;ResourceId::20546:TempBuffer 266 3432x1440:3432x1440:R10G10B10A2_TYPELESS;ResourceId::20542:TempBuffer 265 3432x1440:3432x1440:R10G10B10A2_TYPELESS	ResourceId::20367
8645	ps	miHoYo/Scene/Lit	612	5	ResourceId::20788:TempBuffer 321 3432x1440:3432x1440:R16G16B16A16_TYPELESS;ResourceId::20538:TempBuffer 264 3432x1440:3432x1440:R8G8B8A8_TYPELESS;ResourceId::20546:TempBuffer 266 3432x1440:3432x1440:R10G10B10A2_TYPELESS;ResourceId::20542:TempBuffer 265 3432x1440:3432x1440:R10G10B10A2_TYPELESS	ResourceId::20367
8654	ps	miHoYo/Scene/Lit	336	1	ResourceId::20788:TempBuffer 321 3432x1440:3432x1440:R16G16B16A16_TYPELESS;ResourceId::20538:TempBuffer 264 3432x1440:3432x1440:R8G8B8A8_TYPELESS;ResourceId::20546:TempBuffer 266 3432x1440:3432x1440:R10G10B10A2_TYPELESS;ResourceId::20542:TempBuffer 265 3432x1440:3432x1440:R10G10B10A2_TYPELESS	ResourceId::20367
8662	ps	miHoYo/Scene/Lit	90	2	ResourceId::20788:TempBuffer 321 3432x1440:3432x1440:R16G16B16A16_TYPELESS;ResourceId::20538:TempBuffer 264 3432x1440:3432x1440:R8G8B8A8_TYPELESS;ResourceId::20546:TempBuffer 266 3432x1440:3432x1440:R10G10B10A2_TYPELESS;ResourceId::20542:TempBuffer 265 3432x1440:3432x1440:R10G10B10A2_TYPELESS	ResourceId::20367
8671	ps	miHoYo/Scene/Lit	36	1	ResourceId::20788:TempBuffer 321 3432x1440:3432x1440:R16G16B16A16_TYPELESS;ResourceId::20538:TempBuffer 264 3432x1440:3432x1440:R8G8B8A8_TYPELESS;ResourceId::20546:TempBuffer 266 3432x1440:3432x1440:R10G10B10A2_TYPELESS;ResourceId::20542:TempBuffer 265 3432x1440:3432x1440:R10G10B10A2_TYPELESS	ResourceId::20367
8676	ps	miHoYo/Scene/Lit	144	1	ResourceId::20788:TempBuffer 321 3432x1440:3432x1440:R16G16B16A16_TYPELESS;ResourceId::20538:TempBuffer 264 3432x1440:3432x1440:R8G8B8A8_TYPELESS;ResourceId::20546:TempBuffer 266 3432x1440:3432x1440:R10G10B10A2_TYPELESS;ResourceId::20542:TempBuffer 265 3432x1440:3432x1440:R10G10B10A2_TYPELESS	ResourceId::20367
8683	ps	miHoYo/Scene/Lit	300	1	ResourceId::20788:TempBuffer 321 3432x1440:3432x1440:R16G16B16A16_TYPELESS;ResourceId::20538:TempBuffer 264 3432x1440:3432x1440:R8G8B8A8_TYPELESS;ResourceId::20546:TempBuffer 266 3432x1440:3432x1440:R10G10B10A2_TYPELESS;ResourceId::20542:TempBuffer 265 3432x1440:3432x1440:R10G10B10A2_TYPELESS	ResourceId::20367
8688	ps	miHoYo/Scene/Lit	300	1	ResourceId::20788:TempBuffer 321 3432x1440:3432x1440:R16G16B16A16_TYPELESS;ResourceId::20538:TempBuffer 264 3432x1440:3432x1440:R8G8B8A8_TYPELESS;ResourceId::20546:TempBuffer 266 3432x1440:3432x1440:R10G10B10A2_TYPELESS;ResourceId::20542:TempBuffer 265 3432x1440:3432x1440:R10G10B10A2_TYPELESS	ResourceId::20367
8696	ps	miHoYo/Scene/Lit	6798	1	ResourceId::20788:TempBuffer 321 3432x1440:3432x1440:R16G16B16A16_TYPELESS;ResourceId::20538:TempBuffer 264 3432x1440:3432x1440:R8G8B8A8_TYPELESS;ResourceId::20546:TempBuffer 266 3432x1440:3432x1440:R10G10B10A2_TYPELESS;ResourceId::20542:TempBuffer 265 3432x1440:3432x1440:R10G10B10A2_TYPELESS	ResourceId::20367
8705	ps	miHoYo/Scene/Lit	72	1	ResourceId::20788:TempBuffer 321 3432x1440:3432x1440:R16G16B16A16_TYPELESS;ResourceId::20538:TempBuffer 264 3432x1440:3432x1440:R8G8B8A8_TYPELESS;ResourceId::20546:TempBuffer 266 3432x1440:3432x1440:R10G10B10A2_TYPELESS;ResourceId::20542:TempBuffer 265 3432x1440:3432x1440:R10G10B10A2_TYPELESS	ResourceId::20367
8713	ps	miHoYo/Scene/Lit	2709	3	ResourceId::20788:TempBuffer 321 3432x1440:3432x1440:R16G16B16A16_TYPELESS;ResourceId::20538:TempBuffer 264 3432x1440:3432x1440:R8G8B8A8_TYPELESS;ResourceId::20546:TempBuffer 266 3432x1440:3432x1440:R10G10B10A2_TYPELESS;ResourceId::20542:TempBuffer 265 3432x1440:3432x1440:R10G10B10A2_TYPELESS	ResourceId::20367
8722	ps	miHoYo/Scene/Lit	732	1	ResourceId::20788:TempBuffer 321 3432x1440:3432x1440:R16G16B16A16_TYPELESS;ResourceId::20538:TempBuffer 264 3432x1440:3432x1440:R8G8B8A8_TYPELESS;ResourceId::20546:TempBuffer 266 3432x1440:3432x1440:R10G10B10A2_TYPELESS;ResourceId::20542:TempBuffer 265 3432x1440:3432x1440:R10G10B10A2_TYPELESS	ResourceId::20367
8730	ps	miHoYo/Scene/Lit	240	1	ResourceId::20788:TempBuffer 321 3432x1440:3432x1440:R16G16B16A16_TYPELESS;ResourceId::20538:TempBuffer 264 3432x1440:3432x1440:R8G8B8A8_TYPELESS;ResourceId::20546:TempBuffer 266 3432x1440:3432x1440:R10G10B10A2_TYPELESS;ResourceId::20542:TempBuffer 265 3432x1440:3432x1440:R10G10B10A2_TYPELESS	ResourceId::20367
8738	ps	miHoYo/Scene/Lit	720	1	ResourceId::20788:TempBuffer 321 3432x1440:3432x1440:R16G16B16A16_TYPELESS;ResourceId::20538:TempBuffer 264 3432x1440:3432x1440:R8G8B8A8_TYPELESS;ResourceId::20546:TempBuffer 266 3432x1440:3432x1440:R10G10B10A2_TYPELESS;ResourceId::20542:TempBuffer 265 3432x1440:3432x1440:R10G10B10A2_TYPELESS	ResourceId::20367
8743	ps	miHoYo/Scene/Lit	96	2	ResourceId::20788:TempBuffer 321 3432x1440:3432x1440:R16G16B16A16_TYPELESS;ResourceId::20538:TempBuffer 264 3432x1440:3432x1440:R8G8B8A8_TYPELESS;ResourceId::20546:TempBuffer 266 3432x1440:3432x1440:R10G10B10A2_TYPELESS;ResourceId::20542:TempBuffer 265 3432x1440:3432x1440:R10G10B10A2_TYPELESS	ResourceId::20367
8752	ps	miHoYo/Scene/Lit	54	1	ResourceId::20788:TempBuffer 321 3432x1440:3432x1440:R16G16B16A16_TYPELESS;ResourceId::20538:TempBuffer 264 3432x1440:3432x1440:R8G8B8A8_TYPELESS;ResourceId::20546:TempBuffer 266 3432x1440:3432x1440:R10G10B10A2_TYPELESS;ResourceId::20542:TempBuffer 265 3432x1440:3432x1440:R10G10B10A2_TYPELESS	ResourceId::20367
8757	ps	miHoYo/Scene/Lit	54	1	ResourceId::20788:TempBuffer 321 3432x1440:3432x1440:R16G16B16A16_TYPELESS;ResourceId::20538:TempBuffer 264 3432x1440:3432x1440:R8G8B8A8_TYPELESS;ResourceId::20546:TempBuffer 266 3432x1440:3432x1440:R10G10B10A2_TYPELESS;ResourceId::20542:TempBuffer 265 3432x1440:3432x1440:R10G10B10A2_TYPELESS	ResourceId::20367
8762	ps	miHoYo/Scene/Lit	30	1	ResourceId::20788:TempBuffer 321 3432x1440:3432x1440:R16G16B16A16_TYPELESS;ResourceId::20538:TempBuffer 264 3432x1440:3432x1440:R8G8B8A8_TYPELESS;ResourceId::20546:TempBuffer 266 3432x1440:3432x1440:R10G10B10A2_TYPELESS;ResourceId::20542:TempBuffer 265 3432x1440:3432x1440:R10G10B10A2_TYPELESS	ResourceId::20367
8771	ps	miHoYo/Scene/Lit	816	1	ResourceId::20788:TempBuffer 321 3432x1440:3432x1440:R16G16B16A16_TYPELESS;ResourceId::20538:TempBuffer 264 3432x1440:3432x1440:R8G8B8A8_TYPELESS;ResourceId::20546:TempBuffer 266 3432x1440:3432x1440:R10G10B10A2_TYPELESS;ResourceId::20542:TempBuffer 265 3432x1440:3432x1440:R10G10B10A2_TYPELESS	ResourceId::20367
8779	ps	miHoYo/Scene/Lit	888	1	ResourceId::20788:TempBuffer 321 3432x1440:3432x1440:R16G16B16A16_TYPELESS;ResourceId::20538:TempBuffer 264 3432x1440:3432x1440:R8G8B8A8_TYPELESS;ResourceId::20546:TempBuffer 266 3432x1440:3432x1440:R10G10B10A2_TYPELESS;ResourceId::20542:TempBuffer 265 3432x1440:3432x1440:R10G10B10A2_TYPELESS	ResourceId::20367
8787	ps	miHoYo/Scene/Lit	276	1	ResourceId::20788:TempBuffer 321 3432x1440:3432x1440:R16G16B16A16_TYPELESS;ResourceId::20538:TempBuffer 264 3432x1440:3432x1440:R8G8B8A8_TYPELESS;ResourceId::20546:TempBuffer 266 3432x1440:3432x1440:R10G10B10A2_TYPELESS;ResourceId::20542:TempBuffer 265 3432x1440:3432x1440:R10G10B10A2_TYPELESS	ResourceId::20367
8792	ps	miHoYo/Scene/Lit	207	1	ResourceId::20788:TempBuffer 321 3432x1440:3432x1440:R16G16B16A16_TYPELESS;ResourceId::20538:TempBuffer 264 3432x1440:3432x1440:R8G8B8A8_TYPELESS;ResourceId::20546:TempBuffer 266 3432x1440:3432x1440:R10G10B10A2_TYPELESS;ResourceId::20542:TempBuffer 265 3432x1440:3432x1440:R10G10B10A2_TYPELESS	ResourceId::20367
8800	ps	miHoYo/Scene/Lit	2643	1	ResourceId::20788:TempBuffer 321 3432x1440:3432x1440:R16G16B16A16_TYPELESS;ResourceId::20538:TempBuffer 264 3432x1440:3432x1440:R8G8B8A8_TYPELESS;ResourceId::20546:TempBuffer 266 3432x1440:3432x1440:R10G10B10A2_TYPELESS;ResourceId::20542:TempBuffer 265 3432x1440:3432x1440:R10G10B10A2_TYPELESS	ResourceId::20367
8809	ps	miHoYo/Scene/Lit	564	2	ResourceId::20788:TempBuffer 321 3432x1440:3432x1440:R16G16B16A16_TYPELESS;ResourceId::20538:TempBuffer 264 3432x1440:3432x1440:R8G8B8A8_TYPELESS;ResourceId::20546:TempBuffer 266 3432x1440:3432x1440:R10G10B10A2_TYPELESS;ResourceId::20542:TempBuffer 265 3432x1440:3432x1440:R10G10B10A2_TYPELESS	ResourceId::20367
8818	ps	miHoYo/Scene/Lit	603	1	ResourceId::20788:TempBuffer 321 3432x1440:3432x1440:R16G16B16A16_TYPELESS;ResourceId::20538:TempBuffer 264 3432x1440:3432x1440:R8G8B8A8_TYPELESS;ResourceId::20546:TempBuffer 266 3432x1440:3432x1440:R10G10B10A2_TYPELESS;ResourceId::20542:TempBuffer 265 3432x1440:3432x1440:R10G10B10A2_TYPELESS	ResourceId::20367
8826	ps	miHoYo/Scene/Lit	1215	1	ResourceId::20788:TempBuffer 321 3432x1440:3432x1440:R16G16B16A16_TYPELESS;ResourceId::20538:TempBuffer 264 3432x1440:3432x1440:R8G8B8A8_TYPELESS;ResourceId::20546:TempBuffer 266 3432x1440:3432x1440:R10G10B10A2_TYPELESS;ResourceId::20542:TempBuffer 265 3432x1440:3432x1440:R10G10B10A2_TYPELESS	ResourceId::20367
8831	ps	miHoYo/Scene/Lit	1224	1	ResourceId::20788:TempBuffer 321 3432x1440:3432x1440:R16G16B16A16_TYPELESS;ResourceId::20538:TempBuffer 264 3432x1440:3432x1440:R8G8B8A8_TYPELESS;ResourceId::20546:TempBuffer 266 3432x1440:3432x1440:R10G10B10A2_TYPELESS;ResourceId::20542:TempBuffer 265 3432x1440:3432x1440:R10G10B10A2_TYPELESS	ResourceId::20367
8839	ps	miHoYo/Scene/Lit	216	8	ResourceId::20788:TempBuffer 321 3432x1440:3432x1440:R16G16B16A16_TYPELESS;ResourceId::20538:TempBuffer 264 3432x1440:3432x1440:R8G8B8A8_TYPELESS;ResourceId::20546:TempBuffer 266 3432x1440:3432x1440:R10G10B10A2_TYPELESS;ResourceId::20542:TempBuffer 265 3432x1440:3432x1440:R10G10B10A2_TYPELESS	ResourceId::20367
8847	ps	miHoYo/Scene/Lit	768	1	ResourceId::20788:TempBuffer 321 3432x1440:3432x1440:R16G16B16A16_TYPELESS;ResourceId::20538:TempBuffer 264 3432x1440:3432x1440:R8G8B8A8_TYPELESS;ResourceId::20546:TempBuffer 266 3432x1440:3432x1440:R10G10B10A2_TYPELESS;ResourceId::20542:TempBuffer 265 3432x1440:3432x1440:R10G10B10A2_TYPELESS	ResourceId::20367
8852	ps	miHoYo/Scene/Lit	1836	2	ResourceId::20788:TempBuffer 321 3432x1440:3432x1440:R16G16B16A16_TYPELESS;ResourceId::20538:TempBuffer 264 3432x1440:3432x1440:R8G8B8A8_TYPELESS;ResourceId::20546:TempBuffer 266 3432x1440:3432x1440:R10G10B10A2_TYPELESS;ResourceId::20542:TempBuffer 265 3432x1440:3432x1440:R10G10B10A2_TYPELESS	ResourceId::20367
8857	ps	miHoYo/Scene/Lit	5922	2	ResourceId::20788:TempBuffer 321 3432x1440:3432x1440:R16G16B16A16_TYPELESS;ResourceId::20538:TempBuffer 264 3432x1440:3432x1440:R8G8B8A8_TYPELESS;ResourceId::20546:TempBuffer 266 3432x1440:3432x1440:R10G10B10A2_TYPELESS;ResourceId::20542:TempBuffer 265 3432x1440:3432x1440:R10G10B10A2_TYPELESS	ResourceId::20367
8865	ps	miHoYo/Scene/Lit	636	2	ResourceId::20788:TempBuffer 321 3432x1440:3432x1440:R16G16B16A16_TYPELESS;ResourceId::20538:TempBuffer 264 3432x1440:3432x1440:R8G8B8A8_TYPELESS;ResourceId::20546:TempBuffer 266 3432x1440:3432x1440:R10G10B10A2_TYPELESS;ResourceId::20542:TempBuffer 265 3432x1440:3432x1440:R10G10B10A2_TYPELESS	ResourceId::20367
8873	ps	miHoYo/Scene/Lit	1140	1	ResourceId::20788:TempBuffer 321 3432x1440:3432x1440:R16G16B16A16_TYPELESS;ResourceId::20538:TempBuffer 264 3432x1440:3432x1440:R8G8B8A8_TYPELESS;ResourceId::20546:TempBuffer 266 3432x1440:3432x1440:R10G10B10A2_TYPELESS;ResourceId::20542:TempBuffer 265 3432x1440:3432x1440:R10G10B10A2_TYPELESS	ResourceId::20367
8878	ps	miHoYo/Scene/Lit	600	1	ResourceId::20788:TempBuffer 321 3432x1440:3432x1440:R16G16B16A16_TYPELESS;ResourceId::20538:TempBuffer 264 3432x1440:3432x1440:R8G8B8A8_TYPELESS;ResourceId::20546:TempBuffer 266 3432x1440:3432x1440:R10G10B10A2_TYPELESS;ResourceId::20542:TempBuffer 265 3432x1440:3432x1440:R10G10B10A2_TYPELESS	ResourceId::20367
8883	ps	miHoYo/Scene/Lit	648	1	ResourceId::20788:TempBuffer 321 3432x1440:3432x1440:R16G16B16A16_TYPELESS;ResourceId::20538:TempBuffer 264 3432x1440:3432x1440:R8G8B8A8_TYPELESS;ResourceId::20546:TempBuffer 266 3432x1440:3432x1440:R10G10B10A2_TYPELESS;ResourceId::20542:TempBuffer 265 3432x1440:3432x1440:R10G10B10A2_TYPELESS	ResourceId::20367
8892	ps	miHoYo/Scene/Lit	156	2	ResourceId::20788:TempBuffer 321 3432x1440:3432x1440:R16G16B16A16_TYPELESS;ResourceId::20538:TempBuffer 264 3432x1440:3432x1440:R8G8B8A8_TYPELESS;ResourceId::20546:TempBuffer 266 3432x1440:3432x1440:R10G10B10A2_TYPELESS;ResourceId::20542:TempBuffer 265 3432x1440:3432x1440:R10G10B10A2_TYPELESS	ResourceId::20367
8897	ps	miHoYo/Scene/Lit	144	1	ResourceId::20788:TempBuffer 321 3432x1440:3432x1440:R16G16B16A16_TYPELESS;ResourceId::20538:TempBuffer 264 3432x1440:3432x1440:R8G8B8A8_TYPELESS;ResourceId::20546:TempBuffer 266 3432x1440:3432x1440:R10G10B10A2_TYPELESS;ResourceId::20542:TempBuffer 265 3432x1440:3432x1440:R10G10B10A2_TYPELESS	ResourceId::20367
8906	ps	miHoYo/Scene/Lit	1236	1	ResourceId::20788:TempBuffer 321 3432x1440:3432x1440:R16G16B16A16_TYPELESS;ResourceId::20538:TempBuffer 264 3432x1440:3432x1440:R8G8B8A8_TYPELESS;ResourceId::20546:TempBuffer 266 3432x1440:3432x1440:R10G10B10A2_TYPELESS;ResourceId::20542:TempBuffer 265 3432x1440:3432x1440:R10G10B10A2_TYPELESS	ResourceId::20367
8911	ps	miHoYo/Scene/Lit	7128	1	ResourceId::20788:TempBuffer 321 3432x1440:3432x1440:R16G16B16A16_TYPELESS;ResourceId::20538:TempBuffer 264 3432x1440:3432x1440:R8G8B8A8_TYPELESS;ResourceId::20546:TempBuffer 266 3432x1440:3432x1440:R10G10B10A2_TYPELESS;ResourceId::20542:TempBuffer 265 3432x1440:3432x1440:R10G10B10A2_TYPELESS	ResourceId::20367
8919	ps	miHoYo/Scene/Lit	588	2	ResourceId::20788:TempBuffer 321 3432x1440:3432x1440:R16G16B16A16_TYPELESS;ResourceId::20538:TempBuffer 264 3432x1440:3432x1440:R8G8B8A8_TYPELESS;ResourceId::20546:TempBuffer 266 3432x1440:3432x1440:R10G10B10A2_TYPELESS;ResourceId::20542:TempBuffer 265 3432x1440:3432x1440:R10G10B10A2_TYPELESS	ResourceId::20367
8927	ps	miHoYo/Scene/Lit	744	1	ResourceId::20788:TempBuffer 321 3432x1440:3432x1440:R16G16B16A16_TYPELESS;ResourceId::20538:TempBuffer 264 3432x1440:3432x1440:R8G8B8A8_TYPELESS;ResourceId::20546:TempBuffer 266 3432x1440:3432x1440:R10G10B10A2_TYPELESS;ResourceId::20542:TempBuffer 265 3432x1440:3432x1440:R10G10B10A2_TYPELESS	ResourceId::20367
8932	ps	miHoYo/Scene/Lit	9117	1	ResourceId::20788:TempBuffer 321 3432x1440:3432x1440:R16G16B16A16_TYPELESS;ResourceId::20538:TempBuffer 264 3432x1440:3432x1440:R8G8B8A8_TYPELESS;ResourceId::20546:TempBuffer 266 3432x1440:3432x1440:R10G10B10A2_TYPELESS;ResourceId::20542:TempBuffer 265 3432x1440:3432x1440:R10G10B10A2_TYPELESS	ResourceId::20367
8937	ps	miHoYo/Scene/Lit	1794	1	ResourceId::20788:TempBuffer 321 3432x1440:3432x1440:R16G16B16A16_TYPELESS;ResourceId::20538:TempBuffer 264 3432x1440:3432x1440:R8G8B8A8_TYPELESS;ResourceId::20546:TempBuffer 266 3432x1440:3432x1440:R10G10B10A2_TYPELESS;ResourceId::20542:TempBuffer 265 3432x1440:3432x1440:R10G10B10A2_TYPELESS	ResourceId::20367
8944	ps	miHoYo/Scene/Lit	2376	1	ResourceId::20788:TempBuffer 321 3432x1440:3432x1440:R16G16B16A16_TYPELESS;ResourceId::20538:TempBuffer 264 3432x1440:3432x1440:R8G8B8A8_TYPELESS;ResourceId::20546:TempBuffer 266 3432x1440:3432x1440:R10G10B10A2_TYPELESS;ResourceId::20542:TempBuffer 265 3432x1440:3432x1440:R10G10B10A2_TYPELESS	ResourceId::20367
8949	ps	miHoYo/Scene/Lit	2376	1	ResourceId::20788:TempBuffer 321 3432x1440:3432x1440:R16G16B16A16_TYPELESS;ResourceId::20538:TempBuffer 264 3432x1440:3432x1440:R8G8B8A8_TYPELESS;ResourceId::20546:TempBuffer 266 3432x1440:3432x1440:R10G10B10A2_TYPELESS;ResourceId::20542:TempBuffer 265 3432x1440:3432x1440:R10G10B10A2_TYPELESS	ResourceId::20367
8957	ps	miHoYo/Scene/Lit	8226	2	ResourceId::20788:TempBuffer 321 3432x1440:3432x1440:R16G16B16A16_TYPELESS;ResourceId::20538:TempBuffer 264 3432x1440:3432x1440:R8G8B8A8_TYPELESS;ResourceId::20546:TempBuffer 266 3432x1440:3432x1440:R10G10B10A2_TYPELESS;ResourceId::20542:TempBuffer 265 3432x1440:3432x1440:R10G10B10A2_TYPELESS	ResourceId::20367
8962	ps	miHoYo/Scene/Lit	2682	1	ResourceId::20788:TempBuffer 321 3432x1440:3432x1440:R16G16B16A16_TYPELESS;ResourceId::20538:TempBuffer 264 3432x1440:3432x1440:R8G8B8A8_TYPELESS;ResourceId::20546:TempBuffer 266 3432x1440:3432x1440:R10G10B10A2_TYPELESS;ResourceId::20542:TempBuffer 265 3432x1440:3432x1440:R10G10B10A2_TYPELESS	ResourceId::20367
8970	ps	miHoYo/Scene/Lit	384	1	ResourceId::20788:TempBuffer 321 3432x1440:3432x1440:R16G16B16A16_TYPELESS;ResourceId::20538:TempBuffer 264 3432x1440:3432x1440:R8G8B8A8_TYPELESS;ResourceId::20546:TempBuffer 266 3432x1440:3432x1440:R10G10B10A2_TYPELESS;ResourceId::20542:TempBuffer 265 3432x1440:3432x1440:R10G10B10A2_TYPELESS	ResourceId::20367
8975	ps	miHoYo/Scene/Lit	324	1	ResourceId::20788:TempBuffer 321 3432x1440:3432x1440:R16G16B16A16_TYPELESS;ResourceId::20538:TempBuffer 264 3432x1440:3432x1440:R8G8B8A8_TYPELESS;ResourceId::20546:TempBuffer 266 3432x1440:3432x1440:R10G10B10A2_TYPELESS;ResourceId::20542:TempBuffer 265 3432x1440:3432x1440:R10G10B10A2_TYPELESS	ResourceId::20367
9016	ps	miHoYo/Scene/Lit	2742	1	ResourceId::20788:TempBuffer 321 3432x1440:3432x1440:R16G16B16A16_TYPELESS;ResourceId::20538:TempBuffer 264 3432x1440:3432x1440:R8G8B8A8_TYPELESS;ResourceId::20546:TempBuffer 266 3432x1440:3432x1440:R10G10B10A2_TYPELESS;ResourceId::20542:TempBuffer 265 3432x1440:3432x1440:R10G10B10A2_TYPELESS	ResourceId::20367
9049	ps	miHoYo/Scene/Lit	84	4	ResourceId::20788:TempBuffer 321 3432x1440:3432x1440:R16G16B16A16_TYPELESS;ResourceId::20538:TempBuffer 264 3432x1440:3432x1440:R8G8B8A8_TYPELESS;ResourceId::20546:TempBuffer 266 3432x1440:3432x1440:R10G10B10A2_TYPELESS;ResourceId::20542:TempBuffer 265 3432x1440:3432x1440:R10G10B10A2_TYPELESS	ResourceId::20367
9054	ps	miHoYo/Scene/Lit	84	3	ResourceId::20788:TempBuffer 321 3432x1440:3432x1440:R16G16B16A16_TYPELESS;ResourceId::20538:TempBuffer 264 3432x1440:3432x1440:R8G8B8A8_TYPELESS;ResourceId::20546:TempBuffer 266 3432x1440:3432x1440:R10G10B10A2_TYPELESS;ResourceId::20542:TempBuffer 265 3432x1440:3432x1440:R10G10B10A2_TYPELESS	ResourceId::20367
9065	ps	miHoYo/Scene/Lit	732	1	ResourceId::20788:TempBuffer 321 3432x1440:3432x1440:R16G16B16A16_TYPELESS;ResourceId::20538:TempBuffer 264 3432x1440:3432x1440:R8G8B8A8_TYPELESS;ResourceId::20546:TempBuffer 266 3432x1440:3432x1440:R10G10B10A2_TYPELESS;ResourceId::20542:TempBuffer 265 3432x1440:3432x1440:R10G10B10A2_TYPELESS	ResourceId::20367
9072	ps	miHoYo/Scene/Lit	732	1	ResourceId::20788:TempBuffer 321 3432x1440:3432x1440:R16G16B16A16_TYPELESS;ResourceId::20538:TempBuffer 264 3432x1440:3432x1440:R8G8B8A8_TYPELESS;ResourceId::20546:TempBuffer 266 3432x1440:3432x1440:R10G10B10A2_TYPELESS;ResourceId::20542:TempBuffer 265 3432x1440:3432x1440:R10G10B10A2_TYPELESS	ResourceId::20367
9081	ps	miHoYo/Scene/Lit	2196	1	ResourceId::20788:TempBuffer 321 3432x1440:3432x1440:R16G16B16A16_TYPELESS;ResourceId::20538:TempBuffer 264 3432x1440:3432x1440:R8G8B8A8_TYPELESS;ResourceId::20546:TempBuffer 266 3432x1440:3432x1440:R10G10B10A2_TYPELESS;ResourceId::20542:TempBuffer 265 3432x1440:3432x1440:R10G10B10A2_TYPELESS	ResourceId::20367
9106	ps	miHoYo/Scene/Lit_Television	132	0	ResourceId::20788:TempBuffer 321 3432x1440:3432x1440:R16G16B16A16_TYPELESS;ResourceId::20538:TempBuffer 264 3432x1440:3432x1440:R8G8B8A8_TYPELESS;ResourceId::20546:TempBuffer 266 3432x1440:3432x1440:R10G10B10A2_TYPELESS;ResourceId::20542:TempBuffer 265 3432x1440:3432x1440:R10G10B10A2_TYPELESS	ResourceId::20367
9112	ps	miHoYo/Scene/Lit_Television	276	0	ResourceId::20788:TempBuffer 321 3432x1440:3432x1440:R16G16B16A16_TYPELESS;ResourceId::20538:TempBuffer 264 3432x1440:3432x1440:R8G8B8A8_TYPELESS;ResourceId::20546:TempBuffer 266 3432x1440:3432x1440:R10G10B10A2_TYPELESS;ResourceId::20542:TempBuffer 265 3432x1440:3432x1440:R10G10B10A2_TYPELESS	ResourceId::20367
9117	ps	miHoYo/Scene/Lit_Television	738	0	ResourceId::20788:TempBuffer 321 3432x1440:3432x1440:R16G16B16A16_TYPELESS;ResourceId::20538:TempBuffer 264 3432x1440:3432x1440:R8G8B8A8_TYPELESS;ResourceId::20546:TempBuffer 266 3432x1440:3432x1440:R10G10B10A2_TYPELESS;ResourceId::20542:TempBuffer 265 3432x1440:3432x1440:R10G10B10A2_TYPELESS	ResourceId::20367
9124	ps	miHoYo/Scene/Lit_Television	867	0	ResourceId::20788:TempBuffer 321 3432x1440:3432x1440:R16G16B16A16_TYPELESS;ResourceId::20538:TempBuffer 264 3432x1440:3432x1440:R8G8B8A8_TYPELESS;ResourceId::20546:TempBuffer 266 3432x1440:3432x1440:R10G10B10A2_TYPELESS;ResourceId::20542:TempBuffer 265 3432x1440:3432x1440:R10G10B10A2_TYPELESS	ResourceId::20367
9129	ps	miHoYo/Scene/Lit_Television	1968	0	ResourceId::20788:TempBuffer 321 3432x1440:3432x1440:R16G16B16A16_TYPELESS;ResourceId::20538:TempBuffer 264 3432x1440:3432x1440:R8G8B8A8_TYPELESS;ResourceId::20546:TempBuffer 266 3432x1440:3432x1440:R10G10B10A2_TYPELESS;ResourceId::20542:TempBuffer 265 3432x1440:3432x1440:R10G10B10A2_TYPELESS	ResourceId::20367
9137	ps	miHoYo/Scene/Lit_Television	14622	0	ResourceId::20788:TempBuffer 321 3432x1440:3432x1440:R16G16B16A16_TYPELESS;ResourceId::20538:TempBuffer 264 3432x1440:3432x1440:R8G8B8A8_TYPELESS;ResourceId::20546:TempBuffer 266 3432x1440:3432x1440:R10G10B10A2_TYPELESS;ResourceId::20542:TempBuffer 265 3432x1440:3432x1440:R10G10B10A2_TYPELESS	ResourceId::20367
9143	ps	miHoYo/Scene/Lit_Television	14688	0	ResourceId::20788:TempBuffer 321 3432x1440:3432x1440:R16G16B16A16_TYPELESS;ResourceId::20538:TempBuffer 264 3432x1440:3432x1440:R8G8B8A8_TYPELESS;ResourceId::20546:TempBuffer 266 3432x1440:3432x1440:R10G10B10A2_TYPELESS;ResourceId::20542:TempBuffer 265 3432x1440:3432x1440:R10G10B10A2_TYPELESS	ResourceId::20367
9148	ps	miHoYo/Scene/Lit_Television	14688	0	ResourceId::20788:TempBuffer 321 3432x1440:3432x1440:R16G16B16A16_TYPELESS;ResourceId::20538:TempBuffer 264 3432x1440:3432x1440:R8G8B8A8_TYPELESS;ResourceId::20546:TempBuffer 266 3432x1440:3432x1440:R10G10B10A2_TYPELESS;ResourceId::20542:TempBuffer 265 3432x1440:3432x1440:R10G10B10A2_TYPELESS	ResourceId::20367
9179	ps	miHoYo/Scene/Login_Lit	36	4	ResourceId::20788:TempBuffer 321 3432x1440:3432x1440:R16G16B16A16_TYPELESS;ResourceId::20538:TempBuffer 264 3432x1440:3432x1440:R8G8B8A8_TYPELESS;ResourceId::20546:TempBuffer 266 3432x1440:3432x1440:R10G10B10A2_TYPELESS;ResourceId::20542:TempBuffer 265 3432x1440:3432x1440:R10G10B10A2_TYPELESS	ResourceId::20367
9197	ps	miHoYo/Scene/Lit_Television	408	0	ResourceId::20788:TempBuffer 321 3432x1440:3432x1440:R16G16B16A16_TYPELESS;ResourceId::20538:TempBuffer 264 3432x1440:3432x1440:R8G8B8A8_TYPELESS;ResourceId::20546:TempBuffer 266 3432x1440:3432x1440:R10G10B10A2_TYPELESS;ResourceId::20542:TempBuffer 265 3432x1440:3432x1440:R10G10B10A2_TYPELESS	ResourceId::20367
9206	ps	miHoYo/Scene/Lit_Television	672	0	ResourceId::20788:TempBuffer 321 3432x1440:3432x1440:R16G16B16A16_TYPELESS;ResourceId::20538:TempBuffer 264 3432x1440:3432x1440:R8G8B8A8_TYPELESS;ResourceId::20546:TempBuffer 266 3432x1440:3432x1440:R10G10B10A2_TYPELESS;ResourceId::20542:TempBuffer 265 3432x1440:3432x1440:R10G10B10A2_TYPELESS	ResourceId::20367
9211	ps	miHoYo/Scene/Lit_Television	672	0	ResourceId::20788:TempBuffer 321 3432x1440:3432x1440:R16G16B16A16_TYPELESS;ResourceId::20538:TempBuffer 264 3432x1440:3432x1440:R8G8B8A8_TYPELESS;ResourceId::20546:TempBuffer 266 3432x1440:3432x1440:R10G10B10A2_TYPELESS;ResourceId::20542:TempBuffer 265 3432x1440:3432x1440:R10G10B10A2_TYPELESS	ResourceId::20367
9235	ps	miHoYo/Scene/Lit_PropFXSimplify	1344	0	ResourceId::20788:TempBuffer 321 3432x1440:3432x1440:R16G16B16A16_TYPELESS;ResourceId::20538:TempBuffer 264 3432x1440:3432x1440:R8G8B8A8_TYPELESS;ResourceId::20546:TempBuffer 266 3432x1440:3432x1440:R10G10B10A2_TYPELESS;ResourceId::20542:TempBuffer 265 3432x1440:3432x1440:R10G10B10A2_TYPELESS	ResourceId::20367
9244	ps	miHoYo/Scene/Lit_PropFXSimplify	1344	0	ResourceId::20788:TempBuffer 321 3432x1440:3432x1440:R16G16B16A16_TYPELESS;ResourceId::20538:TempBuffer 264 3432x1440:3432x1440:R8G8B8A8_TYPELESS;ResourceId::20546:TempBuffer 266 3432x1440:3432x1440:R10G10B10A2_TYPELESS;ResourceId::20542:TempBuffer 265 3432x1440:3432x1440:R10G10B10A2_TYPELESS	ResourceId::20367
9253	ps	miHoYo/Scene/Lit_PropFXSimplify	1344	0	ResourceId::20788:TempBuffer 321 3432x1440:3432x1440:R16G16B16A16_TYPELESS;ResourceId::20538:TempBuffer 264 3432x1440:3432x1440:R8G8B8A8_TYPELESS;ResourceId::20546:TempBuffer 266 3432x1440:3432x1440:R10G10B10A2_TYPELESS;ResourceId::20542:TempBuffer 265 3432x1440:3432x1440:R10G10B10A2_TYPELESS	ResourceId::20367
9262	ps	miHoYo/Scene/Lit_PropFXSimplify	1344	0	ResourceId::20788:TempBuffer 321 3432x1440:3432x1440:R16G16B16A16_TYPELESS;ResourceId::20538:TempBuffer 264 3432x1440:3432x1440:R8G8B8A8_TYPELESS;ResourceId::20546:TempBuffer 266 3432x1440:3432x1440:R10G10B10A2_TYPELESS;ResourceId::20542:TempBuffer 265 3432x1440:3432x1440:R10G10B10A2_TYPELESS	ResourceId::20367
9271	ps	miHoYo/Scene/Lit_PropFXSimplify	1344	0	ResourceId::20788:TempBuffer 321 3432x1440:3432x1440:R16G16B16A16_TYPELESS;ResourceId::20538:TempBuffer 264 3432x1440:3432x1440:R8G8B8A8_TYPELESS;ResourceId::20546:TempBuffer 266 3432x1440:3432x1440:R10G10B10A2_TYPELESS;ResourceId::20542:TempBuffer 265 3432x1440:3432x1440:R10G10B10A2_TYPELESS	ResourceId::20367
9280	ps	miHoYo/Scene/Lit_PropFXSimplify	1344	0	ResourceId::20788:TempBuffer 321 3432x1440:3432x1440:R16G16B16A16_TYPELESS;ResourceId::20538:TempBuffer 264 3432x1440:3432x1440:R8G8B8A8_TYPELESS;ResourceId::20546:TempBuffer 266 3432x1440:3432x1440:R10G10B10A2_TYPELESS;ResourceId::20542:TempBuffer 265 3432x1440:3432x1440:R10G10B10A2_TYPELESS	ResourceId::20367
9289	ps	miHoYo/Scene/Lit_PropFXSimplify	1344	0	ResourceId::20788:TempBuffer 321 3432x1440:3432x1440:R16G16B16A16_TYPELESS;ResourceId::20538:TempBuffer 264 3432x1440:3432x1440:R8G8B8A8_TYPELESS;ResourceId::20546:TempBuffer 266 3432x1440:3432x1440:R10G10B10A2_TYPELESS;ResourceId::20542:TempBuffer 265 3432x1440:3432x1440:R10G10B10A2_TYPELESS	ResourceId::20367
9298	ps	miHoYo/Scene/Lit_PropFXSimplify	1344	0	ResourceId::20788:TempBuffer 321 3432x1440:3432x1440:R16G16B16A16_TYPELESS;ResourceId::20538:TempBuffer 264 3432x1440:3432x1440:R8G8B8A8_TYPELESS;ResourceId::20546:TempBuffer 266 3432x1440:3432x1440:R10G10B10A2_TYPELESS;ResourceId::20542:TempBuffer 265 3432x1440:3432x1440:R10G10B10A2_TYPELESS	ResourceId::20367
9307	ps	miHoYo/Scene/Lit_PropFXSimplify	1344	0	ResourceId::20788:TempBuffer 321 3432x1440:3432x1440:R16G16B16A16_TYPELESS;ResourceId::20538:TempBuffer 264 3432x1440:3432x1440:R8G8B8A8_TYPELESS;ResourceId::20546:TempBuffer 266 3432x1440:3432x1440:R10G10B10A2_TYPELESS;ResourceId::20542:TempBuffer 265 3432x1440:3432x1440:R10G10B10A2_TYPELESS	ResourceId::20367
9316	ps	miHoYo/Scene/Lit_PropFXSimplify	1344	0	ResourceId::20788:TempBuffer 321 3432x1440:3432x1440:R16G16B16A16_TYPELESS;ResourceId::20538:TempBuffer 264 3432x1440:3432x1440:R8G8B8A8_TYPELESS;ResourceId::20546:TempBuffer 266 3432x1440:3432x1440:R10G10B10A2_TYPELESS;ResourceId::20542:TempBuffer 265 3432x1440:3432x1440:R10G10B10A2_TYPELESS	ResourceId::20367
9349	ps	miHoYo/Character/NapAvatarStandardEye	1260	1	ResourceId::20788:TempBuffer 321 3432x1440:3432x1440:R16G16B16A16_TYPELESS;ResourceId::20538:TempBuffer 264 3432x1440:3432x1440:R8G8B8A8_TYPELESS;ResourceId::20546:TempBuffer 266 3432x1440:3432x1440:R10G10B10A2_TYPELESS;ResourceId::20542:TempBuffer 265 3432x1440:3432x1440:R10G10B10A2_TYPELESS	ResourceId::20367
9372	ps	miHoYo/Character/NapAvatarStandard	15834	1	ResourceId::20788:TempBuffer 321 3432x1440:3432x1440:R16G16B16A16_TYPELESS;ResourceId::20538:TempBuffer 264 3432x1440:3432x1440:R8G8B8A8_TYPELESS;ResourceId::20546:TempBuffer 266 3432x1440:3432x1440:R10G10B10A2_TYPELESS;ResourceId::20542:TempBuffer 265 3432x1440:3432x1440:R10G10B10A2_TYPELESS	ResourceId::20367
9402	ps	miHoYo/Character/NapAvatarStandard	15834	1	ResourceId::20788:TempBuffer 321 3432x1440:3432x1440:R16G16B16A16_TYPELESS;ResourceId::20538:TempBuffer 264 3432x1440:3432x1440:R8G8B8A8_TYPELESS;ResourceId::20546:TempBuffer 266 3432x1440:3432x1440:R10G10B10A2_TYPELESS;ResourceId::20542:TempBuffer 265 3432x1440:3432x1440:R10G10B10A2_TYPELESS	ResourceId::20367
9423	ps	miHoYo/Character/NapAvatarStandard	15834	1	ResourceId::20788:TempBuffer 321 3432x1440:3432x1440:R16G16B16A16_TYPELESS;ResourceId::20538:TempBuffer 264 3432x1440:3432x1440:R8G8B8A8_TYPELESS;ResourceId::20546:TempBuffer 266 3432x1440:3432x1440:R10G10B10A2_TYPELESS;ResourceId::20542:TempBuffer 265 3432x1440:3432x1440:R10G10B10A2_TYPELESS	ResourceId::20367
9436	ps	miHoYo/Scene/NapSkybox	3	0	ResourceId::20788:TempBuffer 321 3432x1440:3432x1440:R16G16B16A16_TYPELESS;ResourceId::20538:TempBuffer 264 3432x1440:3432x1440:R8G8B8A8_TYPELESS;ResourceId::20546:TempBuffer 266 3432x1440:3432x1440:R10G10B10A2_TYPELESS;ResourceId::20542:TempBuffer 265 3432x1440:3432x1440:R10G10B10A2_TYPELESS	ResourceId::20367
9475	ps	miHoYo/Scene/Decal	36	3	ResourceId::20788:TempBuffer 321 3432x1440:3432x1440:R16G16B16A16_TYPELESS;ResourceId::20538:TempBuffer 264 3432x1440:3432x1440:R8G8B8A8_TYPELESS;ResourceId::20546:TempBuffer 266 3432x1440:3432x1440:R10G10B10A2_TYPELESS;ResourceId::20542:TempBuffer 265 3432x1440:3432x1440:R10G10B10A2_TYPELESS	ResourceId::20367
9494	ps	Hidden/Universal Render Pipeline/DepthPiramid	3	0	ResourceId::20561:TempBuffer 269 1716x720:1716x720:R32_TYPELESS;ResourceId::20565:TempBuffer 270 1716x720:1716x720:R10G10B10A2_TYPELESS;ResourceId::20554:TempBuffer 268 1716x720:1716x720:R16G16_TYPELESS	ResourceId::20569
9506	ps	Hidden/Universal Render Pipeline/DepthPiramid	3	0	ResourceId::20554:TempBuffer 268 1716x720:1716x720:R16G16_TYPELESS	ResourceId::0
9524	cs	BuildHIZ.HZBBuildCS	0	0	ResourceId::20554:TempBuffer 268 1716x720:1716x720:R16G16_TYPELESS	ResourceId::0
9542	cs	BuildHIZ.HZBBuildCS	0	0	ResourceId::20554:TempBuffer 268 1716x720:1716x720:R16G16_TYPELESS	ResourceId::0
9559	cs	BuildHIZ.HZBBuildCS	0	0	ResourceId::20554:TempBuffer 268 1716x720:1716x720:R16G16_TYPELESS	ResourceId::0
9587	ps	Hidden/Internal-HIZ-Culling	3	0	ResourceId::3868:TempBuffer 129 256x256:256x256:R8_TYPELESS	ResourceId::0
9597	cs	scrbound.ScreenBoundsAABB	0	0	ResourceId::3868:TempBuffer 129 256x256:256x256:R8_TYPELESS	ResourceId::0
9607	cs	lightlistbuild-clustered.ClearAtomic	0	0	ResourceId::3868:TempBuffer 129 256x256:256x256:R8_TYPELESS	ResourceId::0
9622	cs	lightlistbuild-clustered.TileLightListGen_NoDepthRT	0	0	ResourceId::3868:TempBuffer 129 256x256:256x256:R8_TYPELESS	ResourceId::0
9635	cs	lightlistbuild-worldgrid.Split	0	0	ResourceId::3868:TempBuffer 129 256x256:256x256:R8_TYPELESS	ResourceId::0
9650	cs	lightlistbuild-worldgrid.CullLights	0	0	ResourceId::3868:TempBuffer 129 256x256:256x256:R8_TYPELESS	ResourceId::0
9667	ps	Hidden/Universal Render Pipeline/ScreenSpaceShadows	3	0	ResourceId::20585:TempBuffer 275 858x360:858x360:R8_TYPELESS	ResourceId::0
9679	ps	Hidden/PostProcessing/Gaussian Blur	3	0	ResourceId::20581:TempBuffer 274 858x360:858x360:R8_TYPELESS	ResourceId::0
9689	ps	Hidden/PostProcessing/Gaussian Blur	3	0	ResourceId::20585:TempBuffer 275 858x360:858x360:R8_TYPELESS	ResourceId::0
9714	ps	Hidden/Universal Render Pipeline/ScreenSpaceShadows	3	0	ResourceId::20577:TempBuffer 273 3432x1440:3432x1440:R8G8B8A8_TYPELESS	ResourceId::20367
9728	ps	Universal Render Pipeline/PerObjectShadowResolve	36	0	ResourceId::20577:TempBuffer 273 3432x1440:3432x1440:R8G8B8A8_TYPELESS	ResourceId::20367
9744	ps	Universal Render Pipeline/PerObjectShadowResolve	36	0	ResourceId::20577:TempBuffer 273 3432x1440:3432x1440:R8G8B8A8_TYPELESS	ResourceId::20367
9754	ps	Universal Render Pipeline/PerObjectShadowResolve	36	0	ResourceId::20577:TempBuffer 273 3432x1440:3432x1440:R8G8B8A8_TYPELESS	ResourceId::20367
9769	ps	Universal Render Pipeline/PerObjectShadowResolve	36	0	ResourceId::20577:TempBuffer 273 3432x1440:3432x1440:R8G8B8A8_TYPELESS	ResourceId::20367
9779	ps	Universal Render Pipeline/PerObjectShadowResolve	36	0	ResourceId::20577:TempBuffer 273 3432x1440:3432x1440:R8G8B8A8_TYPELESS	ResourceId::20367
9794	ps	Universal Render Pipeline/PerObjectShadowResolve	36	0	ResourceId::20577:TempBuffer 273 3432x1440:3432x1440:R8G8B8A8_TYPELESS	ResourceId::20367
9804	ps	Universal Render Pipeline/PerObjectShadowResolve	36	0	ResourceId::20577:TempBuffer 273 3432x1440:3432x1440:R8G8B8A8_TYPELESS	ResourceId::20367
9819	ps	Universal Render Pipeline/PerObjectShadowResolve	36	0	ResourceId::20577:TempBuffer 273 3432x1440:3432x1440:R8G8B8A8_TYPELESS	ResourceId::20367
9829	ps	Universal Render Pipeline/PerObjectShadowResolve	36	0	ResourceId::20577:TempBuffer 273 3432x1440:3432x1440:R8G8B8A8_TYPELESS	ResourceId::20367
9844	ps	Universal Render Pipeline/PerObjectShadowResolve	36	0	ResourceId::20577:TempBuffer 273 3432x1440:3432x1440:R8G8B8A8_TYPELESS	ResourceId::20367
9854	ps	Universal Render Pipeline/PerObjectShadowResolve	36	0	ResourceId::20577:TempBuffer 273 3432x1440:3432x1440:R8G8B8A8_TYPELESS	ResourceId::20367
9869	ps	Universal Render Pipeline/PerObjectShadowResolve	36	0	ResourceId::20577:TempBuffer 273 3432x1440:3432x1440:R8G8B8A8_TYPELESS	ResourceId::20367
9879	ps	Universal Render Pipeline/PerObjectShadowResolve	36	0	ResourceId::20577:TempBuffer 273 3432x1440:3432x1440:R8G8B8A8_TYPELESS	ResourceId::20367
9894	ps	Universal Render Pipeline/PerObjectShadowResolve	36	0	ResourceId::20577:TempBuffer 273 3432x1440:3432x1440:R8G8B8A8_TYPELESS	ResourceId::20367
9904	ps	Universal Render Pipeline/PerObjectShadowResolve	36	0	ResourceId::20577:TempBuffer 273 3432x1440:3432x1440:R8G8B8A8_TYPELESS	ResourceId::20367
9919	ps	Universal Render Pipeline/PerObjectShadowResolve	36	0	ResourceId::20577:TempBuffer 273 3432x1440:3432x1440:R8G8B8A8_TYPELESS	ResourceId::20367
9929	ps	Universal Render Pipeline/PerObjectShadowResolve	36	0	ResourceId::20577:TempBuffer 273 3432x1440:3432x1440:R8G8B8A8_TYPELESS	ResourceId::20367
9944	ps	Universal Render Pipeline/PerObjectShadowResolve	36	0	ResourceId::20577:TempBuffer 273 3432x1440:3432x1440:R8G8B8A8_TYPELESS	ResourceId::20367
9954	ps	Universal Render Pipeline/PerObjectShadowResolve	36	0	ResourceId::20577:TempBuffer 273 3432x1440:3432x1440:R8G8B8A8_TYPELESS	ResourceId::20367
9969	ps	Universal Render Pipeline/PerObjectShadowResolve	36	0	ResourceId::20577:TempBuffer 273 3432x1440:3432x1440:R8G8B8A8_TYPELESS	ResourceId::20367
9986	cs	CapsuleAO.CapsuleAO	0	0	ResourceId::20577:TempBuffer 273 3432x1440:3432x1440:R8G8B8A8_TYPELESS	ResourceId::20367
10017	ps	miHoYo/Scene/VolumetricFog	36	0	ResourceId::20594:TempBuffer 277 1920x805:1920x805:R11G11B10_FLOAT	ResourceId::0
10029	ps	miHoYo/Scene/VolumetricFog	36	0	ResourceId::20594:TempBuffer 277 1920x805:1920x805:R11G11B10_FLOAT	ResourceId::0
10044	ps	miHoYo/Scene/VolumetricFog	6	0	ResourceId::20594:TempBuffer 277 1920x805:1920x805:R11G11B10_FLOAT	ResourceId::0
10051	ps	miHoYo/Scene/VolumetricFog	6	0	ResourceId::20594:TempBuffer 277 1920x805:1920x805:R11G11B10_FLOAT	ResourceId::0
10067	ps	Hidden/VolumetricFogBlit	3	0	ResourceId::20598:TempBuffer 278 1920x805:1920x805:R11G11B10_FLOAT	ResourceId::0
10080	ps	Hidden/VolumetricFogBlit	3	0	ResourceId::12786:_VolumetricFog0:1920x805:R11G11B10_FLOAT	ResourceId::0
10094	ps	Hidden/Amplify Occlusion/OcclusionPostProcessing	3	0	ResourceId::20602:TempBuffer 279 1716x720:1716x720:R32G32B32A32_TYPELESS	ResourceId::0
10108	ps	Hidden/Amplify Occlusion/OcclusionPostProcessing	3	0	ResourceId::20606:TempBuffer 280 1716x720:1716x720:R8_TYPELESS	ResourceId::0
10122	ps	Hidden/Amplify Occlusion/OcclusionPostProcessing	3	0	ResourceId::3546:_GTAO1:1716x720:R8_TYPELESS	ResourceId::0
10136	ps	Hidden/Amplify Occlusion/OcclusionPostProcessing	3	0	ResourceId::20610:TempBuffer 281 3432x1440:3432x1440:R8_TYPELESS	ResourceId::0
10149	ps	Hidden/Universal Render Pipeline/DeferredShading	3	0	ResourceId::20622:TempBuffer 284 3432x1440:3432x1440:R11G11B10_FLOAT;ResourceId::20626:TempBuffer 285 3432x1440:3432x1440:R10G10B10A2_TYPELESS	ResourceId::20367
10165	ps	Hidden/Universal Render Pipeline/DeferredShading	3	0	ResourceId::20622:TempBuffer 284 3432x1440:3432x1440:R11G11B10_FLOAT;ResourceId::20626:TempBuffer 285 3432x1440:3432x1440:R10G10B10A2_TYPELESS	ResourceId::20367
10175	ps	Hidden/Universal Render Pipeline/DeferredShading	3	0	ResourceId::20622:TempBuffer 284 3432x1440:3432x1440:R11G11B10_FLOAT;ResourceId::20626:TempBuffer 285 3432x1440:3432x1440:R10G10B10A2_TYPELESS	ResourceId::20367
10193	ps	Hidden/Universal Render Pipeline/DeferredShading	3	0	ResourceId::20622:TempBuffer 284 3432x1440:3432x1440:R11G11B10_FLOAT;ResourceId::20626:TempBuffer 285 3432x1440:3432x1440:R10G10B10A2_TYPELESS	ResourceId::20367
10218	ps	miHoYo/Effects/PostLight	36	0	ResourceId::20622:TempBuffer 284 3432x1440:3432x1440:R11G11B10_FLOAT;ResourceId::20626:TempBuffer 285 3432x1440:3432x1440:R10G10B10A2_TYPELESS	ResourceId::20367
10232	ps	miHoYo/Effects/PostLight	36	0	ResourceId::20622:TempBuffer 284 3432x1440:3432x1440:R11G11B10_FLOAT;ResourceId::20626:TempBuffer 285 3432x1440:3432x1440:R10G10B10A2_TYPELESS	ResourceId::20367
10246	ps	miHoYo/Effects/PostLight	36	0	ResourceId::20622:TempBuffer 284 3432x1440:3432x1440:R11G11B10_FLOAT;ResourceId::20626:TempBuffer 285 3432x1440:3432x1440:R10G10B10A2_TYPELESS	ResourceId::20367
10260	ps	miHoYo/Effects/PostLight	36	0	ResourceId::20622:TempBuffer 284 3432x1440:3432x1440:R11G11B10_FLOAT;ResourceId::20626:TempBuffer 285 3432x1440:3432x1440:R10G10B10A2_TYPELESS	ResourceId::20367
10274	ps	miHoYo/Effects/PostLight	36	0	ResourceId::20622:TempBuffer 284 3432x1440:3432x1440:R11G11B10_FLOAT;ResourceId::20626:TempBuffer 285 3432x1440:3432x1440:R10G10B10A2_TYPELESS	ResourceId::20367
10288	ps	miHoYo/Effects/PostLight	36	0	ResourceId::20622:TempBuffer 284 3432x1440:3432x1440:R11G11B10_FLOAT;ResourceId::20626:TempBuffer 285 3432x1440:3432x1440:R10G10B10A2_TYPELESS	ResourceId::20367
10302	ps	miHoYo/Effects/PostLight	36	0	ResourceId::20622:TempBuffer 284 3432x1440:3432x1440:R11G11B10_FLOAT;ResourceId::20626:TempBuffer 285 3432x1440:3432x1440:R10G10B10A2_TYPELESS	ResourceId::20367
10316	ps	miHoYo/Effects/PostLight	36	0	ResourceId::20622:TempBuffer 284 3432x1440:3432x1440:R11G11B10_FLOAT;ResourceId::20626:TempBuffer 285 3432x1440:3432x1440:R10G10B10A2_TYPELESS	ResourceId::20367
10330	ps	miHoYo/Effects/PostLight	36	0	ResourceId::20622:TempBuffer 284 3432x1440:3432x1440:R11G11B10_FLOAT;ResourceId::20626:TempBuffer 285 3432x1440:3432x1440:R10G10B10A2_TYPELESS	ResourceId::20367
10344	ps	miHoYo/Effects/PostLight	36	0	ResourceId::20622:TempBuffer 284 3432x1440:3432x1440:R11G11B10_FLOAT;ResourceId::20626:TempBuffer 285 3432x1440:3432x1440:R10G10B10A2_TYPELESS	ResourceId::20367
10358	ps	miHoYo/Effects/PostLight	36	0	ResourceId::20622:TempBuffer 284 3432x1440:3432x1440:R11G11B10_FLOAT;ResourceId::20626:TempBuffer 285 3432x1440:3432x1440:R10G10B10A2_TYPELESS	ResourceId::20367
10372	ps	miHoYo/Effects/PostLight	36	0	ResourceId::20622:TempBuffer 284 3432x1440:3432x1440:R11G11B10_FLOAT;ResourceId::20626:TempBuffer 285 3432x1440:3432x1440:R10G10B10A2_TYPELESS	ResourceId::20367
10386	ps	miHoYo/Effects/PostLight	36	0	ResourceId::20622:TempBuffer 284 3432x1440:3432x1440:R11G11B10_FLOAT;ResourceId::20626:TempBuffer 285 3432x1440:3432x1440:R10G10B10A2_TYPELESS	ResourceId::20367
10400	ps	miHoYo/Effects/PostLight	36	0	ResourceId::20622:TempBuffer 284 3432x1440:3432x1440:R11G11B10_FLOAT;ResourceId::20626:TempBuffer 285 3432x1440:3432x1440:R10G10B10A2_TYPELESS	ResourceId::20367
10426	ps	Hidden/Universal Render Pipeline/DeferredShading	3	0	ResourceId::20622:TempBuffer 284 3432x1440:3432x1440:R11G11B10_FLOAT;ResourceId::20626:TempBuffer 285 3432x1440:3432x1440:R10G10B10A2_TYPELESS	ResourceId::20367
10454	ps	Hidden/Universal Render Pipeline/DeferredShading	3	0	ResourceId::20622:TempBuffer 284 3432x1440:3432x1440:R11G11B10_FLOAT;ResourceId::20626:TempBuffer 285 3432x1440:3432x1440:R10G10B10A2_TYPELESS	ResourceId::20367
10474	ps	miHoYo/Scene/NapSkybox	3	0	ResourceId::20622:TempBuffer 284 3432x1440:3432x1440:R11G11B10_FLOAT;ResourceId::20626:TempBuffer 285 3432x1440:3432x1440:R10G10B10A2_TYPELESS	ResourceId::20367
10498	ps	Hidden/BlitCopy	6	0	ResourceId::20630:TempBuffer 286 3432x1440:3432x1440:R11G11B10_FLOAT	ResourceId::0
10522	ps	Hidden/Universal Render Pipeline/DeferredShading	3	0	ResourceId::20634:TempBuffer 287 1716x720:1716x720:R11G11B10_FLOAT	ResourceId::0
10548	ps	Hidden/Universal Render Pipeline/DeferredShading	3	0	ResourceId::20363:TempBuffer 258 3432x1440:3432x1440:R11G11B10_FLOAT	ResourceId::20367
10558	ps	Hidden/Universal Render Pipeline/DeferredShading	3	0	ResourceId::20363:TempBuffer 258 3432x1440:3432x1440:R11G11B10_FLOAT	ResourceId::20367
10570	ps	Hidden/Universal Render Pipeline/DeferredShading	3	0	ResourceId::20363:TempBuffer 258 3432x1440:3432x1440:R11G11B10_FLOAT	ResourceId::20367
10620	ps	miHoYo/Scene/Lit_Television	132	0	ResourceId::20363:TempBuffer 258 3432x1440:3432x1440:R11G11B10_FLOAT	ResourceId::20367
10646	ps	miHoYo/Scene/Lit_Television	276	0	ResourceId::20363:TempBuffer 258 3432x1440:3432x1440:R11G11B10_FLOAT	ResourceId::20367
10669	ps	miHoYo/Scene/Lit_Television	738	0	ResourceId::20363:TempBuffer 258 3432x1440:3432x1440:R11G11B10_FLOAT	ResourceId::20367
10698	ps	miHoYo/Scene/Lit_Television	867	0	ResourceId::20363:TempBuffer 258 3432x1440:3432x1440:R11G11B10_FLOAT	ResourceId::20367
10721	ps	miHoYo/Scene/Lit_Television	1968	0	ResourceId::20363:TempBuffer 258 3432x1440:3432x1440:R11G11B10_FLOAT	ResourceId::20367
10751	ps	miHoYo/Scene/Lit_Television	14622	0	ResourceId::20363:TempBuffer 258 3432x1440:3432x1440:R11G11B10_FLOAT	ResourceId::20367
10777	ps	miHoYo/Scene/Lit_Television	14688	0	ResourceId::20363:TempBuffer 258 3432x1440:3432x1440:R11G11B10_FLOAT	ResourceId::20367
10800	ps	miHoYo/Scene/Lit_Television	14688	0	ResourceId::20363:TempBuffer 258 3432x1440:3432x1440:R11G11B10_FLOAT	ResourceId::20367
10842	ps	miHoYo/Scene/Lit_Television	408	0	ResourceId::20363:TempBuffer 258 3432x1440:3432x1440:R11G11B10_FLOAT	ResourceId::20367
10877	ps	miHoYo/Scene/Lit_Television	672	0	ResourceId::20363:TempBuffer 258 3432x1440:3432x1440:R11G11B10_FLOAT	ResourceId::20367
10900	ps	miHoYo/Scene/Lit_Television	672	0	ResourceId::20363:TempBuffer 258 3432x1440:3432x1440:R11G11B10_FLOAT	ResourceId::20367
10930	ps	miHoYo/Scene/Lit_PropFXSimplify	1344	0	ResourceId::20363:TempBuffer 258 3432x1440:3432x1440:R11G11B10_FLOAT	ResourceId::20367
10939	ps	miHoYo/Scene/Lit_PropFXSimplify	1344	0	ResourceId::20363:TempBuffer 258 3432x1440:3432x1440:R11G11B10_FLOAT	ResourceId::20367
10948	ps	miHoYo/Scene/Lit_PropFXSimplify	1344	0	ResourceId::20363:TempBuffer 258 3432x1440:3432x1440:R11G11B10_FLOAT	ResourceId::20367
10957	ps	miHoYo/Scene/Lit_PropFXSimplify	1344	0	ResourceId::20363:TempBuffer 258 3432x1440:3432x1440:R11G11B10_FLOAT	ResourceId::20367
10966	ps	miHoYo/Scene/Lit_PropFXSimplify	1344	0	ResourceId::20363:TempBuffer 258 3432x1440:3432x1440:R11G11B10_FLOAT	ResourceId::20367
10975	ps	miHoYo/Scene/Lit_PropFXSimplify	1344	0	ResourceId::20363:TempBuffer 258 3432x1440:3432x1440:R11G11B10_FLOAT	ResourceId::20367
10984	ps	miHoYo/Scene/Lit_PropFXSimplify	1344	0	ResourceId::20363:TempBuffer 258 3432x1440:3432x1440:R11G11B10_FLOAT	ResourceId::20367
10993	ps	miHoYo/Scene/Lit_PropFXSimplify	1344	0	ResourceId::20363:TempBuffer 258 3432x1440:3432x1440:R11G11B10_FLOAT	ResourceId::20367
11002	ps	miHoYo/Scene/Lit_PropFXSimplify	1344	0	ResourceId::20363:TempBuffer 258 3432x1440:3432x1440:R11G11B10_FLOAT	ResourceId::20367
11011	ps	miHoYo/Scene/Lit_PropFXSimplify	1344	0	ResourceId::20363:TempBuffer 258 3432x1440:3432x1440:R11G11B10_FLOAT	ResourceId::20367
11032	ps	miHoYo/Scene/NapSkybox	3	0	ResourceId::20363:TempBuffer 258 3432x1440:3432x1440:R11G11B10_FLOAT	ResourceId::20367
11055	ps	Hidden/BlitCopy	6	0	ResourceId::20634:TempBuffer 287 1716x720:1716x720:R11G11B10_FLOAT	ResourceId::0
11073	ps	Hidden/PostProcessing/HighQualityBloom	3	0	ResourceId::20712:TempBuffer 303 2574x1080:2574x1080:R11G11B10_FLOAT	ResourceId::0
11085	ps	Hidden/PostProcessing/HighQualityBloom	3	0	ResourceId::20642:TempBuffer 289 1287x540:1287x540:R11G11B10_FLOAT	ResourceId::0
11094	ps	Hidden/PostProcessing/HighQualityBloom	3	0	ResourceId::20652:TempBuffer 291 644x270:644x270:R11G11B10_FLOAT	ResourceId::0
11103	ps	Hidden/PostProcessing/HighQualityBloom	3	0	ResourceId::20662:TempBuffer 293 322x135:322x135:R11G11B10_FLOAT	ResourceId::0
11112	ps	Hidden/PostProcessing/HighQualityBloom	3	0	ResourceId::20672:TempBuffer 295 161x68:161x68:R11G11B10_FLOAT	ResourceId::0
11121	ps	Hidden/PostProcessing/HighQualityBloom	3	0	ResourceId::20682:TempBuffer 297 80x34:80x34:R11G11B10_FLOAT	ResourceId::0
11130	ps	Hidden/PostProcessing/HighQualityBloom	3	0	ResourceId::20692:TempBuffer 299 40x17:40x17:R11G11B10_FLOAT	ResourceId::0
11139	ps	Hidden/PostProcessing/HighQualityBloom	3	0	ResourceId::20702:TempBuffer 301 20x8:20x8:R11G11B10_FLOAT	ResourceId::0
11152	ps	Hidden/PPFilterShader	3	0	ResourceId::20716:TempBuffer 304 40x17:40x17:R11G11B10_FLOAT	ResourceId::0
11161	ps	Hidden/PPFilterShader	3	0	ResourceId::20697:TempBuffer 300 40x17:40x17:R11G11B10_FLOAT	ResourceId::0
11170	ps	Hidden/PPFilterShader	3	0	ResourceId::20720:TempBuffer 305 80x34:80x34:R11G11B10_FLOAT	ResourceId::0
11182	ps	Hidden/PPFilterShader	3	0	ResourceId::20687:TempBuffer 298 80x34:80x34:R11G11B10_FLOAT	ResourceId::0
11193	ps	Hidden/PPFilterShader	3	0	ResourceId::20724:TempBuffer 306 161x68:161x68:R11G11B10_FLOAT	ResourceId::0
11205	ps	Hidden/PPFilterShader	3	0	ResourceId::20677:TempBuffer 296 161x68:161x68:R11G11B10_FLOAT	ResourceId::0
11216	ps	Hidden/PPFilterShader	3	0	ResourceId::20728:TempBuffer 307 322x135:322x135:R11G11B10_FLOAT	ResourceId::0
11228	ps	Hidden/PPFilterShader	3	0	ResourceId::20667:TempBuffer 294 322x135:322x135:R11G11B10_FLOAT	ResourceId::0
11239	ps	Hidden/PPFilterShader	3	0	ResourceId::20732:TempBuffer 308 644x270:644x270:R11G11B10_FLOAT	ResourceId::0
11251	ps	Hidden/PPFilterShader	3	0	ResourceId::20657:TempBuffer 292 644x270:644x270:R11G11B10_FLOAT	ResourceId::0
11262	ps	Hidden/PPFilterShader	3	0	ResourceId::20736:TempBuffer 309 1287x540:1287x540:R11G11B10_FLOAT	ResourceId::0
11274	ps	Hidden/PPFilterShader	3	0	ResourceId::20647:TempBuffer 290 1287x540:1287x540:R11G11B10_FLOAT	ResourceId::0
11292	ps	Hidden/PostProcessing/HighQualityBloom	3	0	ResourceId::20363:TempBuffer 258 3432x1440:3432x1440:R11G11B10_FLOAT	ResourceId::20367
11304	ps	Hidden/PostProcessing/HighQualityBloom	3	0	ResourceId::20363:TempBuffer 258 3432x1440:3432x1440:R11G11B10_FLOAT	ResourceId::20367
11315	ps	Hidden/PostProcessing/HighQualityBloom	3	0	ResourceId::20363:TempBuffer 258 3432x1440:3432x1440:R11G11B10_FLOAT	ResourceId::20367
11335	ps	Hidden/BlitCopy	6	0	ResourceId::20630:TempBuffer 286 3432x1440:3432x1440:R11G11B10_FLOAT	ResourceId::0
11350	ps	Hidden/Universal Render Pipeline/Sampling	3	0	ResourceId::20756:TempBuffer 313 1716x720:1716x720:R16_TYPELESS;ResourceId::20748:TempBuffer 311 1716x720:1716x720:R11G11B10_FLOAT	ResourceId::0
11362	ps	Hidden/Universal Render Pipeline/Sampling	3	0	ResourceId::20760:TempBuffer 314 1716x720:1716x720:R11G11B10_FLOAT	ResourceId::0
11373	ps	Hidden/Universal Render Pipeline/Sampling	3	0	ResourceId::20748:TempBuffer 311 1716x720:1716x720:R11G11B10_FLOAT	ResourceId::0
11384	ps	Hidden/Universal Render Pipeline/Sampling	3	0	ResourceId::20760:TempBuffer 314 1716x720:1716x720:R11G11B10_FLOAT	ResourceId::0
11395	ps	Hidden/Universal Render Pipeline/Sampling	3	0	ResourceId::20748:TempBuffer 311 1716x720:1716x720:R11G11B10_FLOAT	ResourceId::0
11420	ps	Hidden/Universal Render Pipeline/Sampling	6	0	ResourceId::20760:TempBuffer 314 1716x720:1716x720:R11G11B10_FLOAT	ResourceId::0
11436	ps	Hidden/Universal Render Pipeline/Sampling	6	0	ResourceId::20752:TempBuffer 312 1716x720:1716x720:R11G11B10_FLOAT	ResourceId::0
11454	ps	Hidden/Universal Render Pipeline/Sampling	6	0	ResourceId::20768:TempBuffer 316 858x360:858x360:R11G11B10_FLOAT	ResourceId::0
11470	ps	Hidden/Universal Render Pipeline/Sampling	6	0	ResourceId::20764:TempBuffer 315 858x360:858x360:R11G11B10_FLOAT	ResourceId::0
11488	ps	Hidden/Universal Render Pipeline/Sampling	6	0	ResourceId::20776:TempBuffer 318 429x180:429x180:R11G11B10_FLOAT	ResourceId::0
11504	ps	Hidden/Universal Render Pipeline/Sampling	6	0	ResourceId::20772:TempBuffer 317 429x180:429x180:R11G11B10_FLOAT	ResourceId::0
11522	ps	Hidden/Universal Render Pipeline/Sampling	6	0	ResourceId::20784:TempBuffer 320 214x90:214x90:R11G11B10_FLOAT	ResourceId::0
11538	ps	Hidden/Universal Render Pipeline/Sampling	6	0	ResourceId::20780:TempBuffer 319 214x90:214x90:R11G11B10_FLOAT	ResourceId::0
11567	ps	miHoYo/Character/NapAvatarNPCTransparent	72	1	ResourceId::20534:TempBuffer 263 3432x1440:3432x1440:R16G16B16A16_TYPELESS	ResourceId::20367
11608	ps	miHoYo/Character/NapAvatarNPCTransparent	72	1	ResourceId::20534:TempBuffer 263 3432x1440:3432x1440:R16G16B16A16_TYPELESS	ResourceId::20367
11651	ps	miHoYo/Scene/TransparentLit_V2	48	0	ResourceId::20534:TempBuffer 263 3432x1440:3432x1440:R16G16B16A16_TYPELESS	ResourceId::20367
11671	ps	miHoYo/Scene/TransparentLit_V2	48	0	ResourceId::20534:TempBuffer 263 3432x1440:3432x1440:R16G16B16A16_TYPELESS	ResourceId::20367
11709	ps	miHoYo/Character/NapAvatarStandardTransparent	24159	1	ResourceId::20534:TempBuffer 263 3432x1440:3432x1440:R16G16B16A16_TYPELESS	ResourceId::20367
11733	ps	miHoYo/Character/NapAvatarStandardTransparent	24159	1	ResourceId::20534:TempBuffer 263 3432x1440:3432x1440:R16G16B16A16_TYPELESS	ResourceId::20367
11759	ps	miHoYo/Character/NapAvatarStandardTransparent	24159	1	ResourceId::20534:TempBuffer 263 3432x1440:3432x1440:R16G16B16A16_TYPELESS	ResourceId::20367
11789	ps	miHoYo/Character/NapAvatarStandardTransparent	3507	1	ResourceId::20534:TempBuffer 263 3432x1440:3432x1440:R16G16B16A16_TYPELESS	ResourceId::20367
11813	ps	miHoYo/Character/NapAvatarStandardTransparent	3507	1	ResourceId::20534:TempBuffer 263 3432x1440:3432x1440:R16G16B16A16_TYPELESS	ResourceId::20367
11838	ps	miHoYo/Character/NapAvatarStandardTransparent	3507	1	ResourceId::20534:TempBuffer 263 3432x1440:3432x1440:R16G16B16A16_TYPELESS	ResourceId::20367
11858	ps	Hidden/Universal Render Pipeline/BlitForOffScreenParticles	6	0	ResourceId::20363:TempBuffer 258 3432x1440:3432x1440:R11G11B10_FLOAT	ResourceId::20367
11867	ps	Hidden/VolumetricFogBlit	3	0	ResourceId::20363:TempBuffer 258 3432x1440:3432x1440:R11G11B10_FLOAT	ResourceId::20367
11888	ps	miHoYo/Particles/Particles_Dissolve_CustomColor_Mask	16023	0	ResourceId::20363:TempBuffer 258 3432x1440:3432x1440:R11G11B10_FLOAT	ResourceId::20367
11896	ps	miHoYo/Particles/Particles_Dissolve_CustomColor_Mask	18762	0	ResourceId::20363:TempBuffer 258 3432x1440:3432x1440:R11G11B10_FLOAT	ResourceId::20367
11902	ps	miHoYo/Particles/Particles_Dissolve_CustomColor_Mask	14232	0	ResourceId::20363:TempBuffer 258 3432x1440:3432x1440:R11G11B10_FLOAT	ResourceId::20367
11921	ps	Hidden/NAP/LightShaftOcclusion	3	0	ResourceId::20796:TempBuffer 323 1716x720:1716x720:R8G8B8A8_TYPELESS	ResourceId::0
11936	ps	Hidden/NAP/LightShaft	3	0	ResourceId::20792:TempBuffer 322 1716x720:1716x720:R8G8B8A8_TYPELESS	ResourceId::0
11948	ps	Hidden/TemporalAntialiasing	3	0	ResourceId::20363:TempBuffer 258 3432x1440:3432x1440:R11G11B10_FLOAT	ResourceId::0
11966	ps	Hidden/TemporalAntialiasing	3	0	ResourceId::20347:_TAART0:3432x1440:R11G11B10_FLOAT;ResourceId::20355:_TAAIDRT0_3432x1440_R8:3432x1440:R8_TYPELESS	ResourceId::0
11983	ps	Hidden/PostProcessing/Nap Bloom	6	0	ResourceId::20804:TempBuffer 325 611x256:611x256:R11G11B10_FLOAT	ResourceId::0
11997	ps	Hidden/PostProcessing/NAPBloom/MultipleGaussPassFilter	6	0	ResourceId::20808:TempBuffer 326 611x256:611x256:R11G11B10_FLOAT	ResourceId::0
12008	ps	Hidden/PostProcessing/NAPBloom/MultipleGaussPassFilter	6	0	ResourceId::20804:TempBuffer 325 611x256:611x256:R11G11B10_FLOAT	ResourceId::0
12022	ps	Hidden/PostProcessing/Nap Bloom	6	0	ResourceId::20812:TempBuffer 327 270x211:270x211:R11G11B10_FLOAT	ResourceId::0
12029	ps	Hidden/PostProcessing/Nap Bloom	6	0	ResourceId::20812:TempBuffer 327 270x211:270x211:R11G11B10_FLOAT	ResourceId::0
12036	ps	Hidden/PostProcessing/Nap Bloom	6	0	ResourceId::20812:TempBuffer 327 270x211:270x211:R11G11B10_FLOAT	ResourceId::0
12050	ps	Hidden/PostProcessing/NAPBloom/MultipleGaussPassFilter	6	0	ResourceId::20816:TempBuffer 328 270x211:270x211:R11G11B10_FLOAT	ResourceId::0
12059	ps	Hidden/PostProcessing/NAPBloom/MultipleGaussPassFilter	6	0	ResourceId::20816:TempBuffer 328 270x211:270x211:R11G11B10_FLOAT	ResourceId::0
12066	ps	Hidden/PostProcessing/NAPBloom/MultipleGaussPassFilter	6	0	ResourceId::20816:TempBuffer 328 270x211:270x211:R11G11B10_FLOAT	ResourceId::0
12080	ps	Hidden/PostProcessing/NAPBloom/MultipleGaussPassFilter	6	0	ResourceId::20812:TempBuffer 327 270x211:270x211:R11G11B10_FLOAT	ResourceId::0
12089	ps	Hidden/PostProcessing/NAPBloom/MultipleGaussPassFilter	6	0	ResourceId::20812:TempBuffer 327 270x211:270x211:R11G11B10_FLOAT	ResourceId::0
12096	ps	Hidden/PostProcessing/NAPBloom/MultipleGaussPassFilter	6	0	ResourceId::20812:TempBuffer 327 270x211:270x211:R11G11B10_FLOAT	ResourceId::0
12111	ps	Hidden/PostProcessing/Nap Bloom	6	0	ResourceId::20820:TempBuffer 329 1716x720:1716x720:R11G11B10_FLOAT	ResourceId::0
12125	ps	Hidden/Universal Render Pipeline/CameraMotionBlur	3	0	ResourceId::21348:TempBuffer 335 1716x720:1716x720:R10G10B10A2_TYPELESS	ResourceId::0
12135	ps	Hidden/Universal Render Pipeline/CameraMotionBlur	3	0	ResourceId::21352:TempBuffer 336 1716x720:1716x720:R10G10B10A2_TYPELESS	ResourceId::0
12149	ps	Hidden/Universal Render Pipeline/CameraMotionBlur	3	0	ResourceId::21356:TempBuffer 337 1716x720:1716x720:R16G16B16A16_TYPELESS	ResourceId::0
12160	ps	Hidden/Universal Render Pipeline/CameraMotionBlur	3	0	ResourceId::21360:TempBuffer 338 1716x720:1716x720:R11G11B10_FLOAT;ResourceId::21364:TempBuffer 339 1716x720:1716x720:R8_TYPELESS	ResourceId::0
12179	ps	Hidden/Universal Render Pipeline/CameraMotionBlur	6	0	ResourceId::20800:TempBuffer 324 3432x1440:3432x1440:R11G11B10_FLOAT	ResourceId::0
12209	ps	Hidden/Universal Render Pipeline/UberPost	6	0	ResourceId::7803:RenderTexture-2D-3440x1440:3440x1440:R8G8B8A8_TYPELESS	ResourceId::7807
12233	ps	miHoYo/UI/OutlineEx	12	0	ResourceId::7803:RenderTexture-2D-3440x1440:3440x1440:R8G8B8A8_TYPELESS	ResourceId::7807
12246	ps	miHoYo/UI/OutlineEx	12	0	ResourceId::7803:RenderTexture-2D-3440x1440:3440x1440:R8G8B8A8_TYPELESS	ResourceId::7807
12268	ps	UI/Default	12	0	ResourceId::7803:RenderTexture-2D-3440x1440:3440x1440:R8G8B8A8_TYPELESS	ResourceId::7807
12281	ps	UI/Default	6	0	ResourceId::7803:RenderTexture-2D-3440x1440:3440x1440:R8G8B8A8_TYPELESS	ResourceId::7807
12285	ps	UI/Default	156	0	ResourceId::7803:RenderTexture-2D-3440x1440:3440x1440:R8G8B8A8_TYPELESS	ResourceId::7807
12305	ps	miHoYo/UI/UI_UVMove	6	0	ResourceId::7803:RenderTexture-2D-3440x1440:3440x1440:R8G8B8A8_TYPELESS	ResourceId::7807
12323	ps	miHoYo/UI/OutlineEx	6	0	ResourceId::7803:RenderTexture-2D-3440x1440:3440x1440:R8G8B8A8_TYPELESS	ResourceId::7807
12338	ps	miHoYo/UI/OutlineEx	6	0	ResourceId::7803:RenderTexture-2D-3440x1440:3440x1440:R8G8B8A8_TYPELESS	ResourceId::7807
12351	ps	miHoYo/UI/OutlineEx	6	0	ResourceId::7803:RenderTexture-2D-3440x1440:3440x1440:R8G8B8A8_TYPELESS	ResourceId::7807
12364	ps	miHoYo/UI/OutlineEx	6	0	ResourceId::7803:RenderTexture-2D-3440x1440:3440x1440:R8G8B8A8_TYPELESS	ResourceId::7807
12382	ps	UI/Default	6	0	ResourceId::7803:RenderTexture-2D-3440x1440:3440x1440:R8G8B8A8_TYPELESS	ResourceId::7807
12385	ps	UI/Default	6	0	ResourceId::7803:RenderTexture-2D-3440x1440:3440x1440:R8G8B8A8_TYPELESS	ResourceId::7807
12388	ps	UI/Default	6	0	ResourceId::7803:RenderTexture-2D-3440x1440:3440x1440:R8G8B8A8_TYPELESS	ResourceId::7807
12391	ps	UI/Default	6	0	ResourceId::7803:RenderTexture-2D-3440x1440:3440x1440:R8G8B8A8_TYPELESS	ResourceId::7807
12412	ps	miHoYo/UI/UI_PathGuide	384	0	ResourceId::7803:RenderTexture-2D-3440x1440:3440x1440:R8G8B8A8_TYPELESS	ResourceId::7807
12430	ps	UI/Default	6	0	ResourceId::7803:RenderTexture-2D-3440x1440:3440x1440:R8G8B8A8_TYPELESS	ResourceId::7807
12440	ps	UI/Default	108	0	ResourceId::7803:RenderTexture-2D-3440x1440:3440x1440:R8G8B8A8_TYPELESS	ResourceId::7807
12459	ps	miHoYo/UI/Font	6	0	ResourceId::7803:RenderTexture-2D-3440x1440:3440x1440:R8G8B8A8_TYPELESS	ResourceId::7807
12476	ps	UI/Default	6	0	ResourceId::7803:RenderTexture-2D-3440x1440:3440x1440:R8G8B8A8_TYPELESS	ResourceId::7807
12480	ps	UI/Default	54	0	ResourceId::7803:RenderTexture-2D-3440x1440:3440x1440:R8G8B8A8_TYPELESS	ResourceId::7807
12493	ps	UI/Default	54	0	ResourceId::7803:RenderTexture-2D-3440x1440:3440x1440:R8G8B8A8_TYPELESS	ResourceId::7807
12503	ps	UI/Default	54	0	ResourceId::7803:RenderTexture-2D-3440x1440:3440x1440:R8G8B8A8_TYPELESS	ResourceId::7807
12516	ps	UI/Default	54	0	ResourceId::7803:RenderTexture-2D-3440x1440:3440x1440:R8G8B8A8_TYPELESS	ResourceId::7807
12529	ps	UI/Default	54	0	ResourceId::7803:RenderTexture-2D-3440x1440:3440x1440:R8G8B8A8_TYPELESS	ResourceId::7807
12539	ps	UI/Default	60	0	ResourceId::7803:RenderTexture-2D-3440x1440:3440x1440:R8G8B8A8_TYPELESS	ResourceId::7807
12552	ps	UI/Default	54	0	ResourceId::7803:RenderTexture-2D-3440x1440:3440x1440:R8G8B8A8_TYPELESS	ResourceId::7807
12565	ps	UI/Default	6	0	ResourceId::7803:RenderTexture-2D-3440x1440:3440x1440:R8G8B8A8_TYPELESS	ResourceId::7807
12578	ps	UI/Default	54	0	ResourceId::7803:RenderTexture-2D-3440x1440:3440x1440:R8G8B8A8_TYPELESS	ResourceId::7807
12591	ps	UI/Default	54	0	ResourceId::7803:RenderTexture-2D-3440x1440:3440x1440:R8G8B8A8_TYPELESS	ResourceId::7807
12604	ps	UI/Default	54	0	ResourceId::7803:RenderTexture-2D-3440x1440:3440x1440:R8G8B8A8_TYPELESS	ResourceId::7807
12614	ps	UI/Default	6	0	ResourceId::7803:RenderTexture-2D-3440x1440:3440x1440:R8G8B8A8_TYPELESS	ResourceId::7807
12618	ps	UI/Default	6	0	ResourceId::7803:RenderTexture-2D-3440x1440:3440x1440:R8G8B8A8_TYPELESS	ResourceId::7807
12640	ps	miHoYo/UI/OB1.0/Image	6	0	ResourceId::7803:RenderTexture-2D-3440x1440:3440x1440:R8G8B8A8_TYPELESS	ResourceId::7807
12654	ps	miHoYo/UI/OB1.0/Image	6	0	ResourceId::7803:RenderTexture-2D-3440x1440:3440x1440:R8G8B8A8_TYPELESS	ResourceId::7807
12671	ps	UI/Default	6	0	ResourceId::7803:RenderTexture-2D-3440x1440:3440x1440:R8G8B8A8_TYPELESS	ResourceId::7807
12676	ps	UI/Default	108	0	ResourceId::7803:RenderTexture-2D-3440x1440:3440x1440:R8G8B8A8_TYPELESS	ResourceId::7807
12694	ps	miHoYo/UI/Font	6	0	ResourceId::7803:RenderTexture-2D-3440x1440:3440x1440:R8G8B8A8_TYPELESS	ResourceId::7807
12711	ps	UI/Default	108	0	ResourceId::7803:RenderTexture-2D-3440x1440:3440x1440:R8G8B8A8_TYPELESS	ResourceId::7807
12716	ps	UI/Default	108	0	ResourceId::7803:RenderTexture-2D-3440x1440:3440x1440:R8G8B8A8_TYPELESS	ResourceId::7807
12733	ps	miHoYo/UI/Font	6	0	ResourceId::7803:RenderTexture-2D-3440x1440:3440x1440:R8G8B8A8_TYPELESS	ResourceId::7807
12750	ps	UI/Default	108	0	ResourceId::7803:RenderTexture-2D-3440x1440:3440x1440:R8G8B8A8_TYPELESS	ResourceId::7807
12763	ps	UI/Default	108	0	ResourceId::7803:RenderTexture-2D-3440x1440:3440x1440:R8G8B8A8_TYPELESS	ResourceId::7807
12776	ps	UI/Default	12	0	ResourceId::7803:RenderTexture-2D-3440x1440:3440x1440:R8G8B8A8_TYPELESS	ResourceId::7807
12789	ps	UI/Default	108	0	ResourceId::7803:RenderTexture-2D-3440x1440:3440x1440:R8G8B8A8_TYPELESS	ResourceId::7807
12802	ps	UI/Default	108	0	ResourceId::7803:RenderTexture-2D-3440x1440:3440x1440:R8G8B8A8_TYPELESS	ResourceId::7807
12820	ps	miHoYo/UI/OB1.0/Image	6	0	ResourceId::7803:RenderTexture-2D-3440x1440:3440x1440:R8G8B8A8_TYPELESS	ResourceId::7807
12826	ps	miHoYo/UI/OB1.0/Image	6	0	ResourceId::7803:RenderTexture-2D-3440x1440:3440x1440:R8G8B8A8_TYPELESS	ResourceId::7807
12843	ps	UI/Default	12	0	ResourceId::7803:RenderTexture-2D-3440x1440:3440x1440:R8G8B8A8_TYPELESS	ResourceId::7807
12855	ps	UI/Default	12	0	ResourceId::7803:RenderTexture-2D-3440x1440:3440x1440:R8G8B8A8_TYPELESS	ResourceId::7807
12867	ps	UI/Default	12	0	ResourceId::7803:RenderTexture-2D-3440x1440:3440x1440:R8G8B8A8_TYPELESS	ResourceId::7807
12880	ps	UI/Default	12	0	ResourceId::7803:RenderTexture-2D-3440x1440:3440x1440:R8G8B8A8_TYPELESS	ResourceId::7807
12896	ps	miHoYo/UI/OB1.0/Particle	6	0	ResourceId::7803:RenderTexture-2D-3440x1440:3440x1440:R8G8B8A8_TYPELESS	ResourceId::7807
12913	ps	UI/Default	108	0	ResourceId::7803:RenderTexture-2D-3440x1440:3440x1440:R8G8B8A8_TYPELESS	ResourceId::7807
12931	ps	miHoYo/UI/Font	30	0	ResourceId::7803:RenderTexture-2D-3440x1440:3440x1440:R8G8B8A8_TYPELESS	ResourceId::7807
12945	ps	miHoYo/UI/OB1.0/Particle	6	0	ResourceId::7803:RenderTexture-2D-3440x1440:3440x1440:R8G8B8A8_TYPELESS	ResourceId::7807
12962	ps	UI/Default	108	0	ResourceId::7803:RenderTexture-2D-3440x1440:3440x1440:R8G8B8A8_TYPELESS	ResourceId::7807
12966	ps	UI/Default	108	0	ResourceId::7803:RenderTexture-2D-3440x1440:3440x1440:R8G8B8A8_TYPELESS	ResourceId::7807
12978	ps	UI/Default	54	0	ResourceId::7803:RenderTexture-2D-3440x1440:3440x1440:R8G8B8A8_TYPELESS	ResourceId::7807
12995	ps	miHoYo/UI/Font	6	0	ResourceId::7803:RenderTexture-2D-3440x1440:3440x1440:R8G8B8A8_TYPELESS	ResourceId::7807
13014	ps	UI/Default	54	0	ResourceId::7803:RenderTexture-2D-3440x1440:3440x1440:R8G8B8A8_TYPELESS	ResourceId::7807
13026	ps	UI/Default	54	0	ResourceId::7803:RenderTexture-2D-3440x1440:3440x1440:R8G8B8A8_TYPELESS	ResourceId::7807
13041	ps	UI/Default	6	0	ResourceId::7803:RenderTexture-2D-3440x1440:3440x1440:R8G8B8A8_TYPELESS	ResourceId::7807
13053	ps	UI/Default	54	0	ResourceId::7803:RenderTexture-2D-3440x1440:3440x1440:R8G8B8A8_TYPELESS	ResourceId::7807
13064	ps	UI/Default	6	0	ResourceId::7803:RenderTexture-2D-3440x1440:3440x1440:R8G8B8A8_TYPELESS	ResourceId::7807
13083	ps	miHoYo/UI/OutlineEx	18	0	ResourceId::7803:RenderTexture-2D-3440x1440:3440x1440:R8G8B8A8_TYPELESS	ResourceId::7807
13096	ps	miHoYo/UI/OutlineEx	18	0	ResourceId::7803:RenderTexture-2D-3440x1440:3440x1440:R8G8B8A8_TYPELESS	ResourceId::7807
13111	ps	miHoYo/UI/Font	60	0	ResourceId::7803:RenderTexture-2D-3440x1440:3440x1440:R8G8B8A8_TYPELESS	ResourceId::7807
13128	ps	UI/Default	60	0	ResourceId::7803:RenderTexture-2D-3440x1440:3440x1440:R8G8B8A8_TYPELESS	ResourceId::7807
13132	ps	UI/Default	54	0	ResourceId::7803:RenderTexture-2D-3440x1440:3440x1440:R8G8B8A8_TYPELESS	ResourceId::7807
13153	ps	miHoYo/UI/Font	18	0	ResourceId::7803:RenderTexture-2D-3440x1440:3440x1440:R8G8B8A8_TYPELESS	ResourceId::7807
13171	ps	UI/Default	54	0	ResourceId::7803:RenderTexture-2D-3440x1440:3440x1440:R8G8B8A8_TYPELESS	ResourceId::7807
13192	ps	miHoYo/UI/OB1.0/Image	6	0	ResourceId::7803:RenderTexture-2D-3440x1440:3440x1440:R8G8B8A8_TYPELESS	ResourceId::7807
13209	ps	UI/Default	6	0	ResourceId::7803:RenderTexture-2D-3440x1440:3440x1440:R8G8B8A8_TYPELESS	ResourceId::7807
13227	ps	miHoYo/UI/UI_TimeArrow	6	0	ResourceId::7803:RenderTexture-2D-3440x1440:3440x1440:R8G8B8A8_TYPELESS	ResourceId::7807
13247	ps	UI/Default	54	0	ResourceId::7803:RenderTexture-2D-3440x1440:3440x1440:R8G8B8A8_TYPELESS	ResourceId::7807
13258	ps	UI/Default	6	0	ResourceId::7803:RenderTexture-2D-3440x1440:3440x1440:R8G8B8A8_TYPELESS	ResourceId::7807
13271	ps	UI/Default	6	0	ResourceId::7803:RenderTexture-2D-3440x1440:3440x1440:R8G8B8A8_TYPELESS	ResourceId::7807
13284	ps	UI/Default	6	0	ResourceId::7803:RenderTexture-2D-3440x1440:3440x1440:R8G8B8A8_TYPELESS	ResourceId::7807
13297	ps	UI/Default	54	0	ResourceId::7803:RenderTexture-2D-3440x1440:3440x1440:R8G8B8A8_TYPELESS	ResourceId::7807
13310	ps	UI/Default	54	0	ResourceId::7803:RenderTexture-2D-3440x1440:3440x1440:R8G8B8A8_TYPELESS	ResourceId::7807
13330	ps	miHoYo/UI/OutlineEx	54	0	ResourceId::7803:RenderTexture-2D-3440x1440:3440x1440:R8G8B8A8_TYPELESS	ResourceId::7807
13343	ps	miHoYo/UI/OutlineEx	54	0	ResourceId::7803:RenderTexture-2D-3440x1440:3440x1440:R8G8B8A8_TYPELESS	ResourceId::7807
13360	ps	UI/Default	54	0	ResourceId::7803:RenderTexture-2D-3440x1440:3440x1440:R8G8B8A8_TYPELESS	ResourceId::7807
13373	ps	UI/Default	54	0	ResourceId::7803:RenderTexture-2D-3440x1440:3440x1440:R8G8B8A8_TYPELESS	ResourceId::7807
13382	ps	UI/Default	54	0	ResourceId::7803:RenderTexture-2D-3440x1440:3440x1440:R8G8B8A8_TYPELESS	ResourceId::7807
13393	ps	UI/Default	54	0	ResourceId::7803:RenderTexture-2D-3440x1440:3440x1440:R8G8B8A8_TYPELESS	ResourceId::7807
13412	ps	miHoYo/UI/UI_ColorAdjustment	6	0	ResourceId::7803:RenderTexture-2D-3440x1440:3440x1440:R8G8B8A8_TYPELESS	ResourceId::7807
13429	ps	UI/Default	216	0	ResourceId::7803:RenderTexture-2D-3440x1440:3440x1440:R8G8B8A8_TYPELESS	ResourceId::7807
13432	ps	UI/Default	54	0	ResourceId::7803:RenderTexture-2D-3440x1440:3440x1440:R8G8B8A8_TYPELESS	ResourceId::7807
13436	ps	UI/Default	60	0	ResourceId::7803:RenderTexture-2D-3440x1440:3440x1440:R8G8B8A8_TYPELESS	ResourceId::7807
13440	ps	UI/Default	12	0	ResourceId::7803:RenderTexture-2D-3440x1440:3440x1440:R8G8B8A8_TYPELESS	ResourceId::7807
13444	ps	UI/Default	756	0	ResourceId::7803:RenderTexture-2D-3440x1440:3440x1440:R8G8B8A8_TYPELESS	ResourceId::7807
13457	ps	UI/Default	54	0	ResourceId::7803:RenderTexture-2D-3440x1440:3440x1440:R8G8B8A8_TYPELESS	ResourceId::7807
13467	ps	UI/Default	30	0	ResourceId::7803:RenderTexture-2D-3440x1440:3440x1440:R8G8B8A8_TYPELESS	ResourceId::7807
13471	ps	UI/Default	6	0	ResourceId::7803:RenderTexture-2D-3440x1440:3440x1440:R8G8B8A8_TYPELESS	ResourceId::7807
13490	ps	miHoYo/UI/Font	66	0	ResourceId::7803:RenderTexture-2D-3440x1440:3440x1440:R8G8B8A8_TYPELESS	ResourceId::7807
13508	ps	UI/Default	6	0	ResourceId::7803:RenderTexture-2D-3440x1440:3440x1440:R8G8B8A8_TYPELESS	ResourceId::7807
13521	ps	UI/Default	30	0	ResourceId::7803:RenderTexture-2D-3440x1440:3440x1440:R8G8B8A8_TYPELESS	ResourceId::7807
13526	ps	UI/Default	6	0	ResourceId::7803:RenderTexture-2D-3440x1440:3440x1440:R8G8B8A8_TYPELESS	ResourceId::7807
13539	ps	UI/Default	54	0	ResourceId::7803:RenderTexture-2D-3440x1440:3440x1440:R8G8B8A8_TYPELESS	ResourceId::7807
13543	ps	UI/Default	24	0	ResourceId::7803:RenderTexture-2D-3440x1440:3440x1440:R8G8B8A8_TYPELESS	ResourceId::7807
13547	ps	UI/Default	6	0	ResourceId::7803:RenderTexture-2D-3440x1440:3440x1440:R8G8B8A8_TYPELESS	ResourceId::7807
13568	ps	miHoYo/UI/OB1.0/Image	6	0	ResourceId::7803:RenderTexture-2D-3440x1440:3440x1440:R8G8B8A8_TYPELESS	ResourceId::7807
13585	ps	miHoYo/UI/OutlineEx	6	0	ResourceId::7803:RenderTexture-2D-3440x1440:3440x1440:R8G8B8A8_TYPELESS	ResourceId::7807
13598	ps	miHoYo/UI/OutlineEx	6	0	ResourceId::7803:RenderTexture-2D-3440x1440:3440x1440:R8G8B8A8_TYPELESS	ResourceId::7807
13615	ps	UI/Default	54	0	ResourceId::7803:RenderTexture-2D-3440x1440:3440x1440:R8G8B8A8_TYPELESS	ResourceId::7807
13635	ps	miHoYo/UI/OB1.0/Image	12	0	ResourceId::7803:RenderTexture-2D-3440x1440:3440x1440:R8G8B8A8_TYPELESS	ResourceId::7807
13646	ps	miHoYo/UI/OB1.0/Image	6	0	ResourceId::7803:RenderTexture-2D-3440x1440:3440x1440:R8G8B8A8_TYPELESS	ResourceId::7807
13662	ps	miHoYo/UI/UI_ColorAdjustment	6	0	ResourceId::7803:RenderTexture-2D-3440x1440:3440x1440:R8G8B8A8_TYPELESS	ResourceId::7807
13668	ps	miHoYo/UI/UI_ColorAdjustment	12	0	ResourceId::7803:RenderTexture-2D-3440x1440:3440x1440:R8G8B8A8_TYPELESS	ResourceId::7807
13687	ps	UI/Default	54	0	ResourceId::7803:RenderTexture-2D-3440x1440:3440x1440:R8G8B8A8_TYPELESS	ResourceId::7807
13706	ps	miHoYo/UI/OB1.0/Image	6	0	ResourceId::7803:RenderTexture-2D-3440x1440:3440x1440:R8G8B8A8_TYPELESS	ResourceId::7807
13723	ps	miHoYo/UI/UI_Ramp	6	0	ResourceId::7803:RenderTexture-2D-3440x1440:3440x1440:R8G8B8A8_TYPELESS	ResourceId::7807
13740	ps	UI/Default	6	0	ResourceId::7803:RenderTexture-2D-3440x1440:3440x1440:R8G8B8A8_TYPELESS	ResourceId::7807
13757	ps	miHoYo/UI/UI_ColorAdjustment	6	0	ResourceId::7803:RenderTexture-2D-3440x1440:3440x1440:R8G8B8A8_TYPELESS	ResourceId::7807
13774	ps	UI/Default	18	0	ResourceId::7803:RenderTexture-2D-3440x1440:3440x1440:R8G8B8A8_TYPELESS	ResourceId::7807
13778	ps	UI/Default	324	0	ResourceId::7803:RenderTexture-2D-3440x1440:3440x1440:R8G8B8A8_TYPELESS	ResourceId::7807
13782	ps	UI/Default	6	0	ResourceId::7803:RenderTexture-2D-3440x1440:3440x1440:R8G8B8A8_TYPELESS	ResourceId::7807
13786	ps	UI/Default	6	0	ResourceId::7803:RenderTexture-2D-3440x1440:3440x1440:R8G8B8A8_TYPELESS	ResourceId::7807
13801	ps	miHoYo/UI/Desaturate	6	0	ResourceId::7803:RenderTexture-2D-3440x1440:3440x1440:R8G8B8A8_TYPELESS	ResourceId::7807
13817	ps	miHoYo/UI/Font	12	0	ResourceId::7803:RenderTexture-2D-3440x1440:3440x1440:R8G8B8A8_TYPELESS	ResourceId::7807
13834	ps	UI/Default	54	0	ResourceId::7803:RenderTexture-2D-3440x1440:3440x1440:R8G8B8A8_TYPELESS	ResourceId::7807
13856	ps	miHoYo/UI/UI_ColorTransitions	12	0	ResourceId::7803:RenderTexture-2D-3440x1440:3440x1440:R8G8B8A8_TYPELESS	ResourceId::7807
13873	ps	UI/Default	6	0	ResourceId::7803:RenderTexture-2D-3440x1440:3440x1440:R8G8B8A8_TYPELESS	ResourceId::7807
13892	ps	miHoYo/UI/Unlit	6	0	ResourceId::7803:RenderTexture-2D-3440x1440:3440x1440:R8G8B8A8_TYPELESS	ResourceId::7807
13912	ps	miHoYo/UI/OutlineEx	42	0	ResourceId::7803:RenderTexture-2D-3440x1440:3440x1440:R8G8B8A8_TYPELESS	ResourceId::7807
13925	ps	miHoYo/UI/OutlineEx	42	0	ResourceId::7803:RenderTexture-2D-3440x1440:3440x1440:R8G8B8A8_TYPELESS	ResourceId::7807
13938	ps	miHoYo/UI/OutlineEx	78	0	ResourceId::7803:RenderTexture-2D-3440x1440:3440x1440:R8G8B8A8_TYPELESS	ResourceId::7807
13951	ps	miHoYo/UI/OutlineEx	78	0	ResourceId::7803:RenderTexture-2D-3440x1440:3440x1440:R8G8B8A8_TYPELESS	ResourceId::7807
13968	ps	UI/Default	492	0	ResourceId::7803:RenderTexture-2D-3440x1440:3440x1440:R8G8B8A8_TYPELESS	ResourceId::7807
13972	ps	UI/Default	108	0	ResourceId::7803:RenderTexture-2D-3440x1440:3440x1440:R8G8B8A8_TYPELESS	ResourceId::7807
13990	ps	miHoYo/UI/Font	6	0	ResourceId::7803:RenderTexture-2D-3440x1440:3440x1440:R8G8B8A8_TYPELESS	ResourceId::7807
14007	ps	UI/Default	108	0	ResourceId::7803:RenderTexture-2D-3440x1440:3440x1440:R8G8B8A8_TYPELESS	ResourceId::7807
14011	ps	UI/Default	6	0	ResourceId::7803:RenderTexture-2D-3440x1440:3440x1440:R8G8B8A8_TYPELESS	ResourceId::7807
14028	ps	miHoYo/UI/Font	6	0	ResourceId::7803:RenderTexture-2D-3440x1440:3440x1440:R8G8B8A8_TYPELESS	ResourceId::7807
14044	ps	miHoYo/UI/OutlineEx	24	0	ResourceId::7803:RenderTexture-2D-3440x1440:3440x1440:R8G8B8A8_TYPELESS	ResourceId::7807
14057	ps	miHoYo/UI/OutlineEx	24	0	ResourceId::7803:RenderTexture-2D-3440x1440:3440x1440:R8G8B8A8_TYPELESS	ResourceId::7807
14075	ps	miHoYo/UI/Default_HQ	6	0	ResourceId::7803:RenderTexture-2D-3440x1440:3440x1440:R8G8B8A8_TYPELESS	ResourceId::7807
14082	ps	miHoYo/UI/Default_HQ	6	0	ResourceId::7803:RenderTexture-2D-3440x1440:3440x1440:R8G8B8A8_TYPELESS	ResourceId::7807
14103	ps	miHoYo/UI/Font	24	0	ResourceId::7803:RenderTexture-2D-3440x1440:3440x1440:R8G8B8A8_TYPELESS	ResourceId::7807
14119	ps	miHoYo/UI/Default_HQ	6	0	ResourceId::7803:RenderTexture-2D-3440x1440:3440x1440:R8G8B8A8_TYPELESS	ResourceId::7807
14126	ps	miHoYo/UI/Default_HQ	54	0	ResourceId::7803:RenderTexture-2D-3440x1440:3440x1440:R8G8B8A8_TYPELESS	ResourceId::7807
14133	ps	miHoYo/UI/Default_HQ	6	0	ResourceId::7803:RenderTexture-2D-3440x1440:3440x1440:R8G8B8A8_TYPELESS	ResourceId::7807
14152	ps	miHoYo/UI/OB1.0/Image	6	0	ResourceId::7803:RenderTexture-2D-3440x1440:3440x1440:R8G8B8A8_TYPELESS	ResourceId::7807
14169	ps	miHoYo/UI/OutlineEx	24	0	ResourceId::7803:RenderTexture-2D-3440x1440:3440x1440:R8G8B8A8_TYPELESS	ResourceId::7807
14182	ps	miHoYo/UI/OutlineEx	24	0	ResourceId::7803:RenderTexture-2D-3440x1440:3440x1440:R8G8B8A8_TYPELESS	ResourceId::7807
14195	ps	miHoYo/UI/OutlineEx	12	0	ResourceId::7803:RenderTexture-2D-3440x1440:3440x1440:R8G8B8A8_TYPELESS	ResourceId::7807
14208	ps	miHoYo/UI/OutlineEx	12	0	ResourceId::7803:RenderTexture-2D-3440x1440:3440x1440:R8G8B8A8_TYPELESS	ResourceId::7807
14225	ps	UI/Default	216	0	ResourceId::7803:RenderTexture-2D-3440x1440:3440x1440:R8G8B8A8_TYPELESS	ResourceId::7807
14243	ps	miHoYo/UI/Font	24	0	ResourceId::7803:RenderTexture-2D-3440x1440:3440x1440:R8G8B8A8_TYPELESS	ResourceId::7807
14246	ps	miHoYo/UI/Font	1764	0	ResourceId::7803:RenderTexture-2D-3440x1440:3440x1440:R8G8B8A8_TYPELESS	ResourceId::7807
14263	ps	UI/Default	162	0	ResourceId::7803:RenderTexture-2D-3440x1440:3440x1440:R8G8B8A8_TYPELESS	ResourceId::7807
14283	ps	miHoYo/UI/OutlineEx	54	0	ResourceId::7803:RenderTexture-2D-3440x1440:3440x1440:R8G8B8A8_TYPELESS	ResourceId::7807
14296	ps	miHoYo/UI/OutlineEx	54	0	ResourceId::7803:RenderTexture-2D-3440x1440:3440x1440:R8G8B8A8_TYPELESS	ResourceId::7807
14309	ps	miHoYo/UI/OutlineEx	54	0	ResourceId::7803:RenderTexture-2D-3440x1440:3440x1440:R8G8B8A8_TYPELESS	ResourceId::7807
14322	ps	miHoYo/UI/OutlineEx	54	0	ResourceId::7803:RenderTexture-2D-3440x1440:3440x1440:R8G8B8A8_TYPELESS	ResourceId::7807
14335	ps	miHoYo/UI/OutlineEx	54	0	ResourceId::7803:RenderTexture-2D-3440x1440:3440x1440:R8G8B8A8_TYPELESS	ResourceId::7807
14348	ps	miHoYo/UI/OutlineEx	54	0	ResourceId::7803:RenderTexture-2D-3440x1440:3440x1440:R8G8B8A8_TYPELESS	ResourceId::7807
14377	ps	Pixel Shader 1137	6	0	ResourceId::7798:SwapChain-BackBuffer-Texture-3440x1440:3440x1440:R8G8B8A8_UNORM	ResourceId::0