eid	stage	shader	indices	instances	color_targets	depth
28	ps	(depth-only/stream-output)	41645	0	ResourceId::23686:SwapChain-BackBuffer-Texture-3440x1440:3440x1440:R8G8B8A8_SRGB	ResourceId::23690
38	ps	(depth-only/stream-output)	23	0	ResourceId::23686:SwapChain-BackBuffer-Texture-3440x1440:3440x1440:R8G8B8A8_SRGB	ResourceId::23690
48	ps	(depth-only/stream-output)	2150	0	ResourceId::23686:SwapChain-BackBuffer-Texture-3440x1440:3440x1440:R8G8B8A8_SRGB	ResourceId::23690
58	ps	(depth-only/stream-output)	3500	0	ResourceId::23686:SwapChain-BackBuffer-Texture-3440x1440:3440x1440:R8G8B8A8_SRGB	ResourceId::23690
74	ps	(depth-only/stream-output)	460	0	ResourceId::23686:SwapChain-BackBuffer-Texture-3440x1440:3440x1440:R8G8B8A8_SRGB	ResourceId::23690
90	ps	(depth-only/stream-output)	925	0	ResourceId::23686:SwapChain-BackBuffer-Texture-3440x1440:3440x1440:R8G8B8A8_SRGB	ResourceId::23690
100	ps	(depth-only/stream-output)	925	0	ResourceId::23686:SwapChain-BackBuffer-Texture-3440x1440:3440x1440:R8G8B8A8_SRGB	ResourceId::23690
110	ps	(depth-only/stream-output)	1407	0	ResourceId::23686:SwapChain-BackBuffer-Texture-3440x1440:3440x1440:R8G8B8A8_SRGB	ResourceId::23690
120	ps	(depth-only/stream-output)	2040	0	ResourceId::23686:SwapChain-BackBuffer-Texture-3440x1440:3440x1440:R8G8B8A8_SRGB	ResourceId::23690
130	ps	(depth-only/stream-output)	1640	0	ResourceId::23686:SwapChain-BackBuffer-Texture-3440x1440:3440x1440:R8G8B8A8_SRGB	ResourceId::23690
140	ps	(depth-only/stream-output)	1337	0	ResourceId::23686:SwapChain-BackBuffer-Texture-3440x1440:3440x1440:R8G8B8A8_SRGB	ResourceId::23690
150	ps	(depth-only/stream-output)	4583	0	ResourceId::23686:SwapChain-BackBuffer-Texture-3440x1440:3440x1440:R8G8B8A8_SRGB	ResourceId::23690
160	ps	(depth-only/stream-output)	1368	0	ResourceId::23686:SwapChain-BackBuffer-Texture-3440x1440:3440x1440:R8G8B8A8_SRGB	ResourceId::23690
170	ps	(depth-only/stream-output)	354	0	ResourceId::23686:SwapChain-BackBuffer-Texture-3440x1440:3440x1440:R8G8B8A8_SRGB	ResourceId::23690
180	ps	(depth-only/stream-output)	567	0	ResourceId::23686:SwapChain-BackBuffer-Texture-3440x1440:3440x1440:R8G8B8A8_SRGB	ResourceId::23690
242	ps	Hidden/Internal-HeightFog	3	0	ResourceId::62329:TempBuffer 97 128x128:128x128:R11G11B10_FLOAT	ResourceId::0
269	ps	miHoYo/Effects/LiteGPUParticle/Simulation/StandardTemplate	18	2	ResourceId::61366:LiteGPUParticleStateMemory B:128x128:R32G32B32A32_UINT	ResourceId::62360
296	ps	miHoYo/Effects/LiteGPUParticle/Simulation/StandardTemplate	18	2	ResourceId::61366:LiteGPUParticleStateMemory B:128x128:R32G32B32A32_UINT	ResourceId::62360
319	ps	miHoYo/Effects/LiteGPUParticle/Simulation/StandardTemplate	18	2	ResourceId::61366:LiteGPUParticleStateMemory B:128x128:R32G32B32A32_UINT	ResourceId::62360
346	ps	MiHoYo/Nature/LocalWindsMapReproject	6	0	ResourceId::62368:TempBuffer 109 512x512:512x512:R8G8B8A8_TYPELESS	ResourceId::0
364	ps	MiHoYo/Vegetation/Interactor	432	0	ResourceId::62368:TempBuffer 109 512x512:512x512:R8G8B8A8_TYPELESS	ResourceId::0
373	ps	MiHoYo/Vegetation/Interactor	432	3	ResourceId::62368:TempBuffer 109 512x512:512x512:R8G8B8A8_TYPELESS	ResourceId::0
389	cs	ComputeShader-756	0	0	ResourceId::62368:TempBuffer 109 512x512:512x512:R8G8B8A8_TYPELESS	ResourceId::0
403	cs	ComputeShader-728	0	0	ResourceId::62368:TempBuffer 109 512x512:512x512:R8G8B8A8_TYPELESS	ResourceId::0
415	cs	ComputeShader-1092	0	0	ResourceId::62368:TempBuffer 109 512x512:512x512:R8G8B8A8_TYPELESS	ResourceId::0
432	cs	ComputeShader-5880	0	0	ResourceId::62368:TempBuffer 109 512x512:512x512:R8G8B8A8_TYPELESS	ResourceId::0
449	cs	ComputeShader-3696	0	0	ResourceId::62368:TempBuffer 109 512x512:512x512:R8G8B8A8_TYPELESS	ResourceId::0
465	cs	ComputeShader-3504	0	0	ResourceId::62368:TempBuffer 109 512x512:512x512:R8G8B8A8_TYPELESS	ResourceId::0
479	cs	ComputeShader-644	0	0	ResourceId::62368:TempBuffer 109 512x512:512x512:R8G8B8A8_TYPELESS	ResourceId::0
494	cs	ComputeShader-808	0	0	ResourceId::62368:TempBuffer 109 512x512:512x512:R8G8B8A8_TYPELESS	ResourceId::0
507	cs	ComputeShader-856	0	0	ResourceId::62368:TempBuffer 109 512x512:512x512:R8G8B8A8_TYPELESS	ResourceId::0
521	cs	ComputeShader-304	0	0	ResourceId::62368:TempBuffer 109 512x512:512x512:R8G8B8A8_TYPELESS	ResourceId::0
534	cs	ComputeShader-7356	0	0	ResourceId::62368:TempBuffer 109 512x512:512x512:R8G8B8A8_TYPELESS	ResourceId::0
551	cs	ComputeShader-3832	0	0	ResourceId::62368:TempBuffer 109 512x512:512x512:R8G8B8A8_TYPELESS	ResourceId::0
568	cs	ComputeShader-584	0	0	ResourceId::62368:TempBuffer 109 512x512:512x512:R8G8B8A8_TYPELESS	ResourceId::0
582	cs	ComputeShader-728	0	0	ResourceId::62368:TempBuffer 109 512x512:512x512:R8G8B8A8_TYPELESS	ResourceId::0
594	cs	ComputeShader-968	0	0	ResourceId::62368:TempBuffer 109 512x512:512x512:R8G8B8A8_TYPELESS	ResourceId::0
611	cs	ComputeShader-5672	0	0	ResourceId::62368:TempBuffer 109 512x512:512x512:R8G8B8A8_TYPELESS	ResourceId::0
628	cs	ComputeShader-3692	0	0	ResourceId::62368:TempBuffer 109 512x512:512x512:R8G8B8A8_TYPELESS	ResourceId::0
644	cs	ComputeShader-3184	0	0	ResourceId::62368:TempBuffer 109 512x512:512x512:R8G8B8A8_TYPELESS	ResourceId::0
658	cs	ComputeShader-512	0	0	ResourceId::62368:TempBuffer 109 512x512:512x512:R8G8B8A8_TYPELESS	ResourceId::0
673	cs	ComputeShader-664	0	0	ResourceId::62368:TempBuffer 109 512x512:512x512:R8G8B8A8_TYPELESS	ResourceId::0
689	cs	ComputeShader-2980	0	0	ResourceId::62368:TempBuffer 109 512x512:512x512:R8G8B8A8_TYPELESS	ResourceId::0
706	ps	Hidden/Internal-ErosionSectorRender	6	0	ResourceId::64032:TempBuffer 112 256x256:256x256:R16_TYPELESS;ResourceId::64036:TempBuffer 113 256x256:256x256:R8G8B8A8_TYPELESS	ResourceId::0
718	cs	ComputeShader-476	0	0	ResourceId::64032:TempBuffer 112 256x256:256x256:R16_TYPELESS;ResourceId::64036:TempBuffer 113 256x256:256x256:R8G8B8A8_TYPELESS	ResourceId::0
735	cs	ComputeShader-1740	0	0	ResourceId::64032:TempBuffer 112 256x256:256x256:R16_TYPELESS;ResourceId::64036:TempBuffer 113 256x256:256x256:R8G8B8A8_TYPELESS	ResourceId::0
747	cs	ComputeShader-412	0	0	ResourceId::64032:TempBuffer 112 256x256:256x256:R16_TYPELESS;ResourceId::64036:TempBuffer 113 256x256:256x256:R8G8B8A8_TYPELESS	ResourceId::0
768	cs	ComputeShader-7100	0	0	ResourceId::64032:TempBuffer 112 256x256:256x256:R16_TYPELESS;ResourceId::64036:TempBuffer 113 256x256:256x256:R8G8B8A8_TYPELESS	ResourceId::0
780	cs	ComputeShader-556	0	0	ResourceId::64032:TempBuffer 112 256x256:256x256:R16_TYPELESS;ResourceId::64036:TempBuffer 113 256x256:256x256:R8G8B8A8_TYPELESS	ResourceId::0
804	cs	ComputeShader-14152	0	0	ResourceId::64032:TempBuffer 112 256x256:256x256:R16_TYPELESS;ResourceId::64036:TempBuffer 113 256x256:256x256:R8G8B8A8_TYPELESS	ResourceId::0
816	cs	ComputeShader-456	0	0	ResourceId::64032:TempBuffer 112 256x256:256x256:R16_TYPELESS;ResourceId::64036:TempBuffer 113 256x256:256x256:R8G8B8A8_TYPELESS	ResourceId::0
836	cs	ComputeShader-4936	0	0	ResourceId::64032:TempBuffer 112 256x256:256x256:R16_TYPELESS;ResourceId::64036:TempBuffer 113 256x256:256x256:R8G8B8A8_TYPELESS	ResourceId::0
849	cs	ComputeShader-624	0	0	ResourceId::64032:TempBuffer 112 256x256:256x256:R16_TYPELESS;ResourceId::64036:TempBuffer 113 256x256:256x256:R8G8B8A8_TYPELESS	ResourceId::0
909	ps	miHoYo/CTS miHoYo extend/Terrain Second Pass Tint PCPS4	1536	2	ResourceId::64291:TempBuffer 124 1720x720:1720x720:R8G8B8A8_TYPELESS;ResourceId::71618:TempBuffer 239 1720x720:1720x720:R8G8B8A8_TYPELESS	ResourceId::64295
942	ps	miHoYo/CTS miHoYo extend/Terrain Second Pass Tint PCPS4	1536	0	ResourceId::64291:TempBuffer 124 1720x720:1720x720:R8G8B8A8_TYPELESS;ResourceId::71618:TempBuffer 239 1720x720:1720x720:R8G8B8A8_TYPELESS	ResourceId::64295
973	ps	miHoYo/CTS miHoYo extend/Terrain Second Pass Tint PCPS4	1536	4	ResourceId::64291:TempBuffer 124 1720x720:1720x720:R8G8B8A8_TYPELESS;ResourceId::71618:TempBuffer 239 1720x720:1720x720:R8G8B8A8_TYPELESS	ResourceId::64295
1007	ps	miHoYo/Terrain/Terrain Mesh BlendPass	10410	0	ResourceId::64291:TempBuffer 124 1720x720:1720x720:R8G8B8A8_TYPELESS;ResourceId::71618:TempBuffer 239 1720x720:1720x720:R8G8B8A8_TYPELESS	ResourceId::64295
1044	ps	miHoYo/CTS miHoYo extend/Terrain Second Pass Tint PCPS4	1536	3	ResourceId::64291:TempBuffer 124 1720x720:1720x720:R8G8B8A8_TYPELESS;ResourceId::71618:TempBuffer 239 1720x720:1720x720:R8G8B8A8_TYPELESS	ResourceId::64295
1070	ps	miHoYo/Terrain/Terrain Mesh BlendPass	5694	0	ResourceId::64291:TempBuffer 124 1720x720:1720x720:R8G8B8A8_TYPELESS;ResourceId::71618:TempBuffer 239 1720x720:1720x720:R8G8B8A8_TYPELESS	ResourceId::64295
1105	ps	miHoYo/CTS miHoYo extend/Terrain Second Pass Tint PCPS4	1536	0	ResourceId::64291:TempBuffer 124 1720x720:1720x720:R8G8B8A8_TYPELESS;ResourceId::71618:TempBuffer 239 1720x720:1720x720:R8G8B8A8_TYPELESS	ResourceId::64295
1127	ps	miHoYo/CTS miHoYo extend/Terrain First Pass Tint PCPS4	1536	2	ResourceId::64291:TempBuffer 124 1720x720:1720x720:R8G8B8A8_TYPELESS;ResourceId::71618:TempBuffer 239 1720x720:1720x720:R8G8B8A8_TYPELESS	ResourceId::64295
1158	ps	miHoYo/CTS miHoYo extend/Terrain Second Pass Tint PCPS4	1536	0	ResourceId::64291:TempBuffer 124 1720x720:1720x720:R8G8B8A8_TYPELESS;ResourceId::71618:TempBuffer 239 1720x720:1720x720:R8G8B8A8_TYPELESS	ResourceId::64295
1178	ps	miHoYo/CTS miHoYo extend/Terrain First Pass Tint PCPS4	1536	2	ResourceId::64291:TempBuffer 124 1720x720:1720x720:R8G8B8A8_TYPELESS;ResourceId::71618:TempBuffer 239 1720x720:1720x720:R8G8B8A8_TYPELESS	ResourceId::64295
1218	ps	miHoYo/CTS miHoYo extend/Terrain Second Pass Tint PCPS4	1536	0	ResourceId::64311:TempBuffer 127 1024x1024:1024x1024:R8G8_TYPELESS	ResourceId::0
1245	ps	miHoYo/CTS miHoYo extend/Terrain Second Pass Tint PCPS4	1536	2	ResourceId::64311:TempBuffer 127 1024x1024:1024x1024:R8G8_TYPELESS	ResourceId::0
1259	cs	ComputeShader-2300	0	0	ResourceId::64311:TempBuffer 127 1024x1024:1024x1024:R8G8_TYPELESS	ResourceId::0
1276	cs	ComputeShader-2332	0	0	ResourceId::64311:TempBuffer 127 1024x1024:1024x1024:R8G8_TYPELESS	ResourceId::0
1287	cs	ComputeShader-432	0	0	ResourceId::64311:TempBuffer 127 1024x1024:1024x1024:R8G8_TYPELESS	ResourceId::0
1304	cs	ComputeShader-4568	0	0	ResourceId::64311:TempBuffer 127 1024x1024:1024x1024:R8G8_TYPELESS	ResourceId::0
1335	ps	miHoYo/UnityBuiltin/Legacy Shaders/Bumped Diffuse	9528	4		ResourceId::0
1340	ps	miHoYo/UnityBuiltin/Legacy Shaders/Bumped Diffuse	2496	2		ResourceId::0
1345	ps	miHoYo/UnityBuiltin/Legacy Shaders/Bumped Diffuse	2304	6		ResourceId::0
1366	ps	miHoYo/Uber/Scene/Scene_Uber_Snow	2613	2		ResourceId::0
1386	ps	miHoYo/CTS miHoYo extend/Terrain First Pass Tint PCPS4	1536	0		ResourceId::0
1399	ps	miHoYo/Uber/Scene/Scene_Uber_Snow	10410	0		ResourceId::0
1406	ps	miHoYo/Uber/Scene/Scene_Uber_Snow	5694	0		ResourceId::0
1422	ps	miHoYo/Uber/Scene/Scene_Uber_Snow	2613	2		ResourceId::0
1434	cs	ComputeShader-2252	0	0		ResourceId::0
1445	cs	ComputeShader-432	0	0		ResourceId::0
1471	cs	ComputeShader-63164	0	0		ResourceId::0
1487	cs	ComputeShader-4704	0	0		ResourceId::0
1507	cs	ComputeShader-4188	0	0		ResourceId::0
1529	cs	ComputeShader-4232	0	0		ResourceId::0
1544	cs	ComputeShader-880	0	0		ResourceId::0
1559	cs	ComputeShader-880	0	0		ResourceId::0
1574	cs	ComputeShader-880	0	0		ResourceId::0
1589	cs	ComputeShader-880	0	0		ResourceId::0
1604	cs	ComputeShader-880	0	0		ResourceId::0
1619	cs	ComputeShader-880	0	0		ResourceId::0
1634	cs	ComputeShader-880	0	0		ResourceId::0
1649	cs	ComputeShader-3328	0	0		ResourceId::0
1664	cs	ComputeShader-3328	0	0		ResourceId::0
1679	cs	ComputeShader-3328	0	0		ResourceId::0
1694	cs	ComputeShader-3328	0	0		ResourceId::0
1709	cs	ComputeShader-3328	0	0		ResourceId::0
1724	cs	ComputeShader-3328	0	0		ResourceId::0
1739	cs	ComputeShader-18552	0	0		ResourceId::0
1760	cs	ComputeShader-18552	0	0		ResourceId::0
1781	cs	ComputeShader-18552	0	0		ResourceId::0
1796	cs	ComputeShader-18552	0	0		ResourceId::0
1811	cs	ComputeShader-18552	0	0		ResourceId::0
1826	cs	ComputeShader-18552	0	0		ResourceId::0
1841	cs	ComputeShader-18552	0	0		ResourceId::0
1889	ps	Hidden/MiHoYoDeformation	6	0	ResourceId::100209:TempBuffer 262 2048x2048:2048x2048:R8G8_TYPELESS	ResourceId::0
1915	cs	ComputeShader-5116	0	0	ResourceId::23686:SwapChain-BackBuffer-Texture-3440x1440:3440x1440:R8G8B8A8_SRGB	ResourceId::23690
1943	ps	miHoYo/Uber/Scene/Scene_Uber_Snow	5631	0	ResourceId::64533:TempBuffer 138 3440x1440:3440x1440:R10G10B10A2_TYPELESS;ResourceId::64537:TempBuffer 139 3440x1440:3440x1440:R8G8B8A8_TYPELESS;ResourceId::64541:TempBuffer 140 3440x1440:3440x1440:R8G8B8A8_TYPELESS;ResourceId::64545:TempBuffer 141 3440x1440:3440x1440:R8_TYPELESS;ResourceId::64553:TempBuffer 143 3440x1440:3440x1440:R8_TYPELESS;ResourceId::64549:TempBuffer 142 3440x1440:3440x1440:R8_TYPELESS	ResourceId::61073
1970	ps	Nature/Afs Simple Tree v4 Snow	1464	0	ResourceId::64533:TempBuffer 138 3440x1440:3440x1440:R10G10B10A2_TYPELESS;ResourceId::64537:TempBuffer 139 3440x1440:3440x1440:R8G8B8A8_TYPELESS;ResourceId::64541:TempBuffer 140 3440x1440:3440x1440:R8G8B8A8_TYPELESS;ResourceId::64545:TempBuffer 141 3440x1440:3440x1440:R8_TYPELESS;ResourceId::64553:TempBuffer 143 3440x1440:3440x1440:R8_TYPELESS;ResourceId::64549:TempBuffer 142 3440x1440:3440x1440:R8_TYPELESS	ResourceId::61073
1986	ps	miHoYo/Scene/Login Base	7566	0	ResourceId::64533:TempBuffer 138 3440x1440:3440x1440:R10G10B10A2_TYPELESS;ResourceId::64537:TempBuffer 139 3440x1440:3440x1440:R8G8B8A8_TYPELESS;ResourceId::64541:TempBuffer 140 3440x1440:3440x1440:R8G8B8A8_TYPELESS;ResourceId::64545:TempBuffer 141 3440x1440:3440x1440:R8_TYPELESS;ResourceId::64553:TempBuffer 143 3440x1440:3440x1440:R8_TYPELESS;ResourceId::64549:TempBuffer 142 3440x1440:3440x1440:R8_TYPELESS	ResourceId::61073
2001	ps	miHoYo/Uber/Scene/Scene_Uber_Snow	282	0	ResourceId::64533:TempBuffer 138 3440x1440:3440x1440:R10G10B10A2_TYPELESS;ResourceId::64537:TempBuffer 139 3440x1440:3440x1440:R8G8B8A8_TYPELESS;ResourceId::64541:TempBuffer 140 3440x1440:3440x1440:R8G8B8A8_TYPELESS;ResourceId::64545:TempBuffer 141 3440x1440:3440x1440:R8_TYPELESS;ResourceId::64553:TempBuffer 143 3440x1440:3440x1440:R8_TYPELESS;ResourceId::64549:TempBuffer 142 3440x1440:3440x1440:R8_TYPELESS	ResourceId::61073
2006	ps	miHoYo/Uber/Scene/Scene_Uber_Snow	108	0	ResourceId::64533:TempBuffer 138 3440x1440:3440x1440:R10G10B10A2_TYPELESS;ResourceId::64537:TempBuffer 139 3440x1440:3440x1440:R8G8B8A8_TYPELESS;ResourceId::64541:TempBuffer 140 3440x1440:3440x1440:R8G8B8A8_TYPELESS;ResourceId::64545:TempBuffer 141 3440x1440:3440x1440:R8_TYPELESS;ResourceId::64553:TempBuffer 143 3440x1440:3440x1440:R8_TYPELESS;ResourceId::64549:TempBuffer 142 3440x1440:3440x1440:R8_TYPELESS	ResourceId::61073
2013	ps	miHoYo/Uber/Scene/Scene_Uber_Snow	6669	0	ResourceId::64533:TempBuffer 138 3440x1440:3440x1440:R10G10B10A2_TYPELESS;ResourceId::64537:TempBuffer 139 3440x1440:3440x1440:R8G8B8A8_TYPELESS;ResourceId::64541:TempBuffer 140 3440x1440:3440x1440:R8G8B8A8_TYPELESS;ResourceId::64545:TempBuffer 141 3440x1440:3440x1440:R8_TYPELESS;ResourceId::64553:TempBuffer 143 3440x1440:3440x1440:R8_TYPELESS;ResourceId::64549:TempBuffer 142 3440x1440:3440x1440:R8_TYPELESS	ResourceId::61073
2018	ps	miHoYo/Uber/Scene/Scene_Uber_Snow	2418	0	ResourceId::64533:TempBuffer 138 3440x1440:3440x1440:R10G10B10A2_TYPELESS;ResourceId::64537:TempBuffer 139 3440x1440:3440x1440:R8G8B8A8_TYPELESS;ResourceId::64541:TempBuffer 140 3440x1440:3440x1440:R8G8B8A8_TYPELESS;ResourceId::64545:TempBuffer 141 3440x1440:3440x1440:R8_TYPELESS;ResourceId::64553:TempBuffer 143 3440x1440:3440x1440:R8_TYPELESS;ResourceId::64549:TempBuffer 142 3440x1440:3440x1440:R8_TYPELESS	ResourceId::61073
2029	ps	miHoYo/Uber/Scene/Scene_Uber_Snow	8745	0	ResourceId::64533:TempBuffer 138 3440x1440:3440x1440:R10G10B10A2_TYPELESS;ResourceId::64537:TempBuffer 139 3440x1440:3440x1440:R8G8B8A8_TYPELESS;ResourceId::64541:TempBuffer 140 3440x1440:3440x1440:R8G8B8A8_TYPELESS;ResourceId::64545:TempBuffer 141 3440x1440:3440x1440:R8_TYPELESS;ResourceId::64553:TempBuffer 143 3440x1440:3440x1440:R8_TYPELESS;ResourceId::64549:TempBuffer 142 3440x1440:3440x1440:R8_TYPELESS	ResourceId::61073
2042	ps	miHoYo/Scene/Login Base	5694	0	ResourceId::64533:TempBuffer 138 3440x1440:3440x1440:R10G10B10A2_TYPELESS;ResourceId::64537:TempBuffer 139 3440x1440:3440x1440:R8G8B8A8_TYPELESS;ResourceId::64541:TempBuffer 140 3440x1440:3440x1440:R8G8B8A8_TYPELESS;ResourceId::64545:TempBuffer 141 3440x1440:3440x1440:R8_TYPELESS;ResourceId::64553:TempBuffer 143 3440x1440:3440x1440:R8_TYPELESS;ResourceId::64549:TempBuffer 142 3440x1440:3440x1440:R8_TYPELESS	ResourceId::61073
2064	ps	Nature/Afs Simple Tree v4 Snow	780	4	ResourceId::64533:TempBuffer 138 3440x1440:3440x1440:R10G10B10A2_TYPELESS;ResourceId::64537:TempBuffer 139 3440x1440:3440x1440:R8G8B8A8_TYPELESS;ResourceId::64541:TempBuffer 140 3440x1440:3440x1440:R8G8B8A8_TYPELESS;ResourceId::64545:TempBuffer 141 3440x1440:3440x1440:R8_TYPELESS;ResourceId::64553:TempBuffer 143 3440x1440:3440x1440:R8_TYPELESS;ResourceId::64549:TempBuffer 142 3440x1440:3440x1440:R8_TYPELESS	ResourceId::61073
2077	ps	Nature/Afs Simple Tree v4 Snow	1464	10	ResourceId::64533:TempBuffer 138 3440x1440:3440x1440:R10G10B10A2_TYPELESS;ResourceId::64537:TempBuffer 139 3440x1440:3440x1440:R8G8B8A8_TYPELESS;ResourceId::64541:TempBuffer 140 3440x1440:3440x1440:R8G8B8A8_TYPELESS;ResourceId::64545:TempBuffer 141 3440x1440:3440x1440:R8_TYPELESS;ResourceId::64553:TempBuffer 143 3440x1440:3440x1440:R8_TYPELESS;ResourceId::64549:TempBuffer 142 3440x1440:3440x1440:R8_TYPELESS	ResourceId::61073
2082	ps	Nature/Afs Simple Tree v4 Snow	3936	10	ResourceId::64533:TempBuffer 138 3440x1440:3440x1440:R10G10B10A2_TYPELESS;ResourceId::64537:TempBuffer 139 3440x1440:3440x1440:R8G8B8A8_TYPELESS;ResourceId::64541:TempBuffer 140 3440x1440:3440x1440:R8G8B8A8_TYPELESS;ResourceId::64545:TempBuffer 141 3440x1440:3440x1440:R8_TYPELESS;ResourceId::64553:TempBuffer 143 3440x1440:3440x1440:R8_TYPELESS;ResourceId::64549:TempBuffer 142 3440x1440:3440x1440:R8_TYPELESS	ResourceId::61073
2101	ps	Nature/Afs Simple Tree v4 Snow	2106	6	ResourceId::64533:TempBuffer 138 3440x1440:3440x1440:R10G10B10A2_TYPELESS;ResourceId::64537:TempBuffer 139 3440x1440:3440x1440:R8G8B8A8_TYPELESS;ResourceId::64541:TempBuffer 140 3440x1440:3440x1440:R8G8B8A8_TYPELESS;ResourceId::64545:TempBuffer 141 3440x1440:3440x1440:R8_TYPELESS;ResourceId::64553:TempBuffer 143 3440x1440:3440x1440:R8_TYPELESS;ResourceId::64549:TempBuffer 142 3440x1440:3440x1440:R8_TYPELESS	ResourceId::61073
2128	ps	Nature/Afs Simple Tree v4 Snow	4800	4	ResourceId::64533:TempBuffer 138 3440x1440:3440x1440:R10G10B10A2_TYPELESS;ResourceId::64537:TempBuffer 139 3440x1440:3440x1440:R8G8B8A8_TYPELESS;ResourceId::64541:TempBuffer 140 3440x1440:3440x1440:R8G8B8A8_TYPELESS;ResourceId::64545:TempBuffer 141 3440x1440:3440x1440:R8_TYPELESS;ResourceId::64553:TempBuffer 143 3440x1440:3440x1440:R8_TYPELESS;ResourceId::64549:TempBuffer 142 3440x1440:3440x1440:R8_TYPELESS	ResourceId::61073
2143	ps	miHoYo/Scene/Login Base	21366	0	ResourceId::64533:TempBuffer 138 3440x1440:3440x1440:R10G10B10A2_TYPELESS;ResourceId::64537:TempBuffer 139 3440x1440:3440x1440:R8G8B8A8_TYPELESS;ResourceId::64541:TempBuffer 140 3440x1440:3440x1440:R8G8B8A8_TYPELESS;ResourceId::64545:TempBuffer 141 3440x1440:3440x1440:R8_TYPELESS;ResourceId::64553:TempBuffer 143 3440x1440:3440x1440:R8_TYPELESS;ResourceId::64549:TempBuffer 142 3440x1440:3440x1440:R8_TYPELESS	ResourceId::61073
2160	ps	miHoYo/Uber/Scene/Scene_Uber_Snow	8643	0	ResourceId::64533:TempBuffer 138 3440x1440:3440x1440:R10G10B10A2_TYPELESS;ResourceId::64537:TempBuffer 139 3440x1440:3440x1440:R8G8B8A8_TYPELESS;ResourceId::64541:TempBuffer 140 3440x1440:3440x1440:R8G8B8A8_TYPELESS;ResourceId::64545:TempBuffer 141 3440x1440:3440x1440:R8_TYPELESS;ResourceId::64553:TempBuffer 143 3440x1440:3440x1440:R8_TYPELESS;ResourceId::64549:TempBuffer 142 3440x1440:3440x1440:R8_TYPELESS	ResourceId::61073
2165	ps	miHoYo/Uber/Scene/Scene_Uber_Snow	9126	0	ResourceId::64533:TempBuffer 138 3440x1440:3440x1440:R10G10B10A2_TYPELESS;ResourceId::64537:TempBuffer 139 3440x1440:3440x1440:R8G8B8A8_TYPELESS;ResourceId::64541:TempBuffer 140 3440x1440:3440x1440:R8G8B8A8_TYPELESS;ResourceId::64545:TempBuffer 141 3440x1440:3440x1440:R8_TYPELESS;ResourceId::64553:TempBuffer 143 3440x1440:3440x1440:R8_TYPELESS;ResourceId::64549:TempBuffer 142 3440x1440:3440x1440:R8_TYPELESS	ResourceId::61073
2176	ps	miHoYo/Uber/Scene/Scene_Uber_Snow	3210	0	ResourceId::64533:TempBuffer 138 3440x1440:3440x1440:R10G10B10A2_TYPELESS;ResourceId::64537:TempBuffer 139 3440x1440:3440x1440:R8G8B8A8_TYPELESS;ResourceId::64541:TempBuffer 140 3440x1440:3440x1440:R8G8B8A8_TYPELESS;ResourceId::64545:TempBuffer 141 3440x1440:3440x1440:R8_TYPELESS;ResourceId::64553:TempBuffer 143 3440x1440:3440x1440:R8_TYPELESS;ResourceId::64549:TempBuffer 142 3440x1440:3440x1440:R8_TYPELESS	ResourceId::61073
2181	ps	miHoYo/Uber/Scene/Scene_Uber_Snow	3210	0	ResourceId::64533:TempBuffer 138 3440x1440:3440x1440:R10G10B10A2_TYPELESS;ResourceId::64537:TempBuffer 139 3440x1440:3440x1440:R8G8B8A8_TYPELESS;ResourceId::64541:TempBuffer 140 3440x1440:3440x1440:R8G8B8A8_TYPELESS;ResourceId::64545:TempBuffer 141 3440x1440:3440x1440:R8_TYPELESS;ResourceId::64553:TempBuffer 143 3440x1440:3440x1440:R8_TYPELESS;ResourceId::64549:TempBuffer 142 3440x1440:3440x1440:R8_TYPELESS	ResourceId::61073
2186	ps	miHoYo/Uber/Scene/Scene_Uber_Snow	7116	0	ResourceId::64533:TempBuffer 138 3440x1440:3440x1440:R10G10B10A2_TYPELESS;ResourceId::64537:TempBuffer 139 3440x1440:3440x1440:R8G8B8A8_TYPELESS;ResourceId::64541:TempBuffer 140 3440x1440:3440x1440:R8G8B8A8_TYPELESS;ResourceId::64545:TempBuffer 141 3440x1440:3440x1440:R8_TYPELESS;ResourceId::64553:TempBuffer 143 3440x1440:3440x1440:R8_TYPELESS;ResourceId::64549:TempBuffer 142 3440x1440:3440x1440:R8_TYPELESS	ResourceId::61073
2191	ps	miHoYo/Uber/Scene/Scene_Uber_Snow	15042	0	ResourceId::64533:TempBuffer 138 3440x1440:3440x1440:R10G10B10A2_TYPELESS;ResourceId::64537:TempBuffer 139 3440x1440:3440x1440:R8G8B8A8_TYPELESS;ResourceId::64541:TempBuffer 140 3440x1440:3440x1440:R8G8B8A8_TYPELESS;ResourceId::64545:TempBuffer 141 3440x1440:3440x1440:R8_TYPELESS;ResourceId::64553:TempBuffer 143 3440x1440:3440x1440:R8_TYPELESS;ResourceId::64549:TempBuffer 142 3440x1440:3440x1440:R8_TYPELESS	ResourceId::61073
2198	ps	miHoYo/Uber/Scene/Scene_Uber_Snow	8745	0	ResourceId::64533:TempBuffer 138 3440x1440:3440x1440:R10G10B10A2_TYPELESS;ResourceId::64537:TempBuffer 139 3440x1440:3440x1440:R8G8B8A8_TYPELESS;ResourceId::64541:TempBuffer 140 3440x1440:3440x1440:R8G8B8A8_TYPELESS;ResourceId::64545:TempBuffer 141 3440x1440:3440x1440:R8_TYPELESS;ResourceId::64553:TempBuffer 143 3440x1440:3440x1440:R8_TYPELESS;ResourceId::64549:TempBuffer 142 3440x1440:3440x1440:R8_TYPELESS	ResourceId::61073
2213	ps	miHoYo/Uber/Scene/Scene_Uber_Snow	4611	0	ResourceId::64533:TempBuffer 138 3440x1440:3440x1440:R10G10B10A2_TYPELESS;ResourceId::64537:TempBuffer 139 3440x1440:3440x1440:R8G8B8A8_TYPELESS;ResourceId::64541:TempBuffer 140 3440x1440:3440x1440:R8G8B8A8_TYPELESS;ResourceId::64545:TempBuffer 141 3440x1440:3440x1440:R8_TYPELESS;ResourceId::64553:TempBuffer 143 3440x1440:3440x1440:R8_TYPELESS;ResourceId::64549:TempBuffer 142 3440x1440:3440x1440:R8_TYPELESS	ResourceId::61073
2218	ps	miHoYo/Uber/Scene/Scene_Uber_Snow	16110	0	ResourceId::64533:TempBuffer 138 3440x1440:3440x1440:R10G10B10A2_TYPELESS;ResourceId::64537:TempBuffer 139 3440x1440:3440x1440:R8G8B8A8_TYPELESS;ResourceId::64541:TempBuffer 140 3440x1440:3440x1440:R8G8B8A8_TYPELESS;ResourceId::64545:TempBuffer 141 3440x1440:3440x1440:R8_TYPELESS;ResourceId::64553:TempBuffer 143 3440x1440:3440x1440:R8_TYPELESS;ResourceId::64549:TempBuffer 142 3440x1440:3440x1440:R8_TYPELESS	ResourceId::61073
2227	ps	miHoYo/Uber/Scene/Scene_Uber_Snow	7884	2	ResourceId::64533:TempBuffer 138 3440x1440:3440x1440:R10G10B10A2_TYPELESS;ResourceId::64537:TempBuffer 139 3440x1440:3440x1440:R8G8B8A8_TYPELESS;ResourceId::64541:TempBuffer 140 3440x1440:3440x1440:R8G8B8A8_TYPELESS;ResourceId::64545:TempBuffer 141 3440x1440:3440x1440:R8_TYPELESS;ResourceId::64553:TempBuffer 143 3440x1440:3440x1440:R8_TYPELESS;ResourceId::64549:TempBuffer 142 3440x1440:3440x1440:R8_TYPELESS	ResourceId::61073
2242	ps	miHoYo/Scene/Login Base	10410	0	ResourceId::64533:TempBuffer 138 3440x1440:3440x1440:R10G10B10A2_TYPELESS;ResourceId::64537:TempBuffer 139 3440x1440:3440x1440:R8G8B8A8_TYPELESS;ResourceId::64541:TempBuffer 140 3440x1440:3440x1440:R8G8B8A8_TYPELESS;ResourceId::64545:TempBuffer 141 3440x1440:3440x1440:R8_TYPELESS;ResourceId::64553:TempBuffer 143 3440x1440:3440x1440:R8_TYPELESS;ResourceId::64549:TempBuffer 142 3440x1440:3440x1440:R8_TYPELESS	ResourceId::61073
2249	ps	miHoYo/Scene/Login Base	384	0	ResourceId::64533:TempBuffer 138 3440x1440:3440x1440:R10G10B10A2_TYPELESS;ResourceId::64537:TempBuffer 139 3440x1440:3440x1440:R8G8B8A8_TYPELESS;ResourceId::64541:TempBuffer 140 3440x1440:3440x1440:R8G8B8A8_TYPELESS;ResourceId::64545:TempBuffer 141 3440x1440:3440x1440:R8_TYPELESS;ResourceId::64553:TempBuffer 143 3440x1440:3440x1440:R8_TYPELESS;ResourceId::64549:TempBuffer 142 3440x1440:3440x1440:R8_TYPELESS	ResourceId::61073
2261	ps	miHoYo/Uber/Scene/Scene_Uber_Snow	2613	0	ResourceId::64533:TempBuffer 138 3440x1440:3440x1440:R10G10B10A2_TYPELESS;ResourceId::64537:TempBuffer 139 3440x1440:3440x1440:R8G8B8A8_TYPELESS;ResourceId::64541:TempBuffer 140 3440x1440:3440x1440:R8G8B8A8_TYPELESS;ResourceId::64545:TempBuffer 141 3440x1440:3440x1440:R8_TYPELESS;ResourceId::64553:TempBuffer 143 3440x1440:3440x1440:R8_TYPELESS;ResourceId::64549:TempBuffer 142 3440x1440:3440x1440:R8_TYPELESS	ResourceId::61073
2283	ps	Nature/Afs Simple Tree v4 Snow	3936	13	ResourceId::64533:TempBuffer 138 3440x1440:3440x1440:R10G10B10A2_TYPELESS;ResourceId::64537:TempBuffer 139 3440x1440:3440x1440:R8G8B8A8_TYPELESS;ResourceId::64541:TempBuffer 140 3440x1440:3440x1440:R8G8B8A8_TYPELESS;ResourceId::64545:TempBuffer 141 3440x1440:3440x1440:R8_TYPELESS;ResourceId::64553:TempBuffer 143 3440x1440:3440x1440:R8_TYPELESS;ResourceId::64549:TempBuffer 142 3440x1440:3440x1440:R8_TYPELESS	ResourceId::61073
2314	ps	Nature/Afs Simple Tree v4 Snow	2397	3	ResourceId::64533:TempBuffer 138 3440x1440:3440x1440:R10G10B10A2_TYPELESS;ResourceId::64537:TempBuffer 139 3440x1440:3440x1440:R8G8B8A8_TYPELESS;ResourceId::64541:TempBuffer 140 3440x1440:3440x1440:R8G8B8A8_TYPELESS;ResourceId::64545:TempBuffer 141 3440x1440:3440x1440:R8_TYPELESS;ResourceId::64553:TempBuffer 143 3440x1440:3440x1440:R8_TYPELESS;ResourceId::64549:TempBuffer 142 3440x1440:3440x1440:R8_TYPELESS	ResourceId::61073
2338	ps	Nature/Afs Simple Tree v4 Snow	4800	0	ResourceId::64533:TempBuffer 138 3440x1440:3440x1440:R10G10B10A2_TYPELESS;ResourceId::64537:TempBuffer 139 3440x1440:3440x1440:R8G8B8A8_TYPELESS;ResourceId::64541:TempBuffer 140 3440x1440:3440x1440:R8G8B8A8_TYPELESS;ResourceId::64545:TempBuffer 141 3440x1440:3440x1440:R8_TYPELESS;ResourceId::64553:TempBuffer 143 3440x1440:3440x1440:R8_TYPELESS;ResourceId::64549:TempBuffer 142 3440x1440:3440x1440:R8_TYPELESS	ResourceId::61073
2352	ps	miHoYo/Scene/Login Base	14028	0	ResourceId::64533:TempBuffer 138 3440x1440:3440x1440:R10G10B10A2_TYPELESS;ResourceId::64537:TempBuffer 139 3440x1440:3440x1440:R8G8B8A8_TYPELESS;ResourceId::64541:TempBuffer 140 3440x1440:3440x1440:R8G8B8A8_TYPELESS;ResourceId::64545:TempBuffer 141 3440x1440:3440x1440:R8_TYPELESS;ResourceId::64553:TempBuffer 143 3440x1440:3440x1440:R8_TYPELESS;ResourceId::64549:TempBuffer 142 3440x1440:3440x1440:R8_TYPELESS	ResourceId::61073
2362	ps	miHoYo/Uber/Scene/Scene_Uber_Snow	10374	0	ResourceId::64533:TempBuffer 138 3440x1440:3440x1440:R10G10B10A2_TYPELESS;ResourceId::64537:TempBuffer 139 3440x1440:3440x1440:R8G8B8A8_TYPELESS;ResourceId::64541:TempBuffer 140 3440x1440:3440x1440:R8G8B8A8_TYPELESS;ResourceId::64545:TempBuffer 141 3440x1440:3440x1440:R8_TYPELESS;ResourceId::64553:TempBuffer 143 3440x1440:3440x1440:R8_TYPELESS;ResourceId::64549:TempBuffer 142 3440x1440:3440x1440:R8_TYPELESS	ResourceId::61073
2376	ps	miHoYo/Uber/Scene/Scene_Uber_Snow	3162	0	ResourceId::64533:TempBuffer 138 3440x1440:3440x1440:R10G10B10A2_TYPELESS;ResourceId::64537:TempBuffer 139 3440x1440:3440x1440:R8G8B8A8_TYPELESS;ResourceId::64541:TempBuffer 140 3440x1440:3440x1440:R8G8B8A8_TYPELESS;ResourceId::64545:TempBuffer 141 3440x1440:3440x1440:R8_TYPELESS;ResourceId::64553:TempBuffer 143 3440x1440:3440x1440:R8_TYPELESS;ResourceId::64549:TempBuffer 142 3440x1440:3440x1440:R8_TYPELESS	ResourceId::61073
2381	ps	miHoYo/Uber/Scene/Scene_Uber_Snow	9126	3	ResourceId::64533:TempBuffer 138 3440x1440:3440x1440:R10G10B10A2_TYPELESS;ResourceId::64537:TempBuffer 139 3440x1440:3440x1440:R8G8B8A8_TYPELESS;ResourceId::64541:TempBuffer 140 3440x1440:3440x1440:R8G8B8A8_TYPELESS;ResourceId::64545:TempBuffer 141 3440x1440:3440x1440:R8_TYPELESS;ResourceId::64553:TempBuffer 143 3440x1440:3440x1440:R8_TYPELESS;ResourceId::64549:TempBuffer 142 3440x1440:3440x1440:R8_TYPELESS	ResourceId::61073
2392	ps	miHoYo/Uber/Scene/Scene_Uber_Snow	3210	0	ResourceId::64533:TempBuffer 138 3440x1440:3440x1440:R10G10B10A2_TYPELESS;ResourceId::64537:TempBuffer 139 3440x1440:3440x1440:R8G8B8A8_TYPELESS;ResourceId::64541:TempBuffer 140 3440x1440:3440x1440:R8G8B8A8_TYPELESS;ResourceId::64545:TempBuffer 141 3440x1440:3440x1440:R8_TYPELESS;ResourceId::64553:TempBuffer 143 3440x1440:3440x1440:R8_TYPELESS;ResourceId::64549:TempBuffer 142 3440x1440:3440x1440:R8_TYPELESS	ResourceId::61073
2397	ps	miHoYo/Uber/Scene/Scene_Uber_Snow	7116	0	ResourceId::64533:TempBuffer 138 3440x1440:3440x1440:R10G10B10A2_TYPELESS;ResourceId::64537:TempBuffer 139 3440x1440:3440x1440:R8G8B8A8_TYPELESS;ResourceId::64541:TempBuffer 140 3440x1440:3440x1440:R8G8B8A8_TYPELESS;ResourceId::64545:TempBuffer 141 3440x1440:3440x1440:R8_TYPELESS;ResourceId::64553:TempBuffer 143 3440x1440:3440x1440:R8_TYPELESS;ResourceId::64549:TempBuffer 142 3440x1440:3440x1440:R8_TYPELESS	ResourceId::61073
2403	ps	miHoYo/Uber/Scene/Scene_Uber_Snow	23193	0	ResourceId::64533:TempBuffer 138 3440x1440:3440x1440:R10G10B10A2_TYPELESS;ResourceId::64537:TempBuffer 139 3440x1440:3440x1440:R8G8B8A8_TYPELESS;ResourceId::64541:TempBuffer 140 3440x1440:3440x1440:R8G8B8A8_TYPELESS;ResourceId::64545:TempBuffer 141 3440x1440:3440x1440:R8_TYPELESS;ResourceId::64553:TempBuffer 143 3440x1440:3440x1440:R8_TYPELESS;ResourceId::64549:TempBuffer 142 3440x1440:3440x1440:R8_TYPELESS	ResourceId::61073
2416	ps	miHoYo/Uber/Scene/Scene_Uber_Snow	13974	0	ResourceId::64533:TempBuffer 138 3440x1440:3440x1440:R10G10B10A2_TYPELESS;ResourceId::64537:TempBuffer 139 3440x1440:3440x1440:R8G8B8A8_TYPELESS;ResourceId::64541:TempBuffer 140 3440x1440:3440x1440:R8G8B8A8_TYPELESS;ResourceId::64545:TempBuffer 141 3440x1440:3440x1440:R8_TYPELESS;ResourceId::64553:TempBuffer 143 3440x1440:3440x1440:R8_TYPELESS;ResourceId::64549:TempBuffer 142 3440x1440:3440x1440:R8_TYPELESS	ResourceId::61073
2421	ps	miHoYo/Uber/Scene/Scene_Uber_Snow	9522	0	ResourceId::64533:TempBuffer 138 3440x1440:3440x1440:R10G10B10A2_TYPELESS;ResourceId::64537:TempBuffer 139 3440x1440:3440x1440:R8G8B8A8_TYPELESS;ResourceId::64541:TempBuffer 140 3440x1440:3440x1440:R8G8B8A8_TYPELESS;ResourceId::64545:TempBuffer 141 3440x1440:3440x1440:R8_TYPELESS;ResourceId::64553:TempBuffer 143 3440x1440:3440x1440:R8_TYPELESS;ResourceId::64549:TempBuffer 142 3440x1440:3440x1440:R8_TYPELESS	ResourceId::61073
2427	ps	miHoYo/Uber/Scene/Scene_Uber_Snow	7134	0	ResourceId::64533:TempBuffer 138 3440x1440:3440x1440:R10G10B10A2_TYPELESS;ResourceId::64537:TempBuffer 139 3440x1440:3440x1440:R8G8B8A8_TYPELESS;ResourceId::64541:TempBuffer 140 3440x1440:3440x1440:R8G8B8A8_TYPELESS;ResourceId::64545:TempBuffer 141 3440x1440:3440x1440:R8_TYPELESS;ResourceId::64553:TempBuffer 143 3440x1440:3440x1440:R8_TYPELESS;ResourceId::64549:TempBuffer 142 3440x1440:3440x1440:R8_TYPELESS	ResourceId::61073
2432	ps	miHoYo/Uber/Scene/Scene_Uber_Snow	14556	0	ResourceId::64533:TempBuffer 138 3440x1440:3440x1440:R10G10B10A2_TYPELESS;ResourceId::64537:TempBuffer 139 3440x1440:3440x1440:R8G8B8A8_TYPELESS;ResourceId::64541:TempBuffer 140 3440x1440:3440x1440:R8G8B8A8_TYPELESS;ResourceId::64545:TempBuffer 141 3440x1440:3440x1440:R8_TYPELESS;ResourceId::64553:TempBuffer 143 3440x1440:3440x1440:R8_TYPELESS;ResourceId::64549:TempBuffer 142 3440x1440:3440x1440:R8_TYPELESS	ResourceId::61073
2448	ps	miHoYo/CTS miHoYo extend/Terrain First Pass Tint PCPS4	1536	2	ResourceId::64533:TempBuffer 138 3440x1440:3440x1440:R10G10B10A2_TYPELESS;ResourceId::64537:TempBuffer 139 3440x1440:3440x1440:R8G8B8A8_TYPELESS;ResourceId::64541:TempBuffer 140 3440x1440:3440x1440:R8G8B8A8_TYPELESS;ResourceId::64545:TempBuffer 141 3440x1440:3440x1440:R8_TYPELESS;ResourceId::64553:TempBuffer 143 3440x1440:3440x1440:R8_TYPELESS;ResourceId::64549:TempBuffer 142 3440x1440:3440x1440:R8_TYPELESS	ResourceId::61073
2461	ps	miHoYo/Scene/Login Base	5850	0	ResourceId::64533:TempBuffer 138 3440x1440:3440x1440:R10G10B10A2_TYPELESS;ResourceId::64537:TempBuffer 139 3440x1440:3440x1440:R8G8B8A8_TYPELESS;ResourceId::64541:TempBuffer 140 3440x1440:3440x1440:R8G8B8A8_TYPELESS;ResourceId::64545:TempBuffer 141 3440x1440:3440x1440:R8_TYPELESS;ResourceId::64553:TempBuffer 143 3440x1440:3440x1440:R8_TYPELESS;ResourceId::64549:TempBuffer 142 3440x1440:3440x1440:R8_TYPELESS	ResourceId::61073
2466	ps	miHoYo/Scene/Login Base	3234	0	ResourceId::64533:TempBuffer 138 3440x1440:3440x1440:R10G10B10A2_TYPELESS;ResourceId::64537:TempBuffer 139 3440x1440:3440x1440:R8G8B8A8_TYPELESS;ResourceId::64541:TempBuffer 140 3440x1440:3440x1440:R8G8B8A8_TYPELESS;ResourceId::64545:TempBuffer 141 3440x1440:3440x1440:R8_TYPELESS;ResourceId::64553:TempBuffer 143 3440x1440:3440x1440:R8_TYPELESS;ResourceId::64549:TempBuffer 142 3440x1440:3440x1440:R8_TYPELESS	ResourceId::61073
2478	ps	miHoYo/Uber/Scene/Scene_Uber_Snow	5838	0	ResourceId::64533:TempBuffer 138 3440x1440:3440x1440:R10G10B10A2_TYPELESS;ResourceId::64537:TempBuffer 139 3440x1440:3440x1440:R8G8B8A8_TYPELESS;ResourceId::64541:TempBuffer 140 3440x1440:3440x1440:R8G8B8A8_TYPELESS;ResourceId::64545:TempBuffer 141 3440x1440:3440x1440:R8_TYPELESS;ResourceId::64553:TempBuffer 143 3440x1440:3440x1440:R8_TYPELESS;ResourceId::64549:TempBuffer 142 3440x1440:3440x1440:R8_TYPELESS	ResourceId::61073
2484	ps	miHoYo/Uber/Scene/Scene_Uber_Snow	5958	0	ResourceId::64533:TempBuffer 138 3440x1440:3440x1440:R10G10B10A2_TYPELESS;ResourceId::64537:TempBuffer 139 3440x1440:3440x1440:R8G8B8A8_TYPELESS;ResourceId::64541:TempBuffer 140 3440x1440:3440x1440:R8G8B8A8_TYPELESS;ResourceId::64545:TempBuffer 141 3440x1440:3440x1440:R8_TYPELESS;ResourceId::64553:TempBuffer 143 3440x1440:3440x1440:R8_TYPELESS;ResourceId::64549:TempBuffer 142 3440x1440:3440x1440:R8_TYPELESS	ResourceId::61073
2489	ps	miHoYo/Uber/Scene/Scene_Uber_Snow	8982	0	ResourceId::64533:TempBuffer 138 3440x1440:3440x1440:R10G10B10A2_TYPELESS;ResourceId::64537:TempBuffer 139 3440x1440:3440x1440:R8G8B8A8_TYPELESS;ResourceId::64541:TempBuffer 140 3440x1440:3440x1440:R8G8B8A8_TYPELESS;ResourceId::64545:TempBuffer 141 3440x1440:3440x1440:R8_TYPELESS;ResourceId::64553:TempBuffer 143 3440x1440:3440x1440:R8_TYPELESS;ResourceId::64549:TempBuffer 142 3440x1440:3440x1440:R8_TYPELESS	ResourceId::61073
2501	ps	miHoYo/Uber/Scene/Scene_Uber_Snow	453	0	ResourceId::64533:TempBuffer 138 3440x1440:3440x1440:R10G10B10A2_TYPELESS;ResourceId::64537:TempBuffer 139 3440x1440:3440x1440:R8G8B8A8_TYPELESS;ResourceId::64541:TempBuffer 140 3440x1440:3440x1440:R8G8B8A8_TYPELESS;ResourceId::64545:TempBuffer 141 3440x1440:3440x1440:R8_TYPELESS;ResourceId::64553:TempBuffer 143 3440x1440:3440x1440:R8_TYPELESS;ResourceId::64549:TempBuffer 142 3440x1440:3440x1440:R8_TYPELESS	ResourceId::61073
2511	ps	miHoYo/Scene/Login Base	2664	0	ResourceId::64533:TempBuffer 138 3440x1440:3440x1440:R10G10B10A2_TYPELESS;ResourceId::64537:TempBuffer 139 3440x1440:3440x1440:R8G8B8A8_TYPELESS;ResourceId::64541:TempBuffer 140 3440x1440:3440x1440:R8G8B8A8_TYPELESS;ResourceId::64545:TempBuffer 141 3440x1440:3440x1440:R8_TYPELESS;ResourceId::64553:TempBuffer 143 3440x1440:3440x1440:R8_TYPELESS;ResourceId::64549:TempBuffer 142 3440x1440:3440x1440:R8_TYPELESS	ResourceId::61073
2523	ps	miHoYo/Uber/Scene/Scene_Uber_Snow	5958	0	ResourceId::64533:TempBuffer 138 3440x1440:3440x1440:R10G10B10A2_TYPELESS;ResourceId::64537:TempBuffer 139 3440x1440:3440x1440:R8G8B8A8_TYPELESS;ResourceId::64541:TempBuffer 140 3440x1440:3440x1440:R8G8B8A8_TYPELESS;ResourceId::64545:TempBuffer 141 3440x1440:3440x1440:R8_TYPELESS;ResourceId::64553:TempBuffer 143 3440x1440:3440x1440:R8_TYPELESS;ResourceId::64549:TempBuffer 142 3440x1440:3440x1440:R8_TYPELESS	ResourceId::61073
2540	ps	miHoYo/CTS miHoYo extend/Terrain First Pass Tint PCPS4	1536	0	ResourceId::64533:TempBuffer 138 3440x1440:3440x1440:R10G10B10A2_TYPELESS;ResourceId::64537:TempBuffer 139 3440x1440:3440x1440:R8G8B8A8_TYPELESS;ResourceId::64541:TempBuffer 140 3440x1440:3440x1440:R8G8B8A8_TYPELESS;ResourceId::64545:TempBuffer 141 3440x1440:3440x1440:R8_TYPELESS;ResourceId::64553:TempBuffer 143 3440x1440:3440x1440:R8_TYPELESS;ResourceId::64549:TempBuffer 142 3440x1440:3440x1440:R8_TYPELESS	ResourceId::61073
2547	ps	miHoYo/CTS miHoYo extend/Terrain First Pass Tint PCPS4	1536	0	ResourceId::64533:TempBuffer 138 3440x1440:3440x1440:R10G10B10A2_TYPELESS;ResourceId::64537:TempBuffer 139 3440x1440:3440x1440:R8G8B8A8_TYPELESS;ResourceId::64541:TempBuffer 140 3440x1440:3440x1440:R8G8B8A8_TYPELESS;ResourceId::64545:TempBuffer 141 3440x1440:3440x1440:R8_TYPELESS;ResourceId::64553:TempBuffer 143 3440x1440:3440x1440:R8_TYPELESS;ResourceId::64549:TempBuffer 142 3440x1440:3440x1440:R8_TYPELESS	ResourceId::61073
2559	ps	miHoYo/CTS miHoYo extend/Terrain First Pass Tint PCPS4	1536	2	ResourceId::64533:TempBuffer 138 3440x1440:3440x1440:R10G10B10A2_TYPELESS;ResourceId::64537:TempBuffer 139 3440x1440:3440x1440:R8G8B8A8_TYPELESS;ResourceId::64541:TempBuffer 140 3440x1440:3440x1440:R8G8B8A8_TYPELESS;ResourceId::64545:TempBuffer 141 3440x1440:3440x1440:R8_TYPELESS;ResourceId::64553:TempBuffer 143 3440x1440:3440x1440:R8_TYPELESS;ResourceId::64549:TempBuffer 142 3440x1440:3440x1440:R8_TYPELESS	ResourceId::61073
2571	ps	miHoYo/CTS miHoYo extend/Terrain First Pass Tint PCPS4	1536	0	ResourceId::64533:TempBuffer 138 3440x1440:3440x1440:R10G10B10A2_TYPELESS;ResourceId::64537:TempBuffer 139 3440x1440:3440x1440:R8G8B8A8_TYPELESS;ResourceId::64541:TempBuffer 140 3440x1440:3440x1440:R8G8B8A8_TYPELESS;ResourceId::64545:TempBuffer 141 3440x1440:3440x1440:R8_TYPELESS;ResourceId::64553:TempBuffer 143 3440x1440:3440x1440:R8_TYPELESS;ResourceId::64549:TempBuffer 142 3440x1440:3440x1440:R8_TYPELESS	ResourceId::61073
2585	ps	miHoYo/CTS miHoYo extend/Terrain First Pass Tint PCPS4	1536	7	ResourceId::64533:TempBuffer 138 3440x1440:3440x1440:R10G10B10A2_TYPELESS;ResourceId::64537:TempBuffer 139 3440x1440:3440x1440:R8G8B8A8_TYPELESS;ResourceId::64541:TempBuffer 140 3440x1440:3440x1440:R8G8B8A8_TYPELESS;ResourceId::64545:TempBuffer 141 3440x1440:3440x1440:R8_TYPELESS;ResourceId::64553:TempBuffer 143 3440x1440:3440x1440:R8_TYPELESS;ResourceId::64549:TempBuffer 142 3440x1440:3440x1440:R8_TYPELESS	ResourceId::61073
2597	ps	miHoYo/Uber/Scene/Scene_Uber_Snow	6696	0	ResourceId::64533:TempBuffer 138 3440x1440:3440x1440:R10G10B10A2_TYPELESS;ResourceId::64537:TempBuffer 139 3440x1440:3440x1440:R8G8B8A8_TYPELESS;ResourceId::64541:TempBuffer 140 3440x1440:3440x1440:R8G8B8A8_TYPELESS;ResourceId::64545:TempBuffer 141 3440x1440:3440x1440:R8_TYPELESS;ResourceId::64553:TempBuffer 143 3440x1440:3440x1440:R8_TYPELESS;ResourceId::64549:TempBuffer 142 3440x1440:3440x1440:R8_TYPELESS	ResourceId::61073
2611	ps	miHoYo/Uber/Scene/Scene_Uber_Snow	10119	2	ResourceId::64533:TempBuffer 138 3440x1440:3440x1440:R10G10B10A2_TYPELESS;ResourceId::64537:TempBuffer 139 3440x1440:3440x1440:R8G8B8A8_TYPELESS;ResourceId::64541:TempBuffer 140 3440x1440:3440x1440:R8G8B8A8_TYPELESS;ResourceId::64545:TempBuffer 141 3440x1440:3440x1440:R8_TYPELESS;ResourceId::64553:TempBuffer 143 3440x1440:3440x1440:R8_TYPELESS;ResourceId::64549:TempBuffer 142 3440x1440:3440x1440:R8_TYPELESS	ResourceId::61073
2622	ps	miHoYo/Uber/Scene/Scene_Uber_Snow	6126	0	ResourceId::64533:TempBuffer 138 3440x1440:3440x1440:R10G10B10A2_TYPELESS;ResourceId::64537:TempBuffer 139 3440x1440:3440x1440:R8G8B8A8_TYPELESS;ResourceId::64541:TempBuffer 140 3440x1440:3440x1440:R8G8B8A8_TYPELESS;ResourceId::64545:TempBuffer 141 3440x1440:3440x1440:R8_TYPELESS;ResourceId::64553:TempBuffer 143 3440x1440:3440x1440:R8_TYPELESS;ResourceId::64549:TempBuffer 142 3440x1440:3440x1440:R8_TYPELESS	ResourceId::61073
2633	ps	miHoYo/Uber/Scene/Scene_Uber_Snow	14013	2	ResourceId::64533:TempBuffer 138 3440x1440:3440x1440:R10G10B10A2_TYPELESS;ResourceId::64537:TempBuffer 139 3440x1440:3440x1440:R8G8B8A8_TYPELESS;ResourceId::64541:TempBuffer 140 3440x1440:3440x1440:R8G8B8A8_TYPELESS;ResourceId::64545:TempBuffer 141 3440x1440:3440x1440:R8_TYPELESS;ResourceId::64553:TempBuffer 143 3440x1440:3440x1440:R8_TYPELESS;ResourceId::64549:TempBuffer 142 3440x1440:3440x1440:R8_TYPELESS	ResourceId::61073
2644	ps	miHoYo/Uber/Scene/Scene_Uber_Snow	5715	0	ResourceId::64533:TempBuffer 138 3440x1440:3440x1440:R10G10B10A2_TYPELESS;ResourceId::64537:TempBuffer 139 3440x1440:3440x1440:R8G8B8A8_TYPELESS;ResourceId::64541:TempBuffer 140 3440x1440:3440x1440:R8G8B8A8_TYPELESS;ResourceId::64545:TempBuffer 141 3440x1440:3440x1440:R8_TYPELESS;ResourceId::64553:TempBuffer 143 3440x1440:3440x1440:R8_TYPELESS;ResourceId::64549:TempBuffer 142 3440x1440:3440x1440:R8_TYPELESS	ResourceId::61073
2649	ps	miHoYo/Uber/Scene/Scene_Uber_Snow	10119	0	ResourceId::64533:TempBuffer 138 3440x1440:3440x1440:R10G10B10A2_TYPELESS;ResourceId::64537:TempBuffer 139 3440x1440:3440x1440:R8G8B8A8_TYPELESS;ResourceId::64541:TempBuffer 140 3440x1440:3440x1440:R8G8B8A8_TYPELESS;ResourceId::64545:TempBuffer 141 3440x1440:3440x1440:R8_TYPELESS;ResourceId::64553:TempBuffer 143 3440x1440:3440x1440:R8_TYPELESS;ResourceId::64549:TempBuffer 142 3440x1440:3440x1440:R8_TYPELESS	ResourceId::61073
2688	ps	MiHoYo/Vegetation/Grass	897	0	ResourceId::64533:TempBuffer 138 3440x1440:3440x1440:R10G10B10A2_TYPELESS;ResourceId::64537:TempBuffer 139 3440x1440:3440x1440:R8G8B8A8_TYPELESS;ResourceId::64541:TempBuffer 140 3440x1440:3440x1440:R8G8B8A8_TYPELESS;ResourceId::64545:TempBuffer 141 3440x1440:3440x1440:R8_TYPELESS;ResourceId::64553:TempBuffer 143 3440x1440:3440x1440:R8_TYPELESS;ResourceId::64549:TempBuffer 142 3440x1440:3440x1440:R8_TYPELESS	ResourceId::61073
2698	ps	MiHoYo/Vegetation/Grass	573	0	ResourceId::64533:TempBuffer 138 3440x1440:3440x1440:R10G10B10A2_TYPELESS;ResourceId::64537:TempBuffer 139 3440x1440:3440x1440:R8G8B8A8_TYPELESS;ResourceId::64541:TempBuffer 140 3440x1440:3440x1440:R8G8B8A8_TYPELESS;ResourceId::64545:TempBuffer 141 3440x1440:3440x1440:R8_TYPELESS;ResourceId::64553:TempBuffer 143 3440x1440:3440x1440:R8_TYPELESS;ResourceId::64549:TempBuffer 142 3440x1440:3440x1440:R8_TYPELESS	ResourceId::61073
2710	ps	MiHoYo/Vegetation/Grass	204	0	ResourceId::64533:TempBuffer 138 3440x1440:3440x1440:R10G10B10A2_TYPELESS;ResourceId::64537:TempBuffer 139 3440x1440:3440x1440:R8G8B8A8_TYPELESS;ResourceId::64541:TempBuffer 140 3440x1440:3440x1440:R8G8B8A8_TYPELESS;ResourceId::64545:TempBuffer 141 3440x1440:3440x1440:R8_TYPELESS;ResourceId::64553:TempBuffer 143 3440x1440:3440x1440:R8_TYPELESS;ResourceId::64549:TempBuffer 142 3440x1440:3440x1440:R8_TYPELESS	ResourceId::61073
2729	ps	MiHoYo/Vegetation/Flower	342	0	ResourceId::64533:TempBuffer 138 3440x1440:3440x1440:R10G10B10A2_TYPELESS;ResourceId::64537:TempBuffer 139 3440x1440:3440x1440:R8G8B8A8_TYPELESS;ResourceId::64541:TempBuffer 140 3440x1440:3440x1440:R8G8B8A8_TYPELESS;ResourceId::64545:TempBuffer 141 3440x1440:3440x1440:R8_TYPELESS;ResourceId::64553:TempBuffer 143 3440x1440:3440x1440:R8_TYPELESS;ResourceId::64549:TempBuffer 142 3440x1440:3440x1440:R8_TYPELESS	ResourceId::61073
2737	ps	MiHoYo/Vegetation/Flower	174	0	ResourceId::64533:TempBuffer 138 3440x1440:3440x1440:R10G10B10A2_TYPELESS;ResourceId::64537:TempBuffer 139 3440x1440:3440x1440:R8G8B8A8_TYPELESS;ResourceId::64541:TempBuffer 140 3440x1440:3440x1440:R8G8B8A8_TYPELESS;ResourceId::64545:TempBuffer 141 3440x1440:3440x1440:R8_TYPELESS;ResourceId::64553:TempBuffer 143 3440x1440:3440x1440:R8_TYPELESS;ResourceId::64549:TempBuffer 142 3440x1440:3440x1440:R8_TYPELESS	ResourceId::61073
2748	ps	MiHoYo/Vegetation/Flower	108	0	ResourceId::64533:TempBuffer 138 3440x1440:3440x1440:R10G10B10A2_TYPELESS;ResourceId::64537:TempBuffer 139 3440x1440:3440x1440:R8G8B8A8_TYPELESS;ResourceId::64541:TempBuffer 140 3440x1440:3440x1440:R8G8B8A8_TYPELESS;ResourceId::64545:TempBuffer 141 3440x1440:3440x1440:R8_TYPELESS;ResourceId::64553:TempBuffer 143 3440x1440:3440x1440:R8_TYPELESS;ResourceId::64549:TempBuffer 142 3440x1440:3440x1440:R8_TYPELESS	ResourceId::61073
2761	ps	MiHoYo/Vegetation/Flower	834	0	ResourceId::64533:TempBuffer 138 3440x1440:3440x1440:R10G10B10A2_TYPELESS;ResourceId::64537:TempBuffer 139 3440x1440:3440x1440:R8G8B8A8_TYPELESS;ResourceId::64541:TempBuffer 140 3440x1440:3440x1440:R8G8B8A8_TYPELESS;ResourceId::64545:TempBuffer 141 3440x1440:3440x1440:R8_TYPELESS;ResourceId::64553:TempBuffer 143 3440x1440:3440x1440:R8_TYPELESS;ResourceId::64549:TempBuffer 142 3440x1440:3440x1440:R8_TYPELESS	ResourceId::61073
2769	ps	MiHoYo/Vegetation/Flower	429	0	ResourceId::64533:TempBuffer 138 3440x1440:3440x1440:R10G10B10A2_TYPELESS;ResourceId::64537:TempBuffer 139 3440x1440:3440x1440:R8G8B8A8_TYPELESS;ResourceId::64541:TempBuffer 140 3440x1440:3440x1440:R8G8B8A8_TYPELESS;ResourceId::64545:TempBuffer 141 3440x1440:3440x1440:R8_TYPELESS;ResourceId::64553:TempBuffer 143 3440x1440:3440x1440:R8_TYPELESS;ResourceId::64549:TempBuffer 142 3440x1440:3440x1440:R8_TYPELESS	ResourceId::61073
2780	ps	MiHoYo/Vegetation/Flower	153	0	ResourceId::64533:TempBuffer 138 3440x1440:3440x1440:R10G10B10A2_TYPELESS;ResourceId::64537:TempBuffer 139 3440x1440:3440x1440:R8G8B8A8_TYPELESS;ResourceId::64541:TempBuffer 140 3440x1440:3440x1440:R8G8B8A8_TYPELESS;ResourceId::64545:TempBuffer 141 3440x1440:3440x1440:R8_TYPELESS;ResourceId::64553:TempBuffer 143 3440x1440:3440x1440:R8_TYPELESS;ResourceId::64549:TempBuffer 142 3440x1440:3440x1440:R8_TYPELESS	ResourceId::61073
2800	ps	MiHoYo/Vegetation/Grass	897	0	ResourceId::64533:TempBuffer 138 3440x1440:3440x1440:R10G10B10A2_TYPELESS;ResourceId::64537:TempBuffer 139 3440x1440:3440x1440:R8G8B8A8_TYPELESS;ResourceId::64541:TempBuffer 140 3440x1440:3440x1440:R8G8B8A8_TYPELESS;ResourceId::64545:TempBuffer 141 3440x1440:3440x1440:R8_TYPELESS;ResourceId::64553:TempBuffer 143 3440x1440:3440x1440:R8_TYPELESS;ResourceId::64549:TempBuffer 142 3440x1440:3440x1440:R8_TYPELESS	ResourceId::61073
2810	ps	MiHoYo/Vegetation/Grass	573	0	ResourceId::64533:TempBuffer 138 3440x1440:3440x1440:R10G10B10A2_TYPELESS;ResourceId::64537:TempBuffer 139 3440x1440:3440x1440:R8G8B8A8_TYPELESS;ResourceId::64541:TempBuffer 140 3440x1440:3440x1440:R8G8B8A8_TYPELESS;ResourceId::64545:TempBuffer 141 3440x1440:3440x1440:R8_TYPELESS;ResourceId::64553:TempBuffer 143 3440x1440:3440x1440:R8_TYPELESS;ResourceId::64549:TempBuffer 142 3440x1440:3440x1440:R8_TYPELESS	ResourceId::61073
2822	ps	MiHoYo/Vegetation/Grass	204	0	ResourceId::64533:TempBuffer 138 3440x1440:3440x1440:R10G10B10A2_TYPELESS;ResourceId::64537:TempBuffer 139 3440x1440:3440x1440:R8G8B8A8_TYPELESS;ResourceId::64541:TempBuffer 140 3440x1440:3440x1440:R8G8B8A8_TYPELESS;ResourceId::64545:TempBuffer 141 3440x1440:3440x1440:R8_TYPELESS;ResourceId::64553:TempBuffer 143 3440x1440:3440x1440:R8_TYPELESS;ResourceId::64549:TempBuffer 142 3440x1440:3440x1440:R8_TYPELESS	ResourceId::61073
2841	ps	MiHoYo/Vegetation/Flower	342	0	ResourceId::64533:TempBuffer 138 3440x1440:3440x1440:R10G10B10A2_TYPELESS;ResourceId::64537:TempBuffer 139 3440x1440:3440x1440:R8G8B8A8_TYPELESS;ResourceId::64541:TempBuffer 140 3440x1440:3440x1440:R8G8B8A8_TYPELESS;ResourceId::64545:TempBuffer 141 3440x1440:3440x1440:R8_TYPELESS;ResourceId::64553:TempBuffer 143 3440x1440:3440x1440:R8_TYPELESS;ResourceId::64549:TempBuffer 142 3440x1440:3440x1440:R8_TYPELESS	ResourceId::61073
2849	ps	MiHoYo/Vegetation/Flower	174	0	ResourceId::64533:TempBuffer 138 3440x1440:3440x1440:R10G10B10A2_TYPELESS;ResourceId::64537:TempBuffer 139 3440x1440:3440x1440:R8G8B8A8_TYPELESS;ResourceId::64541:TempBuffer 140 3440x1440:3440x1440:R8G8B8A8_TYPELESS;ResourceId::64545:TempBuffer 141 3440x1440:3440x1440:R8_TYPELESS;ResourceId::64553:TempBuffer 143 3440x1440:3440x1440:R8_TYPELESS;ResourceId::64549:TempBuffer 142 3440x1440:3440x1440:R8_TYPELESS	ResourceId::61073
2860	ps	MiHoYo/Vegetation/Flower	108	0	ResourceId::64533:TempBuffer 138 3440x1440:3440x1440:R10G10B10A2_TYPELESS;ResourceId::64537:TempBuffer 139 3440x1440:3440x1440:R8G8B8A8_TYPELESS;ResourceId::64541:TempBuffer 140 3440x1440:3440x1440:R8G8B8A8_TYPELESS;ResourceId::64545:TempBuffer 141 3440x1440:3440x1440:R8_TYPELESS;ResourceId::64553:TempBuffer 143 3440x1440:3440x1440:R8_TYPELESS;ResourceId::64549:TempBuffer 142 3440x1440:3440x1440:R8_TYPELESS	ResourceId::61073
2873	ps	MiHoYo/Vegetation/Flower	834	0	ResourceId::64533:TempBuffer 138 3440x1440:3440x1440:R10G10B10A2_TYPELESS;ResourceId::64537:TempBuffer 139 3440x1440:3440x1440:R8G8B8A8_TYPELESS;ResourceId::64541:TempBuffer 140 3440x1440:3440x1440:R8G8B8A8_TYPELESS;ResourceId::64545:TempBuffer 141 3440x1440:3440x1440:R8_TYPELESS;ResourceId::64553:TempBuffer 143 3440x1440:3440x1440:R8_TYPELESS;ResourceId::64549:TempBuffer 142 3440x1440:3440x1440:R8_TYPELESS	ResourceId::61073
2881	ps	MiHoYo/Vegetation/Flower	429	0	ResourceId::64533:TempBuffer 138 3440x1440:3440x1440:R10G10B10A2_TYPELESS;ResourceId::64537:TempBuffer 139 3440x1440:3440x1440:R8G8B8A8_TYPELESS;ResourceId::64541:TempBuffer 140 3440x1440:3440x1440:R8G8B8A8_TYPELESS;ResourceId::64545:TempBuffer 141 3440x1440:3440x1440:R8_TYPELESS;ResourceId::64553:TempBuffer 143 3440x1440:3440x1440:R8_TYPELESS;ResourceId::64549:TempBuffer 142 3440x1440:3440x1440:R8_TYPELESS	ResourceId::61073
2892	ps	MiHoYo/Vegetation/Flower	153	0	ResourceId::64533:TempBuffer 138 3440x1440:3440x1440:R10G10B10A2_TYPELESS;ResourceId::64537:TempBuffer 139 3440x1440:3440x1440:R8G8B8A8_TYPELESS;ResourceId::64541:TempBuffer 140 3440x1440:3440x1440:R8G8B8A8_TYPELESS;ResourceId::64545:TempBuffer 141 3440x1440:3440x1440:R8_TYPELESS;ResourceId::64553:TempBuffer 143 3440x1440:3440x1440:R8_TYPELESS;ResourceId::64549:TempBuffer 142 3440x1440:3440x1440:R8_TYPELESS	ResourceId::61073
2933	ps	miHoYo/Uber/Scene/PatternTexture	612	1	ResourceId::64533:TempBuffer 138 3440x1440:3440x1440:R10G10B10A2_TYPELESS;ResourceId::64537:TempBuffer 139 3440x1440:3440x1440:R8G8B8A8_TYPELESS;ResourceId::64541:TempBuffer 140 3440x1440:3440x1440:R8G8B8A8_TYPELESS;ResourceId::64545:TempBuffer 141 3440x1440:3440x1440:R8_TYPELESS;ResourceId::64553:TempBuffer 143 3440x1440:3440x1440:R8_TYPELESS;ResourceId::64549:TempBuffer 142 3440x1440:3440x1440:R8_TYPELESS	ResourceId::61073
2968	ps	miHoYo/Uber/Scene/Scene_Uber_Base	48	2	ResourceId::64533:TempBuffer 138 3440x1440:3440x1440:R10G10B10A2_TYPELESS;ResourceId::64537:TempBuffer 139 3440x1440:3440x1440:R8G8B8A8_TYPELESS;ResourceId::64541:TempBuffer 140 3440x1440:3440x1440:R8G8B8A8_TYPELESS;ResourceId::64545:TempBuffer 141 3440x1440:3440x1440:R8_TYPELESS;ResourceId::64553:TempBuffer 143 3440x1440:3440x1440:R8_TYPELESS;ResourceId::64549:TempBuffer 142 3440x1440:3440x1440:R8_TYPELESS	ResourceId::61073
2973	ps	miHoYo/Uber/Scene/Scene_Uber_Base	216	1	ResourceId::64533:TempBuffer 138 3440x1440:3440x1440:R10G10B10A2_TYPELESS;ResourceId::64537:TempBuffer 139 3440x1440:3440x1440:R8G8B8A8_TYPELESS;ResourceId::64541:TempBuffer 140 3440x1440:3440x1440:R8G8B8A8_TYPELESS;ResourceId::64545:TempBuffer 141 3440x1440:3440x1440:R8_TYPELESS;ResourceId::64553:TempBuffer 143 3440x1440:3440x1440:R8_TYPELESS;ResourceId::64549:TempBuffer 142 3440x1440:3440x1440:R8_TYPELESS	ResourceId::61073
3001	ps	miHoYo/Uber/Scene/Scene_Uber_Base	432	1	ResourceId::64533:TempBuffer 138 3440x1440:3440x1440:R10G10B10A2_TYPELESS;ResourceId::64537:TempBuffer 139 3440x1440:3440x1440:R8G8B8A8_TYPELESS;ResourceId::64541:TempBuffer 140 3440x1440:3440x1440:R8G8B8A8_TYPELESS;ResourceId::64545:TempBuffer 141 3440x1440:3440x1440:R8_TYPELESS;ResourceId::64553:TempBuffer 143 3440x1440:3440x1440:R8_TYPELESS;ResourceId::64549:TempBuffer 142 3440x1440:3440x1440:R8_TYPELESS	ResourceId::61073
3023	ps	miHoYo/Uber/Scene/Scene_Uber_Base	90	1	ResourceId::64533:TempBuffer 138 3440x1440:3440x1440:R10G10B10A2_TYPELESS;ResourceId::64537:TempBuffer 139 3440x1440:3440x1440:R8G8B8A8_TYPELESS;ResourceId::64541:TempBuffer 140 3440x1440:3440x1440:R8G8B8A8_TYPELESS;ResourceId::64545:TempBuffer 141 3440x1440:3440x1440:R8_TYPELESS;ResourceId::64553:TempBuffer 143 3440x1440:3440x1440:R8_TYPELESS;ResourceId::64549:TempBuffer 142 3440x1440:3440x1440:R8_TYPELESS	ResourceId::61073
3054	ps	miHoYo/Uber/Scene/Scene_Uber_Base	1128	1	ResourceId::64533:TempBuffer 138 3440x1440:3440x1440:R10G10B10A2_TYPELESS;ResourceId::64537:TempBuffer 139 3440x1440:3440x1440:R8G8B8A8_TYPELESS;ResourceId::64541:TempBuffer 140 3440x1440:3440x1440:R8G8B8A8_TYPELESS;ResourceId::64545:TempBuffer 141 3440x1440:3440x1440:R8_TYPELESS;ResourceId::64553:TempBuffer 143 3440x1440:3440x1440:R8_TYPELESS;ResourceId::64549:TempBuffer 142 3440x1440:3440x1440:R8_TYPELESS	ResourceId::61073
3061	ps	miHoYo/Uber/Scene/Scene_Uber_Base	2304	1	ResourceId::64533:TempBuffer 138 3440x1440:3440x1440:R10G10B10A2_TYPELESS;ResourceId::64537:TempBuffer 139 3440x1440:3440x1440:R8G8B8A8_TYPELESS;ResourceId::64541:TempBuffer 140 3440x1440:3440x1440:R8G8B8A8_TYPELESS;ResourceId::64545:TempBuffer 141 3440x1440:3440x1440:R8_TYPELESS;ResourceId::64553:TempBuffer 143 3440x1440:3440x1440:R8_TYPELESS;ResourceId::64549:TempBuffer 142 3440x1440:3440x1440:R8_TYPELESS	ResourceId::61073
3066	ps	miHoYo/Uber/Scene/Scene_Uber_Base	1500	1	ResourceId::64533:TempBuffer 138 3440x1440:3440x1440:R10G10B10A2_TYPELESS;ResourceId::64537:TempBuffer 139 3440x1440:3440x1440:R8G8B8A8_TYPELESS;ResourceId::64541:TempBuffer 140 3440x1440:3440x1440:R8G8B8A8_TYPELESS;ResourceId::64545:TempBuffer 141 3440x1440:3440x1440:R8_TYPELESS;ResourceId::64553:TempBuffer 143 3440x1440:3440x1440:R8_TYPELESS;ResourceId::64549:TempBuffer 142 3440x1440:3440x1440:R8_TYPELESS	ResourceId::61073
3071	ps	miHoYo/Uber/Scene/Scene_Uber_Base	8952	1	ResourceId::64533:TempBuffer 138 3440x1440:3440x1440:R10G10B10A2_TYPELESS;ResourceId::64537:TempBuffer 139 3440x1440:3440x1440:R8G8B8A8_TYPELESS;ResourceId::64541:TempBuffer 140 3440x1440:3440x1440:R8G8B8A8_TYPELESS;ResourceId::64545:TempBuffer 141 3440x1440:3440x1440:R8_TYPELESS;ResourceId::64553:TempBuffer 143 3440x1440:3440x1440:R8_TYPELESS;ResourceId::64549:TempBuffer 142 3440x1440:3440x1440:R8_TYPELESS	ResourceId::61073
3076	ps	miHoYo/Uber/Scene/Scene_Uber_Base	1128	2	ResourceId::64533:TempBuffer 138 3440x1440:3440x1440:R10G10B10A2_TYPELESS;ResourceId::64537:TempBuffer 139 3440x1440:3440x1440:R8G8B8A8_TYPELESS;ResourceId::64541:TempBuffer 140 3440x1440:3440x1440:R8G8B8A8_TYPELESS;ResourceId::64545:TempBuffer 141 3440x1440:3440x1440:R8_TYPELESS;ResourceId::64553:TempBuffer 143 3440x1440:3440x1440:R8_TYPELESS;ResourceId::64549:TempBuffer 142 3440x1440:3440x1440:R8_TYPELESS	ResourceId::61073
3081	ps	miHoYo/Uber/Scene/Scene_Uber_Base	2196	1	ResourceId::64533:TempBuffer 138 3440x1440:3440x1440:R10G10B10A2_TYPELESS;ResourceId::64537:TempBuffer 139 3440x1440:3440x1440:R8G8B8A8_TYPELESS;ResourceId::64541:TempBuffer 140 3440x1440:3440x1440:R8G8B8A8_TYPELESS;ResourceId::64545:TempBuffer 141 3440x1440:3440x1440:R8_TYPELESS;ResourceId::64553:TempBuffer 143 3440x1440:3440x1440:R8_TYPELESS;ResourceId::64549:TempBuffer 142 3440x1440:3440x1440:R8_TYPELESS	ResourceId::61073
3105	ps	miHoYo/Uber/Scene/Scene_Uber_Base	864	1	ResourceId::64533:TempBuffer 138 3440x1440:3440x1440:R10G10B10A2_TYPELESS;ResourceId::64537:TempBuffer 139 3440x1440:3440x1440:R8G8B8A8_TYPELESS;ResourceId::64541:TempBuffer 140 3440x1440:3440x1440:R8G8B8A8_TYPELESS;ResourceId::64545:TempBuffer 141 3440x1440:3440x1440:R8_TYPELESS;ResourceId::64553:TempBuffer 143 3440x1440:3440x1440:R8_TYPELESS;ResourceId::64549:TempBuffer 142 3440x1440:3440x1440:R8_TYPELESS	ResourceId::61073
3110	ps	miHoYo/Uber/Scene/Scene_Uber_Base	51	1	ResourceId::64533:TempBuffer 138 3440x1440:3440x1440:R10G10B10A2_TYPELESS;ResourceId::64537:TempBuffer 139 3440x1440:3440x1440:R8G8B8A8_TYPELESS;ResourceId::64541:TempBuffer 140 3440x1440:3440x1440:R8G8B8A8_TYPELESS;ResourceId::64545:TempBuffer 141 3440x1440:3440x1440:R8_TYPELESS;ResourceId::64553:TempBuffer 143 3440x1440:3440x1440:R8_TYPELESS;ResourceId::64549:TempBuffer 142 3440x1440:3440x1440:R8_TYPELESS	ResourceId::61073
3118	ps	miHoYo/Uber/Scene/Scene_Uber_Base	3000	1	ResourceId::64533:TempBuffer 138 3440x1440:3440x1440:R10G10B10A2_TYPELESS;ResourceId::64537:TempBuffer 139 3440x1440:3440x1440:R8G8B8A8_TYPELESS;ResourceId::64541:TempBuffer 140 3440x1440:3440x1440:R8G8B8A8_TYPELESS;ResourceId::64545:TempBuffer 141 3440x1440:3440x1440:R8_TYPELESS;ResourceId::64553:TempBuffer 143 3440x1440:3440x1440:R8_TYPELESS;ResourceId::64549:TempBuffer 142 3440x1440:3440x1440:R8_TYPELESS	ResourceId::61073
3123	ps	miHoYo/Uber/Scene/Scene_Uber_Base	1932	2	ResourceId::64533:TempBuffer 138 3440x1440:3440x1440:R10G10B10A2_TYPELESS;ResourceId::64537:TempBuffer 139 3440x1440:3440x1440:R8G8B8A8_TYPELESS;ResourceId::64541:TempBuffer 140 3440x1440:3440x1440:R8G8B8A8_TYPELESS;ResourceId::64545:TempBuffer 141 3440x1440:3440x1440:R8_TYPELESS;ResourceId::64553:TempBuffer 143 3440x1440:3440x1440:R8_TYPELESS;ResourceId::64549:TempBuffer 142 3440x1440:3440x1440:R8_TYPELESS	ResourceId::61073
3128	ps	miHoYo/Uber/Scene/Scene_Uber_Base	90	1	ResourceId::64533:TempBuffer 138 3440x1440:3440x1440:R10G10B10A2_TYPELESS;ResourceId::64537:TempBuffer 139 3440x1440:3440x1440:R8G8B8A8_TYPELESS;ResourceId::64541:TempBuffer 140 3440x1440:3440x1440:R8G8B8A8_TYPELESS;ResourceId::64545:TempBuffer 141 3440x1440:3440x1440:R8_TYPELESS;ResourceId::64553:TempBuffer 143 3440x1440:3440x1440:R8_TYPELESS;ResourceId::64549:TempBuffer 142 3440x1440:3440x1440:R8_TYPELESS	ResourceId::61073
3133	ps	miHoYo/Uber/Scene/Scene_Uber_Base	90	1	ResourceId::64533:TempBuffer 138 3440x1440:3440x1440:R10G10B10A2_TYPELESS;ResourceId::64537:TempBuffer 139 3440x1440:3440x1440:R8G8B8A8_TYPELESS;ResourceId::64541:TempBuffer 140 3440x1440:3440x1440:R8G8B8A8_TYPELESS;ResourceId::64545:TempBuffer 141 3440x1440:3440x1440:R8_TYPELESS;ResourceId::64553:TempBuffer 143 3440x1440:3440x1440:R8_TYPELESS;ResourceId::64549:TempBuffer 142 3440x1440:3440x1440:R8_TYPELESS	ResourceId::61073
3138	ps	miHoYo/Uber/Scene/Scene_Uber_Base	1710	2	ResourceId::64533:TempBuffer 138 3440x1440:3440x1440:R10G10B10A2_TYPELESS;ResourceId::64537:TempBuffer 139 3440x1440:3440x1440:R8G8B8A8_TYPELESS;ResourceId::64541:TempBuffer 140 3440x1440:3440x1440:R8G8B8A8_TYPELESS;ResourceId::64545:TempBuffer 141 3440x1440:3440x1440:R8_TYPELESS;ResourceId::64553:TempBuffer 143 3440x1440:3440x1440:R8_TYPELESS;ResourceId::64549:TempBuffer 142 3440x1440:3440x1440:R8_TYPELESS	ResourceId::61073
3143	ps	miHoYo/Uber/Scene/Scene_Uber_Base	2520	2	ResourceId::64533:TempBuffer 138 3440x1440:3440x1440:R10G10B10A2_TYPELESS;ResourceId::64537:TempBuffer 139 3440x1440:3440x1440:R8G8B8A8_TYPELESS;ResourceId::64541:TempBuffer 140 3440x1440:3440x1440:R8G8B8A8_TYPELESS;ResourceId::64545:TempBuffer 141 3440x1440:3440x1440:R8_TYPELESS;ResourceId::64553:TempBuffer 143 3440x1440:3440x1440:R8_TYPELESS;ResourceId::64549:TempBuffer 142 3440x1440:3440x1440:R8_TYPELESS	ResourceId::61073
3148	ps	miHoYo/Uber/Scene/Scene_Uber_Base	2475	1	ResourceId::64533:TempBuffer 138 3440x1440:3440x1440:R10G10B10A2_TYPELESS;ResourceId::64537:TempBuffer 139 3440x1440:3440x1440:R8G8B8A8_TYPELESS;ResourceId::64541:TempBuffer 140 3440x1440:3440x1440:R8G8B8A8_TYPELESS;ResourceId::64545:TempBuffer 141 3440x1440:3440x1440:R8_TYPELESS;ResourceId::64553:TempBuffer 143 3440x1440:3440x1440:R8_TYPELESS;ResourceId::64549:TempBuffer 142 3440x1440:3440x1440:R8_TYPELESS	ResourceId::61073
3153	ps	miHoYo/Uber/Scene/Scene_Uber_Base	1527	1	ResourceId::64533:TempBuffer 138 3440x1440:3440x1440:R10G10B10A2_TYPELESS;ResourceId::64537:TempBuffer 139 3440x1440:3440x1440:R8G8B8A8_TYPELESS;ResourceId::64541:TempBuffer 140 3440x1440:3440x1440:R8G8B8A8_TYPELESS;ResourceId::64545:TempBuffer 141 3440x1440:3440x1440:R8_TYPELESS;ResourceId::64553:TempBuffer 143 3440x1440:3440x1440:R8_TYPELESS;ResourceId::64549:TempBuffer 142 3440x1440:3440x1440:R8_TYPELESS	ResourceId::61073
3161	ps	miHoYo/Uber/Scene/Scene_Uber_Base	1074	1	ResourceId::64533:TempBuffer 138 3440x1440:3440x1440:R10G10B10A2_TYPELESS;ResourceId::64537:TempBuffer 139 3440x1440:3440x1440:R8G8B8A8_TYPELESS;ResourceId::64541:TempBuffer 140 3440x1440:3440x1440:R8G8B8A8_TYPELESS;ResourceId::64545:TempBuffer 141 3440x1440:3440x1440:R8_TYPELESS;ResourceId::64553:TempBuffer 143 3440x1440:3440x1440:R8_TYPELESS;ResourceId::64549:TempBuffer 142 3440x1440:3440x1440:R8_TYPELESS	ResourceId::61073
3169	ps	miHoYo/Uber/Scene/Scene_Uber_Base	1560	1	ResourceId::64533:TempBuffer 138 3440x1440:3440x1440:R10G10B10A2_TYPELESS;ResourceId::64537:TempBuffer 139 3440x1440:3440x1440:R8G8B8A8_TYPELESS;ResourceId::64541:TempBuffer 140 3440x1440:3440x1440:R8G8B8A8_TYPELESS;ResourceId::64545:TempBuffer 141 3440x1440:3440x1440:R8_TYPELESS;ResourceId::64553:TempBuffer 143 3440x1440:3440x1440:R8_TYPELESS;ResourceId::64549:TempBuffer 142 3440x1440:3440x1440:R8_TYPELESS	ResourceId::61073
3174	ps	miHoYo/Uber/Scene/Scene_Uber_Base	2856	1	ResourceId::64533:TempBuffer 138 3440x1440:3440x1440:R10G10B10A2_TYPELESS;ResourceId::64537:TempBuffer 139 3440x1440:3440x1440:R8G8B8A8_TYPELESS;ResourceId::64541:TempBuffer 140 3440x1440:3440x1440:R8G8B8A8_TYPELESS;ResourceId::64545:TempBuffer 141 3440x1440:3440x1440:R8_TYPELESS;ResourceId::64553:TempBuffer 143 3440x1440:3440x1440:R8_TYPELESS;ResourceId::64549:TempBuffer 142 3440x1440:3440x1440:R8_TYPELESS	ResourceId::61073
3179	ps	miHoYo/Uber/Scene/Scene_Uber_Base	2487	1	ResourceId::64533:TempBuffer 138 3440x1440:3440x1440:R10G10B10A2_TYPELESS;ResourceId::64537:TempBuffer 139 3440x1440:3440x1440:R8G8B8A8_TYPELESS;ResourceId::64541:TempBuffer 140 3440x1440:3440x1440:R8G8B8A8_TYPELESS;ResourceId::64545:TempBuffer 141 3440x1440:3440x1440:R8_TYPELESS;ResourceId::64553:TempBuffer 143 3440x1440:3440x1440:R8_TYPELESS;ResourceId::64549:TempBuffer 142 3440x1440:3440x1440:R8_TYPELESS	ResourceId::61073
3184	ps	miHoYo/Uber/Scene/Scene_Uber_Base	840	1	ResourceId::64533:TempBuffer 138 3440x1440:3440x1440:R10G10B10A2_TYPELESS;ResourceId::64537:TempBuffer 139 3440x1440:3440x1440:R8G8B8A8_TYPELESS;ResourceId::64541:TempBuffer 140 3440x1440:3440x1440:R8G8B8A8_TYPELESS;ResourceId::64545:TempBuffer 141 3440x1440:3440x1440:R8_TYPELESS;ResourceId::64553:TempBuffer 143 3440x1440:3440x1440:R8_TYPELESS;ResourceId::64549:TempBuffer 142 3440x1440:3440x1440:R8_TYPELESS	ResourceId::61073
3189	ps	miHoYo/Uber/Scene/Scene_Uber_Base	1824	1	ResourceId::64533:TempBuffer 138 3440x1440:3440x1440:R10G10B10A2_TYPELESS;ResourceId::64537:TempBuffer 139 3440x1440:3440x1440:R8G8B8A8_TYPELESS;ResourceId::64541:TempBuffer 140 3440x1440:3440x1440:R8G8B8A8_TYPELESS;ResourceId::64545:TempBuffer 141 3440x1440:3440x1440:R8_TYPELESS;ResourceId::64553:TempBuffer 143 3440x1440:3440x1440:R8_TYPELESS;ResourceId::64549:TempBuffer 142 3440x1440:3440x1440:R8_TYPELESS	ResourceId::61073
3197	ps	miHoYo/Uber/Scene/Scene_Uber_Base	2274	1	ResourceId::64533:TempBuffer 138 3440x1440:3440x1440:R10G10B10A2_TYPELESS;ResourceId::64537:TempBuffer 139 3440x1440:3440x1440:R8G8B8A8_TYPELESS;ResourceId::64541:TempBuffer 140 3440x1440:3440x1440:R8G8B8A8_TYPELESS;ResourceId::64545:TempBuffer 141 3440x1440:3440x1440:R8_TYPELESS;ResourceId::64553:TempBuffer 143 3440x1440:3440x1440:R8_TYPELESS;ResourceId::64549:TempBuffer 142 3440x1440:3440x1440:R8_TYPELESS	ResourceId::61073
3204	ps	miHoYo/Uber/Scene/Scene_Uber_Base	1956	1	ResourceId::64533:TempBuffer 138 3440x1440:3440x1440:R10G10B10A2_TYPELESS;ResourceId::64537:TempBuffer 139 3440x1440:3440x1440:R8G8B8A8_TYPELESS;ResourceId::64541:TempBuffer 140 3440x1440:3440x1440:R8G8B8A8_TYPELESS;ResourceId::64545:TempBuffer 141 3440x1440:3440x1440:R8_TYPELESS;ResourceId::64553:TempBuffer 143 3440x1440:3440x1440:R8_TYPELESS;ResourceId::64549:TempBuffer 142 3440x1440:3440x1440:R8_TYPELESS	ResourceId::61073
3208	ps	miHoYo/Uber/Scene/Scene_Uber_Base	2016	3	ResourceId::64533:TempBuffer 138 3440x1440:3440x1440:R10G10B10A2_TYPELESS;ResourceId::64537:TempBuffer 139 3440x1440:3440x1440:R8G8B8A8_TYPELESS;ResourceId::64541:TempBuffer 140 3440x1440:3440x1440:R8G8B8A8_TYPELESS;ResourceId::64545:TempBuffer 141 3440x1440:3440x1440:R8_TYPELESS;ResourceId::64553:TempBuffer 143 3440x1440:3440x1440:R8_TYPELESS;ResourceId::64549:TempBuffer 142 3440x1440:3440x1440:R8_TYPELESS	ResourceId::61073
3212	ps	miHoYo/Uber/Scene/Scene_Uber_Base	1248	1	ResourceId::64533:TempBuffer 138 3440x1440:3440x1440:R10G10B10A2_TYPELESS;ResourceId::64537:TempBuffer 139 3440x1440:3440x1440:R8G8B8A8_TYPELESS;ResourceId::64541:TempBuffer 140 3440x1440:3440x1440:R8G8B8A8_TYPELESS;ResourceId::64545:TempBuffer 141 3440x1440:3440x1440:R8_TYPELESS;ResourceId::64553:TempBuffer 143 3440x1440:3440x1440:R8_TYPELESS;ResourceId::64549:TempBuffer 142 3440x1440:3440x1440:R8_TYPELESS	ResourceId::61073
3216	ps	miHoYo/Uber/Scene/Scene_Uber_Base	240	1	ResourceId::64533:TempBuffer 138 3440x1440:3440x1440:R10G10B10A2_TYPELESS;ResourceId::64537:TempBuffer 139 3440x1440:3440x1440:R8G8B8A8_TYPELESS;ResourceId::64541:TempBuffer 140 3440x1440:3440x1440:R8G8B8A8_TYPELESS;ResourceId::64545:TempBuffer 141 3440x1440:3440x1440:R8_TYPELESS;ResourceId::64553:TempBuffer 143 3440x1440:3440x1440:R8_TYPELESS;ResourceId::64549:TempBuffer 142 3440x1440:3440x1440:R8_TYPELESS	ResourceId::61073
3220	ps	miHoYo/Uber/Scene/Scene_Uber_Base	144	2	ResourceId::64533:TempBuffer 138 3440x1440:3440x1440:R10G10B10A2_TYPELESS;ResourceId::64537:TempBuffer 139 3440x1440:3440x1440:R8G8B8A8_TYPELESS;ResourceId::64541:TempBuffer 140 3440x1440:3440x1440:R8G8B8A8_TYPELESS;ResourceId::64545:TempBuffer 141 3440x1440:3440x1440:R8_TYPELESS;ResourceId::64553:TempBuffer 143 3440x1440:3440x1440:R8_TYPELESS;ResourceId::64549:TempBuffer 142 3440x1440:3440x1440:R8_TYPELESS	ResourceId::61073
3226	ps	miHoYo/Uber/Scene/Scene_Uber_Base	2016	1	ResourceId::64533:TempBuffer 138 3440x1440:3440x1440:R10G10B10A2_TYPELESS;ResourceId::64537:TempBuffer 139 3440x1440:3440x1440:R8G8B8A8_TYPELESS;ResourceId::64541:TempBuffer 140 3440x1440:3440x1440:R8G8B8A8_TYPELESS;ResourceId::64545:TempBuffer 141 3440x1440:3440x1440:R8_TYPELESS;ResourceId::64553:TempBuffer 143 3440x1440:3440x1440:R8_TYPELESS;ResourceId::64549:TempBuffer 142 3440x1440:3440x1440:R8_TYPELESS	ResourceId::61073
3230	ps	miHoYo/Uber/Scene/Scene_Uber_Base	2016	1	ResourceId::64533:TempBuffer 138 3440x1440:3440x1440:R10G10B10A2_TYPELESS;ResourceId::64537:TempBuffer 139 3440x1440:3440x1440:R8G8B8A8_TYPELESS;ResourceId::64541:TempBuffer 140 3440x1440:3440x1440:R8G8B8A8_TYPELESS;ResourceId::64545:TempBuffer 141 3440x1440:3440x1440:R8_TYPELESS;ResourceId::64553:TempBuffer 143 3440x1440:3440x1440:R8_TYPELESS;ResourceId::64549:TempBuffer 142 3440x1440:3440x1440:R8_TYPELESS	ResourceId::61073
3236	ps	miHoYo/Uber/Scene/Scene_Uber_Base	1956	1	ResourceId::64533:TempBuffer 138 3440x1440:3440x1440:R10G10B10A2_TYPELESS;ResourceId::64537:TempBuffer 139 3440x1440:3440x1440:R8G8B8A8_TYPELESS;ResourceId::64541:TempBuffer 140 3440x1440:3440x1440:R8G8B8A8_TYPELESS;ResourceId::64545:TempBuffer 141 3440x1440:3440x1440:R8_TYPELESS;ResourceId::64553:TempBuffer 143 3440x1440:3440x1440:R8_TYPELESS;ResourceId::64549:TempBuffer 142 3440x1440:3440x1440:R8_TYPELESS	ResourceId::61073
3267	ps	miHoYo/Scene/Glass Interior	291	0	ResourceId::64533:TempBuffer 138 3440x1440:3440x1440:R10G10B10A2_TYPELESS;ResourceId::64537:TempBuffer 139 3440x1440:3440x1440:R8G8B8A8_TYPELESS;ResourceId::64541:TempBuffer 140 3440x1440:3440x1440:R8G8B8A8_TYPELESS;ResourceId::64545:TempBuffer 141 3440x1440:3440x1440:R8_TYPELESS;ResourceId::64553:TempBuffer 143 3440x1440:3440x1440:R8_TYPELESS;ResourceId::64549:TempBuffer 142 3440x1440:3440x1440:R8_TYPELESS	ResourceId::61073
3290	ps	miHoYo/Scene/Glass Interior	1032	2	ResourceId::64533:TempBuffer 138 3440x1440:3440x1440:R10G10B10A2_TYPELESS;ResourceId::64537:TempBuffer 139 3440x1440:3440x1440:R8G8B8A8_TYPELESS;ResourceId::64541:TempBuffer 140 3440x1440:3440x1440:R8G8B8A8_TYPELESS;ResourceId::64545:TempBuffer 141 3440x1440:3440x1440:R8_TYPELESS;ResourceId::64553:TempBuffer 143 3440x1440:3440x1440:R8_TYPELESS;ResourceId::64549:TempBuffer 142 3440x1440:3440x1440:R8_TYPELESS	ResourceId::61073
3295	ps	miHoYo/Scene/Glass Interior	624	0	ResourceId::64533:TempBuffer 138 3440x1440:3440x1440:R10G10B10A2_TYPELESS;ResourceId::64537:TempBuffer 139 3440x1440:3440x1440:R8G8B8A8_TYPELESS;ResourceId::64541:TempBuffer 140 3440x1440:3440x1440:R8G8B8A8_TYPELESS;ResourceId::64545:TempBuffer 141 3440x1440:3440x1440:R8_TYPELESS;ResourceId::64553:TempBuffer 143 3440x1440:3440x1440:R8_TYPELESS;ResourceId::64549:TempBuffer 142 3440x1440:3440x1440:R8_TYPELESS	ResourceId::61073
3300	ps	miHoYo/Scene/Glass Interior	162	0	ResourceId::64533:TempBuffer 138 3440x1440:3440x1440:R10G10B10A2_TYPELESS;ResourceId::64537:TempBuffer 139 3440x1440:3440x1440:R8G8B8A8_TYPELESS;ResourceId::64541:TempBuffer 140 3440x1440:3440x1440:R8G8B8A8_TYPELESS;ResourceId::64545:TempBuffer 141 3440x1440:3440x1440:R8_TYPELESS;ResourceId::64553:TempBuffer 143 3440x1440:3440x1440:R8_TYPELESS;ResourceId::64549:TempBuffer 142 3440x1440:3440x1440:R8_TYPELESS	ResourceId::61073
3305	ps	miHoYo/Scene/Glass Interior	1776	0	ResourceId::64533:TempBuffer 138 3440x1440:3440x1440:R10G10B10A2_TYPELESS;ResourceId::64537:TempBuffer 139 3440x1440:3440x1440:R8G8B8A8_TYPELESS;ResourceId::64541:TempBuffer 140 3440x1440:3440x1440:R8G8B8A8_TYPELESS;ResourceId::64545:TempBuffer 141 3440x1440:3440x1440:R8_TYPELESS;ResourceId::64553:TempBuffer 143 3440x1440:3440x1440:R8_TYPELESS;ResourceId::64549:TempBuffer 142 3440x1440:3440x1440:R8_TYPELESS	ResourceId::61073
3310	ps	miHoYo/Scene/Glass Interior	222	0	ResourceId::64533:TempBuffer 138 3440x1440:3440x1440:R10G10B10A2_TYPELESS;ResourceId::64537:TempBuffer 139 3440x1440:3440x1440:R8G8B8A8_TYPELESS;ResourceId::64541:TempBuffer 140 3440x1440:3440x1440:R8G8B8A8_TYPELESS;ResourceId::64545:TempBuffer 141 3440x1440:3440x1440:R8_TYPELESS;ResourceId::64553:TempBuffer 143 3440x1440:3440x1440:R8_TYPELESS;ResourceId::64549:TempBuffer 142 3440x1440:3440x1440:R8_TYPELESS	ResourceId::61073
3315	ps	miHoYo/Scene/Glass Interior	393	2	ResourceId::64533:TempBuffer 138 3440x1440:3440x1440:R10G10B10A2_TYPELESS;ResourceId::64537:TempBuffer 139 3440x1440:3440x1440:R8G8B8A8_TYPELESS;ResourceId::64541:TempBuffer 140 3440x1440:3440x1440:R8G8B8A8_TYPELESS;ResourceId::64545:TempBuffer 141 3440x1440:3440x1440:R8_TYPELESS;ResourceId::64553:TempBuffer 143 3440x1440:3440x1440:R8_TYPELESS;ResourceId::64549:TempBuffer 142 3440x1440:3440x1440:R8_TYPELESS	ResourceId::61073
3320	ps	miHoYo/Scene/Glass Interior	108	2	ResourceId::64533:TempBuffer 138 3440x1440:3440x1440:R10G10B10A2_TYPELESS;ResourceId::64537:TempBuffer 139 3440x1440:3440x1440:R8G8B8A8_TYPELESS;ResourceId::64541:TempBuffer 140 3440x1440:3440x1440:R8G8B8A8_TYPELESS;ResourceId::64545:TempBuffer 141 3440x1440:3440x1440:R8_TYPELESS;ResourceId::64553:TempBuffer 143 3440x1440:3440x1440:R8_TYPELESS;ResourceId::64549:TempBuffer 142 3440x1440:3440x1440:R8_TYPELESS	ResourceId::61073
3325	ps	miHoYo/Scene/Glass Interior	378	0	ResourceId::64533:TempBuffer 138 3440x1440:3440x1440:R10G10B10A2_TYPELESS;ResourceId::64537:TempBuffer 139 3440x1440:3440x1440:R8G8B8A8_TYPELESS;ResourceId::64541:TempBuffer 140 3440x1440:3440x1440:R8G8B8A8_TYPELESS;ResourceId::64545:TempBuffer 141 3440x1440:3440x1440:R8_TYPELESS;ResourceId::64553:TempBuffer 143 3440x1440:3440x1440:R8_TYPELESS;ResourceId::64549:TempBuffer 142 3440x1440:3440x1440:R8_TYPELESS	ResourceId::61073
3334	ps	miHoYo/Scene/Glass Interior	354	0	ResourceId::64533:TempBuffer 138 3440x1440:3440x1440:R10G10B10A2_TYPELESS;ResourceId::64537:TempBuffer 139 3440x1440:3440x1440:R8G8B8A8_TYPELESS;ResourceId::64541:TempBuffer 140 3440x1440:3440x1440:R8G8B8A8_TYPELESS;ResourceId::64545:TempBuffer 141 3440x1440:3440x1440:R8_TYPELESS;ResourceId::64553:TempBuffer 143 3440x1440:3440x1440:R8_TYPELESS;ResourceId::64549:TempBuffer 142 3440x1440:3440x1440:R8_TYPELESS	ResourceId::61073
3339	ps	miHoYo/Scene/Glass Interior	516	2	ResourceId::64533:TempBuffer 138 3440x1440:3440x1440:R10G10B10A2_TYPELESS;ResourceId::64537:TempBuffer 139 3440x1440:3440x1440:R8G8B8A8_TYPELESS;ResourceId::64541:TempBuffer 140 3440x1440:3440x1440:R8G8B8A8_TYPELESS;ResourceId::64545:TempBuffer 141 3440x1440:3440x1440:R8_TYPELESS;ResourceId::64553:TempBuffer 143 3440x1440:3440x1440:R8_TYPELESS;ResourceId::64549:TempBuffer 142 3440x1440:3440x1440:R8_TYPELESS	ResourceId::61073
3358	ps	miHoYo/Scene/Glass Interior	228	0	ResourceId::64533:TempBuffer 138 3440x1440:3440x1440:R10G10B10A2_TYPELESS;ResourceId::64537:TempBuffer 139 3440x1440:3440x1440:R8G8B8A8_TYPELESS;ResourceId::64541:TempBuffer 140 3440x1440:3440x1440:R8G8B8A8_TYPELESS;ResourceId::64545:TempBuffer 141 3440x1440:3440x1440:R8_TYPELESS;ResourceId::64553:TempBuffer 143 3440x1440:3440x1440:R8_TYPELESS;ResourceId::64549:TempBuffer 142 3440x1440:3440x1440:R8_TYPELESS	ResourceId::61073
3379	ps	miHoYo/Scene/Glass Interior	354	0	ResourceId::64533:TempBuffer 138 3440x1440:3440x1440:R10G10B10A2_TYPELESS;ResourceId::64537:TempBuffer 139 3440x1440:3440x1440:R8G8B8A8_TYPELESS;ResourceId::64541:TempBuffer 140 3440x1440:3440x1440:R8G8B8A8_TYPELESS;ResourceId::64545:TempBuffer 141 3440x1440:3440x1440:R8_TYPELESS;ResourceId::64553:TempBuffer 143 3440x1440:3440x1440:R8_TYPELESS;ResourceId::64549:TempBuffer 142 3440x1440:3440x1440:R8_TYPELESS	ResourceId::61073
3384	ps	miHoYo/Scene/Glass Interior	456	0	ResourceId::64533:TempBuffer 138 3440x1440:3440x1440:R10G10B10A2_TYPELESS;ResourceId::64537:TempBuffer 139 3440x1440:3440x1440:R8G8B8A8_TYPELESS;ResourceId::64541:TempBuffer 140 3440x1440:3440x1440:R8G8B8A8_TYPELESS;ResourceId::64545:TempBuffer 141 3440x1440:3440x1440:R8_TYPELESS;ResourceId::64553:TempBuffer 143 3440x1440:3440x1440:R8_TYPELESS;ResourceId::64549:TempBuffer 142 3440x1440:3440x1440:R8_TYPELESS	ResourceId::61073
3406	ps	miHoYo/Scene/Glass Interior	24	2	ResourceId::64533:TempBuffer 138 3440x1440:3440x1440:R10G10B10A2_TYPELESS;ResourceId::64537:TempBuffer 139 3440x1440:3440x1440:R8G8B8A8_TYPELESS;ResourceId::64541:TempBuffer 140 3440x1440:3440x1440:R8G8B8A8_TYPELESS;ResourceId::64545:TempBuffer 141 3440x1440:3440x1440:R8_TYPELESS;ResourceId::64553:TempBuffer 143 3440x1440:3440x1440:R8_TYPELESS;ResourceId::64549:TempBuffer 142 3440x1440:3440x1440:R8_TYPELESS	ResourceId::61073
3425	ps	miHoYo/Scene/Glass Interior	453	5	ResourceId::64533:TempBuffer 138 3440x1440:3440x1440:R10G10B10A2_TYPELESS;ResourceId::64537:TempBuffer 139 3440x1440:3440x1440:R8G8B8A8_TYPELESS;ResourceId::64541:TempBuffer 140 3440x1440:3440x1440:R8G8B8A8_TYPELESS;ResourceId::64545:TempBuffer 141 3440x1440:3440x1440:R8_TYPELESS;ResourceId::64553:TempBuffer 143 3440x1440:3440x1440:R8_TYPELESS;ResourceId::64549:TempBuffer 142 3440x1440:3440x1440:R8_TYPELESS	ResourceId::61073
3444	ps	miHoYo/Scene/Glass Interior	336	2	ResourceId::64533:TempBuffer 138 3440x1440:3440x1440:R10G10B10A2_TYPELESS;ResourceId::64537:TempBuffer 139 3440x1440:3440x1440:R8G8B8A8_TYPELESS;ResourceId::64541:TempBuffer 140 3440x1440:3440x1440:R8G8B8A8_TYPELESS;ResourceId::64545:TempBuffer 141 3440x1440:3440x1440:R8_TYPELESS;ResourceId::64553:TempBuffer 143 3440x1440:3440x1440:R8_TYPELESS;ResourceId::64549:TempBuffer 142 3440x1440:3440x1440:R8_TYPELESS	ResourceId::61073
3485	ps	miHoYo/Afs Simple Tree v4/BillBoard	6	7	ResourceId::64533:TempBuffer 138 3440x1440:3440x1440:R10G10B10A2_TYPELESS;ResourceId::64537:TempBuffer 139 3440x1440:3440x1440:R8G8B8A8_TYPELESS;ResourceId::64541:TempBuffer 140 3440x1440:3440x1440:R8G8B8A8_TYPELESS;ResourceId::64545:TempBuffer 141 3440x1440:3440x1440:R8_TYPELESS;ResourceId::64553:TempBuffer 143 3440x1440:3440x1440:R8_TYPELESS;ResourceId::64549:TempBuffer 142 3440x1440:3440x1440:R8_TYPELESS	ResourceId::61073
3511	ps	miHoYo/Afs Simple Tree v4/BillBoard	84	1	ResourceId::64533:TempBuffer 138 3440x1440:3440x1440:R10G10B10A2_TYPELESS;ResourceId::64537:TempBuffer 139 3440x1440:3440x1440:R8G8B8A8_TYPELESS;ResourceId::64541:TempBuffer 140 3440x1440:3440x1440:R8G8B8A8_TYPELESS;ResourceId::64545:TempBuffer 141 3440x1440:3440x1440:R8_TYPELESS;ResourceId::64553:TempBuffer 143 3440x1440:3440x1440:R8_TYPELESS;ResourceId::64549:TempBuffer 142 3440x1440:3440x1440:R8_TYPELESS	ResourceId::61073
3541	ps	miHoYo/Scene/Base New LOD2	480	1	ResourceId::64533:TempBuffer 138 3440x1440:3440x1440:R10G10B10A2_TYPELESS;ResourceId::64537:TempBuffer 139 3440x1440:3440x1440:R8G8B8A8_TYPELESS;ResourceId::64541:TempBuffer 140 3440x1440:3440x1440:R8G8B8A8_TYPELESS;ResourceId::64545:TempBuffer 141 3440x1440:3440x1440:R8_TYPELESS;ResourceId::64553:TempBuffer 143 3440x1440:3440x1440:R8_TYPELESS;ResourceId::64549:TempBuffer 142 3440x1440:3440x1440:R8_TYPELESS	ResourceId::61073
3546	ps	miHoYo/Scene/Base New LOD2	1842	2	ResourceId::64533:TempBuffer 138 3440x1440:3440x1440:R10G10B10A2_TYPELESS;ResourceId::64537:TempBuffer 139 3440x1440:3440x1440:R8G8B8A8_TYPELESS;ResourceId::64541:TempBuffer 140 3440x1440:3440x1440:R8G8B8A8_TYPELESS;ResourceId::64545:TempBuffer 141 3440x1440:3440x1440:R8_TYPELESS;ResourceId::64553:TempBuffer 143 3440x1440:3440x1440:R8_TYPELESS;ResourceId::64549:TempBuffer 142 3440x1440:3440x1440:R8_TYPELESS	ResourceId::61073
3567	ps	miHoYo/Scene/Base New LOD2	2520	2	ResourceId::64533:TempBuffer 138 3440x1440:3440x1440:R10G10B10A2_TYPELESS;ResourceId::64537:TempBuffer 139 3440x1440:3440x1440:R8G8B8A8_TYPELESS;ResourceId::64541:TempBuffer 140 3440x1440:3440x1440:R8G8B8A8_TYPELESS;ResourceId::64545:TempBuffer 141 3440x1440:3440x1440:R8_TYPELESS;ResourceId::64553:TempBuffer 143 3440x1440:3440x1440:R8_TYPELESS;ResourceId::64549:TempBuffer 142 3440x1440:3440x1440:R8_TYPELESS	ResourceId::61073
3590	ps	miHoYo/Scene/Base New LOD2	2580	3	ResourceId::64533:TempBuffer 138 3440x1440:3440x1440:R10G10B10A2_TYPELESS;ResourceId::64537:TempBuffer 139 3440x1440:3440x1440:R8G8B8A8_TYPELESS;ResourceId::64541:TempBuffer 140 3440x1440:3440x1440:R8G8B8A8_TYPELESS;ResourceId::64545:TempBuffer 141 3440x1440:3440x1440:R8_TYPELESS;ResourceId::64553:TempBuffer 143 3440x1440:3440x1440:R8_TYPELESS;ResourceId::64549:TempBuffer 142 3440x1440:3440x1440:R8_TYPELESS	ResourceId::61073
3595	ps	miHoYo/Scene/Base New LOD2	2112	3	ResourceId::64533:TempBuffer 138 3440x1440:3440x1440:R10G10B10A2_TYPELESS;ResourceId::64537:TempBuffer 139 3440x1440:3440x1440:R8G8B8A8_TYPELESS;ResourceId::64541:TempBuffer 140 3440x1440:3440x1440:R8G8B8A8_TYPELESS;ResourceId::64545:TempBuffer 141 3440x1440:3440x1440:R8_TYPELESS;ResourceId::64553:TempBuffer 143 3440x1440:3440x1440:R8_TYPELESS;ResourceId::64549:TempBuffer 142 3440x1440:3440x1440:R8_TYPELESS	ResourceId::61073
3600	ps	miHoYo/Scene/Base New LOD2	5691	1	ResourceId::64533:TempBuffer 138 3440x1440:3440x1440:R10G10B10A2_TYPELESS;ResourceId::64537:TempBuffer 139 3440x1440:3440x1440:R8G8B8A8_TYPELESS;ResourceId::64541:TempBuffer 140 3440x1440:3440x1440:R8G8B8A8_TYPELESS;ResourceId::64545:TempBuffer 141 3440x1440:3440x1440:R8_TYPELESS;ResourceId::64553:TempBuffer 143 3440x1440:3440x1440:R8_TYPELESS;ResourceId::64549:TempBuffer 142 3440x1440:3440x1440:R8_TYPELESS	ResourceId::61073
3605	ps	miHoYo/Scene/Base New LOD2	2160	1	ResourceId::64533:TempBuffer 138 3440x1440:3440x1440:R10G10B10A2_TYPELESS;ResourceId::64537:TempBuffer 139 3440x1440:3440x1440:R8G8B8A8_TYPELESS;ResourceId::64541:TempBuffer 140 3440x1440:3440x1440:R8G8B8A8_TYPELESS;ResourceId::64545:TempBuffer 141 3440x1440:3440x1440:R8_TYPELESS;ResourceId::64553:TempBuffer 143 3440x1440:3440x1440:R8_TYPELESS;ResourceId::64549:TempBuffer 142 3440x1440:3440x1440:R8_TYPELESS	ResourceId::61073
3610	ps	miHoYo/Scene/Base New LOD2	1875	2	ResourceId::64533:TempBuffer 138 3440x1440:3440x1440:R10G10B10A2_TYPELESS;ResourceId::64537:TempBuffer 139 3440x1440:3440x1440:R8G8B8A8_TYPELESS;ResourceId::64541:TempBuffer 140 3440x1440:3440x1440:R8G8B8A8_TYPELESS;ResourceId::64545:TempBuffer 141 3440x1440:3440x1440:R8_TYPELESS;ResourceId::64553:TempBuffer 143 3440x1440:3440x1440:R8_TYPELESS;ResourceId::64549:TempBuffer 142 3440x1440:3440x1440:R8_TYPELESS	ResourceId::61073
3615	ps	miHoYo/Scene/Base New LOD2	1368	2	ResourceId::64533:TempBuffer 138 3440x1440:3440x1440:R10G10B10A2_TYPELESS;ResourceId::64537:TempBuffer 139 3440x1440:3440x1440:R8G8B8A8_TYPELESS;ResourceId::64541:TempBuffer 140 3440x1440:3440x1440:R8G8B8A8_TYPELESS;ResourceId::64545:TempBuffer 141 3440x1440:3440x1440:R8_TYPELESS;ResourceId::64553:TempBuffer 143 3440x1440:3440x1440:R8_TYPELESS;ResourceId::64549:TempBuffer 142 3440x1440:3440x1440:R8_TYPELESS	ResourceId::61073
3620	ps	miHoYo/Scene/Base New LOD2	2514	9	ResourceId::64533:TempBuffer 138 3440x1440:3440x1440:R10G10B10A2_TYPELESS;ResourceId::64537:TempBuffer 139 3440x1440:3440x1440:R8G8B8A8_TYPELESS;ResourceId::64541:TempBuffer 140 3440x1440:3440x1440:R8G8B8A8_TYPELESS;ResourceId::64545:TempBuffer 141 3440x1440:3440x1440:R8_TYPELESS;ResourceId::64553:TempBuffer 143 3440x1440:3440x1440:R8_TYPELESS;ResourceId::64549:TempBuffer 142 3440x1440:3440x1440:R8_TYPELESS	ResourceId::61073
3627	ps	miHoYo/Scene/Base New LOD2	1608	2	ResourceId::64533:TempBuffer 138 3440x1440:3440x1440:R10G10B10A2_TYPELESS;ResourceId::64537:TempBuffer 139 3440x1440:3440x1440:R8G8B8A8_TYPELESS;ResourceId::64541:TempBuffer 140 3440x1440:3440x1440:R8G8B8A8_TYPELESS;ResourceId::64545:TempBuffer 141 3440x1440:3440x1440:R8_TYPELESS;ResourceId::64553:TempBuffer 143 3440x1440:3440x1440:R8_TYPELESS;ResourceId::64549:TempBuffer 142 3440x1440:3440x1440:R8_TYPELESS	ResourceId::61073
3634	ps	miHoYo/Scene/Base New LOD2	2766	1	ResourceId::64533:TempBuffer 138 3440x1440:3440x1440:R10G10B10A2_TYPELESS;ResourceId::64537:TempBuffer 139 3440x1440:3440x1440:R8G8B8A8_TYPELESS;ResourceId::64541:TempBuffer 140 3440x1440:3440x1440:R8G8B8A8_TYPELESS;ResourceId::64545:TempBuffer 141 3440x1440:3440x1440:R8_TYPELESS;ResourceId::64553:TempBuffer 143 3440x1440:3440x1440:R8_TYPELESS;ResourceId::64549:TempBuffer 142 3440x1440:3440x1440:R8_TYPELESS	ResourceId::61073
3654	ps	miHoYo/Scene/Base New LOD2	31089	1	ResourceId::64533:TempBuffer 138 3440x1440:3440x1440:R10G10B10A2_TYPELESS;ResourceId::64537:TempBuffer 139 3440x1440:3440x1440:R8G8B8A8_TYPELESS;ResourceId::64541:TempBuffer 140 3440x1440:3440x1440:R8G8B8A8_TYPELESS;ResourceId::64545:TempBuffer 141 3440x1440:3440x1440:R8_TYPELESS;ResourceId::64553:TempBuffer 143 3440x1440:3440x1440:R8_TYPELESS;ResourceId::64549:TempBuffer 142 3440x1440:3440x1440:R8_TYPELESS	ResourceId::61073
3673	ps	miHoYo/Scene/Base New LOD2	1734	1	ResourceId::64533:TempBuffer 138 3440x1440:3440x1440:R10G10B10A2_TYPELESS;ResourceId::64537:TempBuffer 139 3440x1440:3440x1440:R8G8B8A8_TYPELESS;ResourceId::64541:TempBuffer 140 3440x1440:3440x1440:R8G8B8A8_TYPELESS;ResourceId::64545:TempBuffer 141 3440x1440:3440x1440:R8_TYPELESS;ResourceId::64553:TempBuffer 143 3440x1440:3440x1440:R8_TYPELESS;ResourceId::64549:TempBuffer 142 3440x1440:3440x1440:R8_TYPELESS	ResourceId::61073
3692	ps	miHoYo/Scene/Base New LOD2	2418	1	ResourceId::64533:TempBuffer 138 3440x1440:3440x1440:R10G10B10A2_TYPELESS;ResourceId::64537:TempBuffer 139 3440x1440:3440x1440:R8G8B8A8_TYPELESS;ResourceId::64541:TempBuffer 140 3440x1440:3440x1440:R8G8B8A8_TYPELESS;ResourceId::64545:TempBuffer 141 3440x1440:3440x1440:R8_TYPELESS;ResourceId::64553:TempBuffer 143 3440x1440:3440x1440:R8_TYPELESS;ResourceId::64549:TempBuffer 142 3440x1440:3440x1440:R8_TYPELESS	ResourceId::61073
3696	ps	miHoYo/Scene/Base New LOD2	2532	2	ResourceId::64533:TempBuffer 138 3440x1440:3440x1440:R10G10B10A2_TYPELESS;ResourceId::64537:TempBuffer 139 3440x1440:3440x1440:R8G8B8A8_TYPELESS;ResourceId::64541:TempBuffer 140 3440x1440:3440x1440:R8G8B8A8_TYPELESS;ResourceId::64545:TempBuffer 141 3440x1440:3440x1440:R8_TYPELESS;ResourceId::64553:TempBuffer 143 3440x1440:3440x1440:R8_TYPELESS;ResourceId::64549:TempBuffer 142 3440x1440:3440x1440:R8_TYPELESS	ResourceId::61073
3700	ps	miHoYo/Scene/Base New LOD2	2520	1	ResourceId::64533:TempBuffer 138 3440x1440:3440x1440:R10G10B10A2_TYPELESS;ResourceId::64537:TempBuffer 139 3440x1440:3440x1440:R8G8B8A8_TYPELESS;ResourceId::64541:TempBuffer 140 3440x1440:3440x1440:R8G8B8A8_TYPELESS;ResourceId::64545:TempBuffer 141 3440x1440:3440x1440:R8_TYPELESS;ResourceId::64553:TempBuffer 143 3440x1440:3440x1440:R8_TYPELESS;ResourceId::64549:TempBuffer 142 3440x1440:3440x1440:R8_TYPELESS	ResourceId::61073
3729	ps	miHoYo/Character/Character_Base_Uber	5940	0	ResourceId::64533:TempBuffer 138 3440x1440:3440x1440:R10G10B10A2_TYPELESS;ResourceId::64537:TempBuffer 139 3440x1440:3440x1440:R8G8B8A8_TYPELESS;ResourceId::64541:TempBuffer 140 3440x1440:3440x1440:R8G8B8A8_TYPELESS;ResourceId::64545:TempBuffer 141 3440x1440:3440x1440:R8_TYPELESS;ResourceId::64553:TempBuffer 143 3440x1440:3440x1440:R8_TYPELESS;ResourceId::64549:TempBuffer 142 3440x1440:3440x1440:R8_TYPELESS	ResourceId::61073
3739	ps	miHoYo/Character/Character_Base_Uber	3552	0	ResourceId::64533:TempBuffer 138 3440x1440:3440x1440:R10G10B10A2_TYPELESS;ResourceId::64537:TempBuffer 139 3440x1440:3440x1440:R8G8B8A8_TYPELESS;ResourceId::64541:TempBuffer 140 3440x1440:3440x1440:R8G8B8A8_TYPELESS;ResourceId::64545:TempBuffer 141 3440x1440:3440x1440:R8_TYPELESS;ResourceId::64553:TempBuffer 143 3440x1440:3440x1440:R8_TYPELESS;ResourceId::64549:TempBuffer 142 3440x1440:3440x1440:R8_TYPELESS	ResourceId::61073
3749	ps	miHoYo/Character/Character_Base_Uber	3552	0	ResourceId::64533:TempBuffer 138 3440x1440:3440x1440:R10G10B10A2_TYPELESS;ResourceId::64537:TempBuffer 139 3440x1440:3440x1440:R8G8B8A8_TYPELESS;ResourceId::64541:TempBuffer 140 3440x1440:3440x1440:R8G8B8A8_TYPELESS;ResourceId::64545:TempBuffer 141 3440x1440:3440x1440:R8_TYPELESS;ResourceId::64553:TempBuffer 143 3440x1440:3440x1440:R8_TYPELESS;ResourceId::64549:TempBuffer 142 3440x1440:3440x1440:R8_TYPELESS	ResourceId::61073
3765	ps	miHoYo/Character/Character_Base_Uber	2268	0	ResourceId::64533:TempBuffer 138 3440x1440:3440x1440:R10G10B10A2_TYPELESS;ResourceId::64537:TempBuffer 139 3440x1440:3440x1440:R8G8B8A8_TYPELESS;ResourceId::64541:TempBuffer 140 3440x1440:3440x1440:R8G8B8A8_TYPELESS;ResourceId::64545:TempBuffer 141 3440x1440:3440x1440:R8_TYPELESS;ResourceId::64553:TempBuffer 143 3440x1440:3440x1440:R8_TYPELESS;ResourceId::64549:TempBuffer 142 3440x1440:3440x1440:R8_TYPELESS	ResourceId::61073
3807	ps	miHoYo/Avatar/Character_SRP_Crystal	21558	1	ResourceId::64533:TempBuffer 138 3440x1440:3440x1440:R10G10B10A2_TYPELESS;ResourceId::64537:TempBuffer 139 3440x1440:3440x1440:R8G8B8A8_TYPELESS;ResourceId::64541:TempBuffer 140 3440x1440:3440x1440:R8G8B8A8_TYPELESS;ResourceId::64545:TempBuffer 141 3440x1440:3440x1440:R8_TYPELESS;ResourceId::64553:TempBuffer 143 3440x1440:3440x1440:R8_TYPELESS;ResourceId::64549:TempBuffer 142 3440x1440:3440x1440:R8_TYPELESS	ResourceId::61073
3817	ps	miHoYo/Avatar/Character_SRP_Crystal	6042	1	ResourceId::64533:TempBuffer 138 3440x1440:3440x1440:R10G10B10A2_TYPELESS;ResourceId::64537:TempBuffer 139 3440x1440:3440x1440:R8G8B8A8_TYPELESS;ResourceId::64541:TempBuffer 140 3440x1440:3440x1440:R8G8B8A8_TYPELESS;ResourceId::64545:TempBuffer 141 3440x1440:3440x1440:R8_TYPELESS;ResourceId::64553:TempBuffer 143 3440x1440:3440x1440:R8_TYPELESS;ResourceId::64549:TempBuffer 142 3440x1440:3440x1440:R8_TYPELESS	ResourceId::61073
3829	ps	miHoYo/Avatar/Character_SRP_Crystal	9306	1	ResourceId::64533:TempBuffer 138 3440x1440:3440x1440:R10G10B10A2_TYPELESS;ResourceId::64537:TempBuffer 139 3440x1440:3440x1440:R8G8B8A8_TYPELESS;ResourceId::64541:TempBuffer 140 3440x1440:3440x1440:R8G8B8A8_TYPELESS;ResourceId::64545:TempBuffer 141 3440x1440:3440x1440:R8_TYPELESS;ResourceId::64553:TempBuffer 143 3440x1440:3440x1440:R8_TYPELESS;ResourceId::64549:TempBuffer 142 3440x1440:3440x1440:R8_TYPELESS	ResourceId::61073
3851	ps	miHoYo/Terrain/BlendStoneHLOD New	32250	1	ResourceId::64533:TempBuffer 138 3440x1440:3440x1440:R10G10B10A2_TYPELESS;ResourceId::64537:TempBuffer 139 3440x1440:3440x1440:R8G8B8A8_TYPELESS;ResourceId::64541:TempBuffer 140 3440x1440:3440x1440:R8G8B8A8_TYPELESS;ResourceId::64545:TempBuffer 141 3440x1440:3440x1440:R8_TYPELESS;ResourceId::64553:TempBuffer 143 3440x1440:3440x1440:R8_TYPELESS;ResourceId::64549:TempBuffer 142 3440x1440:3440x1440:R8_TYPELESS	ResourceId::61073
3855	ps	miHoYo/Terrain/BlendStoneHLOD New	20772	1	ResourceId::64533:TempBuffer 138 3440x1440:3440x1440:R10G10B10A2_TYPELESS;ResourceId::64537:TempBuffer 139 3440x1440:3440x1440:R8G8B8A8_TYPELESS;ResourceId::64541:TempBuffer 140 3440x1440:3440x1440:R8G8B8A8_TYPELESS;ResourceId::64545:TempBuffer 141 3440x1440:3440x1440:R8_TYPELESS;ResourceId::64553:TempBuffer 143 3440x1440:3440x1440:R8_TYPELESS;ResourceId::64549:TempBuffer 142 3440x1440:3440x1440:R8_TYPELESS	ResourceId::61073
3889	ps	miHoYo/Avatar/Character_SRP_Simplify	5442	1	ResourceId::64533:TempBuffer 138 3440x1440:3440x1440:R10G10B10A2_TYPELESS;ResourceId::64537:TempBuffer 139 3440x1440:3440x1440:R8G8B8A8_TYPELESS;ResourceId::64541:TempBuffer 140 3440x1440:3440x1440:R8G8B8A8_TYPELESS;ResourceId::64545:TempBuffer 141 3440x1440:3440x1440:R8_TYPELESS;ResourceId::64553:TempBuffer 143 3440x1440:3440x1440:R8_TYPELESS;ResourceId::64549:TempBuffer 142 3440x1440:3440x1440:R8_TYPELESS	ResourceId::61073
3916	ps	miHoYo/Character/Base	5676	0	ResourceId::64533:TempBuffer 138 3440x1440:3440x1440:R10G10B10A2_TYPELESS;ResourceId::64537:TempBuffer 139 3440x1440:3440x1440:R8G8B8A8_TYPELESS;ResourceId::64541:TempBuffer 140 3440x1440:3440x1440:R8G8B8A8_TYPELESS;ResourceId::64545:TempBuffer 141 3440x1440:3440x1440:R8_TYPELESS;ResourceId::64553:TempBuffer 143 3440x1440:3440x1440:R8_TYPELESS;ResourceId::64549:TempBuffer 142 3440x1440:3440x1440:R8_TYPELESS	ResourceId::61073
3935	ps	miHoYo/Scene/lamp	126	0	ResourceId::64533:TempBuffer 138 3440x1440:3440x1440:R10G10B10A2_TYPELESS;ResourceId::64537:TempBuffer 139 3440x1440:3440x1440:R8G8B8A8_TYPELESS;ResourceId::64541:TempBuffer 140 3440x1440:3440x1440:R8G8B8A8_TYPELESS;ResourceId::64545:TempBuffer 141 3440x1440:3440x1440:R8_TYPELESS;ResourceId::64553:TempBuffer 143 3440x1440:3440x1440:R8_TYPELESS;ResourceId::64549:TempBuffer 142 3440x1440:3440x1440:R8_TYPELESS	ResourceId::61073
3948	ps	miHoYo/Scene/lamp	7755	0	ResourceId::64533:TempBuffer 138 3440x1440:3440x1440:R10G10B10A2_TYPELESS;ResourceId::64537:TempBuffer 139 3440x1440:3440x1440:R8G8B8A8_TYPELESS;ResourceId::64541:TempBuffer 140 3440x1440:3440x1440:R8G8B8A8_TYPELESS;ResourceId::64545:TempBuffer 141 3440x1440:3440x1440:R8_TYPELESS;ResourceId::64553:TempBuffer 143 3440x1440:3440x1440:R8_TYPELESS;ResourceId::64549:TempBuffer 142 3440x1440:3440x1440:R8_TYPELESS	ResourceId::61073
3984	ps	miHoYo/Character/Character_Crowds	3534	1	ResourceId::64533:TempBuffer 138 3440x1440:3440x1440:R10G10B10A2_TYPELESS;ResourceId::64537:TempBuffer 139 3440x1440:3440x1440:R8G8B8A8_TYPELESS;ResourceId::64541:TempBuffer 140 3440x1440:3440x1440:R8G8B8A8_TYPELESS;ResourceId::64545:TempBuffer 141 3440x1440:3440x1440:R8_TYPELESS;ResourceId::64553:TempBuffer 143 3440x1440:3440x1440:R8_TYPELESS;ResourceId::64549:TempBuffer 142 3440x1440:3440x1440:R8_TYPELESS	ResourceId::61073
3996	ps	miHoYo/Character/Character_Crowds	9438	1	ResourceId::64533:TempBuffer 138 3440x1440:3440x1440:R10G10B10A2_TYPELESS;ResourceId::64537:TempBuffer 139 3440x1440:3440x1440:R8G8B8A8_TYPELESS;ResourceId::64541:TempBuffer 140 3440x1440:3440x1440:R8G8B8A8_TYPELESS;ResourceId::64545:TempBuffer 141 3440x1440:3440x1440:R8_TYPELESS;ResourceId::64553:TempBuffer 143 3440x1440:3440x1440:R8_TYPELESS;ResourceId::64549:TempBuffer 142 3440x1440:3440x1440:R8_TYPELESS	ResourceId::61073
4007	ps	miHoYo/Character/Character_Crowds	12027	1	ResourceId::64533:TempBuffer 138 3440x1440:3440x1440:R10G10B10A2_TYPELESS;ResourceId::64537:TempBuffer 139 3440x1440:3440x1440:R8G8B8A8_TYPELESS;ResourceId::64541:TempBuffer 140 3440x1440:3440x1440:R8G8B8A8_TYPELESS;ResourceId::64545:TempBuffer 141 3440x1440:3440x1440:R8_TYPELESS;ResourceId::64553:TempBuffer 143 3440x1440:3440x1440:R8_TYPELESS;ResourceId::64549:TempBuffer 142 3440x1440:3440x1440:R8_TYPELESS	ResourceId::61073
4037	ps	miHoYo/Character/Character_Crowds	4338	1	ResourceId::64533:TempBuffer 138 3440x1440:3440x1440:R10G10B10A2_TYPELESS;ResourceId::64537:TempBuffer 139 3440x1440:3440x1440:R8G8B8A8_TYPELESS;ResourceId::64541:TempBuffer 140 3440x1440:3440x1440:R8G8B8A8_TYPELESS;ResourceId::64545:TempBuffer 141 3440x1440:3440x1440:R8_TYPELESS;ResourceId::64553:TempBuffer 143 3440x1440:3440x1440:R8_TYPELESS;ResourceId::64549:TempBuffer 142 3440x1440:3440x1440:R8_TYPELESS	ResourceId::61073
4068	ps	miHoYo/Character/Character_Crowds	408	1	ResourceId::64533:TempBuffer 138 3440x1440:3440x1440:R10G10B10A2_TYPELESS;ResourceId::64537:TempBuffer 139 3440x1440:3440x1440:R8G8B8A8_TYPELESS;ResourceId::64541:TempBuffer 140 3440x1440:3440x1440:R8G8B8A8_TYPELESS;ResourceId::64545:TempBuffer 141 3440x1440:3440x1440:R8_TYPELESS;ResourceId::64553:TempBuffer 143 3440x1440:3440x1440:R8_TYPELESS;ResourceId::64549:TempBuffer 142 3440x1440:3440x1440:R8_TYPELESS	ResourceId::61073
4101	ps	miHoYo/Character/Character_Crowds	11565	1	ResourceId::64533:TempBuffer 138 3440x1440:3440x1440:R10G10B10A2_TYPELESS;ResourceId::64537:TempBuffer 139 3440x1440:3440x1440:R8G8B8A8_TYPELESS;ResourceId::64541:TempBuffer 140 3440x1440:3440x1440:R8G8B8A8_TYPELESS;ResourceId::64545:TempBuffer 141 3440x1440:3440x1440:R8_TYPELESS;ResourceId::64553:TempBuffer 143 3440x1440:3440x1440:R8_TYPELESS;ResourceId::64549:TempBuffer 142 3440x1440:3440x1440:R8_TYPELESS	ResourceId::61073
4112	ps	miHoYo/Character/Character_Crowds	5331	1	ResourceId::64533:TempBuffer 138 3440x1440:3440x1440:R10G10B10A2_TYPELESS;ResourceId::64537:TempBuffer 139 3440x1440:3440x1440:R8G8B8A8_TYPELESS;ResourceId::64541:TempBuffer 140 3440x1440:3440x1440:R8G8B8A8_TYPELESS;ResourceId::64545:TempBuffer 141 3440x1440:3440x1440:R8_TYPELESS;ResourceId::64553:TempBuffer 143 3440x1440:3440x1440:R8_TYPELESS;ResourceId::64549:TempBuffer 142 3440x1440:3440x1440:R8_TYPELESS	ResourceId::61073
4123	ps	miHoYo/Character/Character_Crowds	17085	1	ResourceId::64533:TempBuffer 138 3440x1440:3440x1440:R10G10B10A2_TYPELESS;ResourceId::64537:TempBuffer 139 3440x1440:3440x1440:R8G8B8A8_TYPELESS;ResourceId::64541:TempBuffer 140 3440x1440:3440x1440:R8G8B8A8_TYPELESS;ResourceId::64545:TempBuffer 141 3440x1440:3440x1440:R8_TYPELESS;ResourceId::64553:TempBuffer 143 3440x1440:3440x1440:R8_TYPELESS;ResourceId::64549:TempBuffer 142 3440x1440:3440x1440:R8_TYPELESS	ResourceId::61073
4134	ps	miHoYo/Character/Character_Crowds	8358	1	ResourceId::64533:TempBuffer 138 3440x1440:3440x1440:R10G10B10A2_TYPELESS;ResourceId::64537:TempBuffer 139 3440x1440:3440x1440:R8G8B8A8_TYPELESS;ResourceId::64541:TempBuffer 140 3440x1440:3440x1440:R8G8B8A8_TYPELESS;ResourceId::64545:TempBuffer 141 3440x1440:3440x1440:R8_TYPELESS;ResourceId::64553:TempBuffer 143 3440x1440:3440x1440:R8_TYPELESS;ResourceId::64549:TempBuffer 142 3440x1440:3440x1440:R8_TYPELESS	ResourceId::61073
4145	ps	miHoYo/Character/Character_Crowds	5886	1	ResourceId::64533:TempBuffer 138 3440x1440:3440x1440:R10G10B10A2_TYPELESS;ResourceId::64537:TempBuffer 139 3440x1440:3440x1440:R8G8B8A8_TYPELESS;ResourceId::64541:TempBuffer 140 3440x1440:3440x1440:R8G8B8A8_TYPELESS;ResourceId::64545:TempBuffer 141 3440x1440:3440x1440:R8_TYPELESS;ResourceId::64553:TempBuffer 143 3440x1440:3440x1440:R8_TYPELESS;ResourceId::64549:TempBuffer 142 3440x1440:3440x1440:R8_TYPELESS	ResourceId::61073
4156	ps	miHoYo/Character/Character_Crowds	4773	2	ResourceId::64533:TempBuffer 138 3440x1440:3440x1440:R10G10B10A2_TYPELESS;ResourceId::64537:TempBuffer 139 3440x1440:3440x1440:R8G8B8A8_TYPELESS;ResourceId::64541:TempBuffer 140 3440x1440:3440x1440:R8G8B8A8_TYPELESS;ResourceId::64545:TempBuffer 141 3440x1440:3440x1440:R8_TYPELESS;ResourceId::64553:TempBuffer 143 3440x1440:3440x1440:R8_TYPELESS;ResourceId::64549:TempBuffer 142 3440x1440:3440x1440:R8_TYPELESS	ResourceId::61073
4167	ps	miHoYo/Character/Character_Crowds	7668	1	ResourceId::64533:TempBuffer 138 3440x1440:3440x1440:R10G10B10A2_TYPELESS;ResourceId::64537:TempBuffer 139 3440x1440:3440x1440:R8G8B8A8_TYPELESS;ResourceId::64541:TempBuffer 140 3440x1440:3440x1440:R8G8B8A8_TYPELESS;ResourceId::64545:TempBuffer 141 3440x1440:3440x1440:R8_TYPELESS;ResourceId::64553:TempBuffer 143 3440x1440:3440x1440:R8_TYPELESS;ResourceId::64549:TempBuffer 142 3440x1440:3440x1440:R8_TYPELESS	ResourceId::61073
4178	ps	miHoYo/Character/Character_Crowds	5886	1	ResourceId::64533:TempBuffer 138 3440x1440:3440x1440:R10G10B10A2_TYPELESS;ResourceId::64537:TempBuffer 139 3440x1440:3440x1440:R8G8B8A8_TYPELESS;ResourceId::64541:TempBuffer 140 3440x1440:3440x1440:R8G8B8A8_TYPELESS;ResourceId::64545:TempBuffer 141 3440x1440:3440x1440:R8_TYPELESS;ResourceId::64553:TempBuffer 143 3440x1440:3440x1440:R8_TYPELESS;ResourceId::64549:TempBuffer 142 3440x1440:3440x1440:R8_TYPELESS	ResourceId::61073
4190	ps	miHoYo/Character/Character_Crowds	16743	1	ResourceId::64533:TempBuffer 138 3440x1440:3440x1440:R10G10B10A2_TYPELESS;ResourceId::64537:TempBuffer 139 3440x1440:3440x1440:R8G8B8A8_TYPELESS;ResourceId::64541:TempBuffer 140 3440x1440:3440x1440:R8G8B8A8_TYPELESS;ResourceId::64545:TempBuffer 141 3440x1440:3440x1440:R8_TYPELESS;ResourceId::64553:TempBuffer 143 3440x1440:3440x1440:R8_TYPELESS;ResourceId::64549:TempBuffer 142 3440x1440:3440x1440:R8_TYPELESS	ResourceId::61073
4197	ps	miHoYo/Character/Character_Crowds	9744	1	ResourceId::64533:TempBuffer 138 3440x1440:3440x1440:R10G10B10A2_TYPELESS;ResourceId::64537:TempBuffer 139 3440x1440:3440x1440:R8G8B8A8_TYPELESS;ResourceId::64541:TempBuffer 140 3440x1440:3440x1440:R8G8B8A8_TYPELESS;ResourceId::64545:TempBuffer 141 3440x1440:3440x1440:R8_TYPELESS;ResourceId::64553:TempBuffer 143 3440x1440:3440x1440:R8_TYPELESS;ResourceId::64549:TempBuffer 142 3440x1440:3440x1440:R8_TYPELESS	ResourceId::61073
4204	ps	miHoYo/Character/Character_Crowds	5322	2	ResourceId::64533:TempBuffer 138 3440x1440:3440x1440:R10G10B10A2_TYPELESS;ResourceId::64537:TempBuffer 139 3440x1440:3440x1440:R8G8B8A8_TYPELESS;ResourceId::64541:TempBuffer 140 3440x1440:3440x1440:R8G8B8A8_TYPELESS;ResourceId::64545:TempBuffer 141 3440x1440:3440x1440:R8_TYPELESS;ResourceId::64553:TempBuffer 143 3440x1440:3440x1440:R8_TYPELESS;ResourceId::64549:TempBuffer 142 3440x1440:3440x1440:R8_TYPELESS	ResourceId::61073
4214	ps	miHoYo/Character/Character_Crowds	5838	1	ResourceId::64533:TempBuffer 138 3440x1440:3440x1440:R10G10B10A2_TYPELESS;ResourceId::64537:TempBuffer 139 3440x1440:3440x1440:R8G8B8A8_TYPELESS;ResourceId::64541:TempBuffer 140 3440x1440:3440x1440:R8G8B8A8_TYPELESS;ResourceId::64545:TempBuffer 141 3440x1440:3440x1440:R8_TYPELESS;ResourceId::64553:TempBuffer 143 3440x1440:3440x1440:R8_TYPELESS;ResourceId::64549:TempBuffer 142 3440x1440:3440x1440:R8_TYPELESS	ResourceId::61073
4248	ps	miHoYo/Character/Character_Crowds	5112	1	ResourceId::64533:TempBuffer 138 3440x1440:3440x1440:R10G10B10A2_TYPELESS;ResourceId::64537:TempBuffer 139 3440x1440:3440x1440:R8G8B8A8_TYPELESS;ResourceId::64541:TempBuffer 140 3440x1440:3440x1440:R8G8B8A8_TYPELESS;ResourceId::64545:TempBuffer 141 3440x1440:3440x1440:R8_TYPELESS;ResourceId::64553:TempBuffer 143 3440x1440:3440x1440:R8_TYPELESS;ResourceId::64549:TempBuffer 142 3440x1440:3440x1440:R8_TYPELESS	ResourceId::61073
4255	ps	miHoYo/Character/Character_Crowds	5112	2	ResourceId::64533:TempBuffer 138 3440x1440:3440x1440:R10G10B10A2_TYPELESS;ResourceId::64537:TempBuffer 139 3440x1440:3440x1440:R8G8B8A8_TYPELESS;ResourceId::64541:TempBuffer 140 3440x1440:3440x1440:R8G8B8A8_TYPELESS;ResourceId::64545:TempBuffer 141 3440x1440:3440x1440:R8_TYPELESS;ResourceId::64553:TempBuffer 143 3440x1440:3440x1440:R8_TYPELESS;ResourceId::64549:TempBuffer 142 3440x1440:3440x1440:R8_TYPELESS	ResourceId::61073
4262	ps	miHoYo/Character/Character_Crowds	5112	1	ResourceId::64533:TempBuffer 138 3440x1440:3440x1440:R10G10B10A2_TYPELESS;ResourceId::64537:TempBuffer 139 3440x1440:3440x1440:R8G8B8A8_TYPELESS;ResourceId::64541:TempBuffer 140 3440x1440:3440x1440:R8G8B8A8_TYPELESS;ResourceId::64545:TempBuffer 141 3440x1440:3440x1440:R8_TYPELESS;ResourceId::64553:TempBuffer 143 3440x1440:3440x1440:R8_TYPELESS;ResourceId::64549:TempBuffer 142 3440x1440:3440x1440:R8_TYPELESS	ResourceId::61073
4269	ps	miHoYo/Character/Character_Crowds	5112	1	ResourceId::64533:TempBuffer 138 3440x1440:3440x1440:R10G10B10A2_TYPELESS;ResourceId::64537:TempBuffer 139 3440x1440:3440x1440:R8G8B8A8_TYPELESS;ResourceId::64541:TempBuffer 140 3440x1440:3440x1440:R8G8B8A8_TYPELESS;ResourceId::64545:TempBuffer 141 3440x1440:3440x1440:R8_TYPELESS;ResourceId::64553:TempBuffer 143 3440x1440:3440x1440:R8_TYPELESS;ResourceId::64549:TempBuffer 142 3440x1440:3440x1440:R8_TYPELESS	ResourceId::61073
4303	ps	miHoYo/Character/Character_Crowds	18588	1	ResourceId::64533:TempBuffer 138 3440x1440:3440x1440:R10G10B10A2_TYPELESS;ResourceId::64537:TempBuffer 139 3440x1440:3440x1440:R8G8B8A8_TYPELESS;ResourceId::64541:TempBuffer 140 3440x1440:3440x1440:R8G8B8A8_TYPELESS;ResourceId::64545:TempBuffer 141 3440x1440:3440x1440:R8_TYPELESS;ResourceId::64553:TempBuffer 143 3440x1440:3440x1440:R8_TYPELESS;ResourceId::64549:TempBuffer 142 3440x1440:3440x1440:R8_TYPELESS	ResourceId::61073
4314	ps	miHoYo/Character/Character_Crowds	18588	1	ResourceId::64533:TempBuffer 138 3440x1440:3440x1440:R10G10B10A2_TYPELESS;ResourceId::64537:TempBuffer 139 3440x1440:3440x1440:R8G8B8A8_TYPELESS;ResourceId::64541:TempBuffer 140 3440x1440:3440x1440:R8G8B8A8_TYPELESS;ResourceId::64545:TempBuffer 141 3440x1440:3440x1440:R8_TYPELESS;ResourceId::64553:TempBuffer 143 3440x1440:3440x1440:R8_TYPELESS;ResourceId::64549:TempBuffer 142 3440x1440:3440x1440:R8_TYPELESS	ResourceId::61073
4325	ps	miHoYo/Character/Character_Crowds	12375	1	ResourceId::64533:TempBuffer 138 3440x1440:3440x1440:R10G10B10A2_TYPELESS;ResourceId::64537:TempBuffer 139 3440x1440:3440x1440:R8G8B8A8_TYPELESS;ResourceId::64541:TempBuffer 140 3440x1440:3440x1440:R8G8B8A8_TYPELESS;ResourceId::64545:TempBuffer 141 3440x1440:3440x1440:R8_TYPELESS;ResourceId::64553:TempBuffer 143 3440x1440:3440x1440:R8_TYPELESS;ResourceId::64549:TempBuffer 142 3440x1440:3440x1440:R8_TYPELESS	ResourceId::61073
4332	ps	miHoYo/Character/Character_Crowds	6279	1	ResourceId::64533:TempBuffer 138 3440x1440:3440x1440:R10G10B10A2_TYPELESS;ResourceId::64537:TempBuffer 139 3440x1440:3440x1440:R8G8B8A8_TYPELESS;ResourceId::64541:TempBuffer 140 3440x1440:3440x1440:R8G8B8A8_TYPELESS;ResourceId::64545:TempBuffer 141 3440x1440:3440x1440:R8_TYPELESS;ResourceId::64553:TempBuffer 143 3440x1440:3440x1440:R8_TYPELESS;ResourceId::64549:TempBuffer 142 3440x1440:3440x1440:R8_TYPELESS	ResourceId::61073
4343	ps	miHoYo/Character/Character_Crowds	10353	1	ResourceId::64533:TempBuffer 138 3440x1440:3440x1440:R10G10B10A2_TYPELESS;ResourceId::64537:TempBuffer 139 3440x1440:3440x1440:R8G8B8A8_TYPELESS;ResourceId::64541:TempBuffer 140 3440x1440:3440x1440:R8G8B8A8_TYPELESS;ResourceId::64545:TempBuffer 141 3440x1440:3440x1440:R8_TYPELESS;ResourceId::64553:TempBuffer 143 3440x1440:3440x1440:R8_TYPELESS;ResourceId::64549:TempBuffer 142 3440x1440:3440x1440:R8_TYPELESS	ResourceId::61073
4354	ps	miHoYo/Character/Character_Crowds	10353	2	ResourceId::64533:TempBuffer 138 3440x1440:3440x1440:R10G10B10A2_TYPELESS;ResourceId::64537:TempBuffer 139 3440x1440:3440x1440:R8G8B8A8_TYPELESS;ResourceId::64541:TempBuffer 140 3440x1440:3440x1440:R8G8B8A8_TYPELESS;ResourceId::64545:TempBuffer 141 3440x1440:3440x1440:R8_TYPELESS;ResourceId::64553:TempBuffer 143 3440x1440:3440x1440:R8_TYPELESS;ResourceId::64549:TempBuffer 142 3440x1440:3440x1440:R8_TYPELESS	ResourceId::61073
4365	ps	miHoYo/Character/Character_Crowds	8289	1	ResourceId::64533:TempBuffer 138 3440x1440:3440x1440:R10G10B10A2_TYPELESS;ResourceId::64537:TempBuffer 139 3440x1440:3440x1440:R8G8B8A8_TYPELESS;ResourceId::64541:TempBuffer 140 3440x1440:3440x1440:R8G8B8A8_TYPELESS;ResourceId::64545:TempBuffer 141 3440x1440:3440x1440:R8_TYPELESS;ResourceId::64553:TempBuffer 143 3440x1440:3440x1440:R8_TYPELESS;ResourceId::64549:TempBuffer 142 3440x1440:3440x1440:R8_TYPELESS	ResourceId::61073
4376	ps	miHoYo/Character/Character_Crowds	7785	1	ResourceId::64533:TempBuffer 138 3440x1440:3440x1440:R10G10B10A2_TYPELESS;ResourceId::64537:TempBuffer 139 3440x1440:3440x1440:R8G8B8A8_TYPELESS;ResourceId::64541:TempBuffer 140 3440x1440:3440x1440:R8G8B8A8_TYPELESS;ResourceId::64545:TempBuffer 141 3440x1440:3440x1440:R8_TYPELESS;ResourceId::64553:TempBuffer 143 3440x1440:3440x1440:R8_TYPELESS;ResourceId::64549:TempBuffer 142 3440x1440:3440x1440:R8_TYPELESS	ResourceId::61073
4387	ps	miHoYo/Character/Character_Crowds	13590	1	ResourceId::64533:TempBuffer 138 3440x1440:3440x1440:R10G10B10A2_TYPELESS;ResourceId::64537:TempBuffer 139 3440x1440:3440x1440:R8G8B8A8_TYPELESS;ResourceId::64541:TempBuffer 140 3440x1440:3440x1440:R8G8B8A8_TYPELESS;ResourceId::64545:TempBuffer 141 3440x1440:3440x1440:R8_TYPELESS;ResourceId::64553:TempBuffer 143 3440x1440:3440x1440:R8_TYPELESS;ResourceId::64549:TempBuffer 142 3440x1440:3440x1440:R8_TYPELESS	ResourceId::61073
4398	ps	miHoYo/Character/Character_Crowds	2940	1	ResourceId::64533:TempBuffer 138 3440x1440:3440x1440:R10G10B10A2_TYPELESS;ResourceId::64537:TempBuffer 139 3440x1440:3440x1440:R8G8B8A8_TYPELESS;ResourceId::64541:TempBuffer 140 3440x1440:3440x1440:R8G8B8A8_TYPELESS;ResourceId::64545:TempBuffer 141 3440x1440:3440x1440:R8_TYPELESS;ResourceId::64553:TempBuffer 143 3440x1440:3440x1440:R8_TYPELESS;ResourceId::64549:TempBuffer 142 3440x1440:3440x1440:R8_TYPELESS	ResourceId::61073
4409	ps	miHoYo/Character/Character_Crowds	10353	1	ResourceId::64533:TempBuffer 138 3440x1440:3440x1440:R10G10B10A2_TYPELESS;ResourceId::64537:TempBuffer 139 3440x1440:3440x1440:R8G8B8A8_TYPELESS;ResourceId::64541:TempBuffer 140 3440x1440:3440x1440:R8G8B8A8_TYPELESS;ResourceId::64545:TempBuffer 141 3440x1440:3440x1440:R8_TYPELESS;ResourceId::64553:TempBuffer 143 3440x1440:3440x1440:R8_TYPELESS;ResourceId::64549:TempBuffer 142 3440x1440:3440x1440:R8_TYPELESS	ResourceId::61073
4420	ps	miHoYo/Character/Character_Crowds	2940	3	ResourceId::64533:TempBuffer 138 3440x1440:3440x1440:R10G10B10A2_TYPELESS;ResourceId::64537:TempBuffer 139 3440x1440:3440x1440:R8G8B8A8_TYPELESS;ResourceId::64541:TempBuffer 140 3440x1440:3440x1440:R8G8B8A8_TYPELESS;ResourceId::64545:TempBuffer 141 3440x1440:3440x1440:R8_TYPELESS;ResourceId::64553:TempBuffer 143 3440x1440:3440x1440:R8_TYPELESS;ResourceId::64549:TempBuffer 142 3440x1440:3440x1440:R8_TYPELESS	ResourceId::61073
4432	ps	miHoYo/Character/Character_Crowds	20043	1	ResourceId::64533:TempBuffer 138 3440x1440:3440x1440:R10G10B10A2_TYPELESS;ResourceId::64537:TempBuffer 139 3440x1440:3440x1440:R8G8B8A8_TYPELESS;ResourceId::64541:TempBuffer 140 3440x1440:3440x1440:R8G8B8A8_TYPELESS;ResourceId::64545:TempBuffer 141 3440x1440:3440x1440:R8_TYPELESS;ResourceId::64553:TempBuffer 143 3440x1440:3440x1440:R8_TYPELESS;ResourceId::64549:TempBuffer 142 3440x1440:3440x1440:R8_TYPELESS	ResourceId::61073
4443	ps	miHoYo/Character/Character_Crowds	16770	1	ResourceId::64533:TempBuffer 138 3440x1440:3440x1440:R10G10B10A2_TYPELESS;ResourceId::64537:TempBuffer 139 3440x1440:3440x1440:R8G8B8A8_TYPELESS;ResourceId::64541:TempBuffer 140 3440x1440:3440x1440:R8G8B8A8_TYPELESS;ResourceId::64545:TempBuffer 141 3440x1440:3440x1440:R8_TYPELESS;ResourceId::64553:TempBuffer 143 3440x1440:3440x1440:R8_TYPELESS;ResourceId::64549:TempBuffer 142 3440x1440:3440x1440:R8_TYPELESS	ResourceId::61073
4454	ps	miHoYo/Character/Character_Crowds	19020	1	ResourceId::64533:TempBuffer 138 3440x1440:3440x1440:R10G10B10A2_TYPELESS;ResourceId::64537:TempBuffer 139 3440x1440:3440x1440:R8G8B8A8_TYPELESS;ResourceId::64541:TempBuffer 140 3440x1440:3440x1440:R8G8B8A8_TYPELESS;ResourceId::64545:TempBuffer 141 3440x1440:3440x1440:R8_TYPELESS;ResourceId::64553:TempBuffer 143 3440x1440:3440x1440:R8_TYPELESS;ResourceId::64549:TempBuffer 142 3440x1440:3440x1440:R8_TYPELESS	ResourceId::61073
4465	ps	miHoYo/Character/Character_Crowds	8277	1	ResourceId::64533:TempBuffer 138 3440x1440:3440x1440:R10G10B10A2_TYPELESS;ResourceId::64537:TempBuffer 139 3440x1440:3440x1440:R8G8B8A8_TYPELESS;ResourceId::64541:TempBuffer 140 3440x1440:3440x1440:R8G8B8A8_TYPELESS;ResourceId::64545:TempBuffer 141 3440x1440:3440x1440:R8_TYPELESS;ResourceId::64553:TempBuffer 143 3440x1440:3440x1440:R8_TYPELESS;ResourceId::64549:TempBuffer 142 3440x1440:3440x1440:R8_TYPELESS	ResourceId::61073
4476	ps	miHoYo/Character/Character_Crowds	7905	1	ResourceId::64533:TempBuffer 138 3440x1440:3440x1440:R10G10B10A2_TYPELESS;ResourceId::64537:TempBuffer 139 3440x1440:3440x1440:R8G8B8A8_TYPELESS;ResourceId::64541:TempBuffer 140 3440x1440:3440x1440:R8G8B8A8_TYPELESS;ResourceId::64545:TempBuffer 141 3440x1440:3440x1440:R8_TYPELESS;ResourceId::64553:TempBuffer 143 3440x1440:3440x1440:R8_TYPELESS;ResourceId::64549:TempBuffer 142 3440x1440:3440x1440:R8_TYPELESS	ResourceId::61073
4486	ps	miHoYo/Character/Character_Crowds	8277	1	ResourceId::64533:TempBuffer 138 3440x1440:3440x1440:R10G10B10A2_TYPELESS;ResourceId::64537:TempBuffer 139 3440x1440:3440x1440:R8G8B8A8_TYPELESS;ResourceId::64541:TempBuffer 140 3440x1440:3440x1440:R8G8B8A8_TYPELESS;ResourceId::64545:TempBuffer 141 3440x1440:3440x1440:R8_TYPELESS;ResourceId::64553:TempBuffer 143 3440x1440:3440x1440:R8_TYPELESS;ResourceId::64549:TempBuffer 142 3440x1440:3440x1440:R8_TYPELESS	ResourceId::61073
4497	ps	miHoYo/Character/Character_Crowds	7881	1	ResourceId::64533:TempBuffer 138 3440x1440:3440x1440:R10G10B10A2_TYPELESS;ResourceId::64537:TempBuffer 139 3440x1440:3440x1440:R8G8B8A8_TYPELESS;ResourceId::64541:TempBuffer 140 3440x1440:3440x1440:R8G8B8A8_TYPELESS;ResourceId::64545:TempBuffer 141 3440x1440:3440x1440:R8_TYPELESS;ResourceId::64553:TempBuffer 143 3440x1440:3440x1440:R8_TYPELESS;ResourceId::64549:TempBuffer 142 3440x1440:3440x1440:R8_TYPELESS	ResourceId::61073
4532	ps	miHoYo/Character/Character_Crowds	1512	1	ResourceId::64533:TempBuffer 138 3440x1440:3440x1440:R10G10B10A2_TYPELESS;ResourceId::64537:TempBuffer 139 3440x1440:3440x1440:R8G8B8A8_TYPELESS;ResourceId::64541:TempBuffer 140 3440x1440:3440x1440:R8G8B8A8_TYPELESS;ResourceId::64545:TempBuffer 141 3440x1440:3440x1440:R8_TYPELESS;ResourceId::64553:TempBuffer 143 3440x1440:3440x1440:R8_TYPELESS;ResourceId::64549:TempBuffer 142 3440x1440:3440x1440:R8_TYPELESS	ResourceId::61073
4538	ps	miHoYo/Character/Character_Crowds	684	1	ResourceId::64533:TempBuffer 138 3440x1440:3440x1440:R10G10B10A2_TYPELESS;ResourceId::64537:TempBuffer 139 3440x1440:3440x1440:R8G8B8A8_TYPELESS;ResourceId::64541:TempBuffer 140 3440x1440:3440x1440:R8G8B8A8_TYPELESS;ResourceId::64545:TempBuffer 141 3440x1440:3440x1440:R8_TYPELESS;ResourceId::64553:TempBuffer 143 3440x1440:3440x1440:R8_TYPELESS;ResourceId::64549:TempBuffer 142 3440x1440:3440x1440:R8_TYPELESS	ResourceId::61073
4590	ps	miHoYo/Uber/Scene/Scene_Uber_Snow	18	2	ResourceId::64533:TempBuffer 138 3440x1440:3440x1440:R10G10B10A2_TYPELESS;ResourceId::64537:TempBuffer 139 3440x1440:3440x1440:R8G8B8A8_TYPELESS;ResourceId::64541:TempBuffer 140 3440x1440:3440x1440:R8G8B8A8_TYPELESS;ResourceId::64545:TempBuffer 141 3440x1440:3440x1440:R8_TYPELESS;ResourceId::64553:TempBuffer 143 3440x1440:3440x1440:R8_TYPELESS;ResourceId::64549:TempBuffer 142 3440x1440:3440x1440:R8_TYPELESS	ResourceId::61073
4600	ps	miHoYo/Uber/Scene/Scene_Uber_Snow	522	1	ResourceId::64533:TempBuffer 138 3440x1440:3440x1440:R10G10B10A2_TYPELESS;ResourceId::64537:TempBuffer 139 3440x1440:3440x1440:R8G8B8A8_TYPELESS;ResourceId::64541:TempBuffer 140 3440x1440:3440x1440:R8G8B8A8_TYPELESS;ResourceId::64545:TempBuffer 141 3440x1440:3440x1440:R8_TYPELESS;ResourceId::64553:TempBuffer 143 3440x1440:3440x1440:R8_TYPELESS;ResourceId::64549:TempBuffer 142 3440x1440:3440x1440:R8_TYPELESS	ResourceId::61073
4606	ps	miHoYo/Uber/Scene/Scene_Uber_Snow	720	3	ResourceId::64533:TempBuffer 138 3440x1440:3440x1440:R10G10B10A2_TYPELESS;ResourceId::64537:TempBuffer 139 3440x1440:3440x1440:R8G8B8A8_TYPELESS;ResourceId::64541:TempBuffer 140 3440x1440:3440x1440:R8G8B8A8_TYPELESS;ResourceId::64545:TempBuffer 141 3440x1440:3440x1440:R8_TYPELESS;ResourceId::64553:TempBuffer 143 3440x1440:3440x1440:R8_TYPELESS;ResourceId::64549:TempBuffer 142 3440x1440:3440x1440:R8_TYPELESS	ResourceId::61073
4645	ps	miHoYo/Uber/Scene/Scene_Uber_Snow	120	1	ResourceId::64533:TempBuffer 138 3440x1440:3440x1440:R10G10B10A2_TYPELESS;ResourceId::64537:TempBuffer 139 3440x1440:3440x1440:R8G8B8A8_TYPELESS;ResourceId::64541:TempBuffer 140 3440x1440:3440x1440:R8G8B8A8_TYPELESS;ResourceId::64545:TempBuffer 141 3440x1440:3440x1440:R8_TYPELESS;ResourceId::64553:TempBuffer 143 3440x1440:3440x1440:R8_TYPELESS;ResourceId::64549:TempBuffer 142 3440x1440:3440x1440:R8_TYPELESS	ResourceId::61073
4653	ps	miHoYo/Uber/Scene/Scene_Uber_Snow	336	1	ResourceId::64533:TempBuffer 138 3440x1440:3440x1440:R10G10B10A2_TYPELESS;ResourceId::64537:TempBuffer 139 3440x1440:3440x1440:R8G8B8A8_TYPELESS;ResourceId::64541:TempBuffer 140 3440x1440:3440x1440:R8G8B8A8_TYPELESS;ResourceId::64545:TempBuffer 141 3440x1440:3440x1440:R8_TYPELESS;ResourceId::64553:TempBuffer 143 3440x1440:3440x1440:R8_TYPELESS;ResourceId::64549:TempBuffer 142 3440x1440:3440x1440:R8_TYPELESS	ResourceId::61073
4661	ps	miHoYo/Uber/Scene/Scene_Uber_Snow	72	4	ResourceId::64533:TempBuffer 138 3440x1440:3440x1440:R10G10B10A2_TYPELESS;ResourceId::64537:TempBuffer 139 3440x1440:3440x1440:R8G8B8A8_TYPELESS;ResourceId::64541:TempBuffer 140 3440x1440:3440x1440:R8G8B8A8_TYPELESS;ResourceId::64545:TempBuffer 141 3440x1440:3440x1440:R8_TYPELESS;ResourceId::64553:TempBuffer 143 3440x1440:3440x1440:R8_TYPELESS;ResourceId::64549:TempBuffer 142 3440x1440:3440x1440:R8_TYPELESS	ResourceId::61073
4669	ps	miHoYo/Uber/Scene/Scene_Uber_Snow	1098	1	ResourceId::64533:TempBuffer 138 3440x1440:3440x1440:R10G10B10A2_TYPELESS;ResourceId::64537:TempBuffer 139 3440x1440:3440x1440:R8G8B8A8_TYPELESS;ResourceId::64541:TempBuffer 140 3440x1440:3440x1440:R8G8B8A8_TYPELESS;ResourceId::64545:TempBuffer 141 3440x1440:3440x1440:R8_TYPELESS;ResourceId::64553:TempBuffer 143 3440x1440:3440x1440:R8_TYPELESS;ResourceId::64549:TempBuffer 142 3440x1440:3440x1440:R8_TYPELESS	ResourceId::61073
4702	ps	miHoYo/Uber/Scene/Scene_Uber_Snow	96	2	ResourceId::64533:TempBuffer 138 3440x1440:3440x1440:R10G10B10A2_TYPELESS;ResourceId::64537:TempBuffer 139 3440x1440:3440x1440:R8G8B8A8_TYPELESS;ResourceId::64541:TempBuffer 140 3440x1440:3440x1440:R8G8B8A8_TYPELESS;ResourceId::64545:TempBuffer 141 3440x1440:3440x1440:R8_TYPELESS;ResourceId::64553:TempBuffer 143 3440x1440:3440x1440:R8_TYPELESS;ResourceId::64549:TempBuffer 142 3440x1440:3440x1440:R8_TYPELESS	ResourceId::61073
4708	ps	miHoYo/Uber/Scene/Scene_Uber_Snow	96	2	ResourceId::64533:TempBuffer 138 3440x1440:3440x1440:R10G10B10A2_TYPELESS;ResourceId::64537:TempBuffer 139 3440x1440:3440x1440:R8G8B8A8_TYPELESS;ResourceId::64541:TempBuffer 140 3440x1440:3440x1440:R8G8B8A8_TYPELESS;ResourceId::64545:TempBuffer 141 3440x1440:3440x1440:R8_TYPELESS;ResourceId::64553:TempBuffer 143 3440x1440:3440x1440:R8_TYPELESS;ResourceId::64549:TempBuffer 142 3440x1440:3440x1440:R8_TYPELESS	ResourceId::61073
4719	ps	miHoYo/Uber/Scene/Scene_Uber_Snow	660	1	ResourceId::64533:TempBuffer 138 3440x1440:3440x1440:R10G10B10A2_TYPELESS;ResourceId::64537:TempBuffer 139 3440x1440:3440x1440:R8G8B8A8_TYPELESS;ResourceId::64541:TempBuffer 140 3440x1440:3440x1440:R8G8B8A8_TYPELESS;ResourceId::64545:TempBuffer 141 3440x1440:3440x1440:R8_TYPELESS;ResourceId::64553:TempBuffer 143 3440x1440:3440x1440:R8_TYPELESS;ResourceId::64549:TempBuffer 142 3440x1440:3440x1440:R8_TYPELESS	ResourceId::61073
4758	ps	miHoYo/Uber/Scene/Scene_Uber_Snow	39	2	ResourceId::64533:TempBuffer 138 3440x1440:3440x1440:R10G10B10A2_TYPELESS;ResourceId::64537:TempBuffer 139 3440x1440:3440x1440:R8G8B8A8_TYPELESS;ResourceId::64541:TempBuffer 140 3440x1440:3440x1440:R8G8B8A8_TYPELESS;ResourceId::64545:TempBuffer 141 3440x1440:3440x1440:R8_TYPELESS;ResourceId::64553:TempBuffer 143 3440x1440:3440x1440:R8_TYPELESS;ResourceId::64549:TempBuffer 142 3440x1440:3440x1440:R8_TYPELESS	ResourceId::61073
4764	ps	miHoYo/Uber/Scene/Scene_Uber_Snow	36	1	ResourceId::64533:TempBuffer 138 3440x1440:3440x1440:R10G10B10A2_TYPELESS;ResourceId::64537:TempBuffer 139 3440x1440:3440x1440:R8G8B8A8_TYPELESS;ResourceId::64541:TempBuffer 140 3440x1440:3440x1440:R8G8B8A8_TYPELESS;ResourceId::64545:TempBuffer 141 3440x1440:3440x1440:R8_TYPELESS;ResourceId::64553:TempBuffer 143 3440x1440:3440x1440:R8_TYPELESS;ResourceId::64549:TempBuffer 142 3440x1440:3440x1440:R8_TYPELESS	ResourceId::61073
4801	ps	miHoYo/Uber/Scene/Scene_Uber_Snow	453	1	ResourceId::64533:TempBuffer 138 3440x1440:3440x1440:R10G10B10A2_TYPELESS;ResourceId::64537:TempBuffer 139 3440x1440:3440x1440:R8G8B8A8_TYPELESS;ResourceId::64541:TempBuffer 140 3440x1440:3440x1440:R8G8B8A8_TYPELESS;ResourceId::64545:TempBuffer 141 3440x1440:3440x1440:R8_TYPELESS;ResourceId::64553:TempBuffer 143 3440x1440:3440x1440:R8_TYPELESS;ResourceId::64549:TempBuffer 142 3440x1440:3440x1440:R8_TYPELESS	ResourceId::61073
4812	ps	miHoYo/Uber/Scene/Scene_Uber_Snow	3744	1	ResourceId::64533:TempBuffer 138 3440x1440:3440x1440:R10G10B10A2_TYPELESS;ResourceId::64537:TempBuffer 139 3440x1440:3440x1440:R8G8B8A8_TYPELESS;ResourceId::64541:TempBuffer 140 3440x1440:3440x1440:R8G8B8A8_TYPELESS;ResourceId::64545:TempBuffer 141 3440x1440:3440x1440:R8_TYPELESS;ResourceId::64553:TempBuffer 143 3440x1440:3440x1440:R8_TYPELESS;ResourceId::64549:TempBuffer 142 3440x1440:3440x1440:R8_TYPELESS	ResourceId::61073
4822	ps	miHoYo/Uber/Scene/Scene_Uber_Snow	282	1	ResourceId::64533:TempBuffer 138 3440x1440:3440x1440:R10G10B10A2_TYPELESS;ResourceId::64537:TempBuffer 139 3440x1440:3440x1440:R8G8B8A8_TYPELESS;ResourceId::64541:TempBuffer 140 3440x1440:3440x1440:R8G8B8A8_TYPELESS;ResourceId::64545:TempBuffer 141 3440x1440:3440x1440:R8_TYPELESS;ResourceId::64553:TempBuffer 143 3440x1440:3440x1440:R8_TYPELESS;ResourceId::64549:TempBuffer 142 3440x1440:3440x1440:R8_TYPELESS	ResourceId::61073
4828	ps	miHoYo/Uber/Scene/Scene_Uber_Snow	108	1	ResourceId::64533:TempBuffer 138 3440x1440:3440x1440:R10G10B10A2_TYPELESS;ResourceId::64537:TempBuffer 139 3440x1440:3440x1440:R8G8B8A8_TYPELESS;ResourceId::64541:TempBuffer 140 3440x1440:3440x1440:R8G8B8A8_TYPELESS;ResourceId::64545:TempBuffer 141 3440x1440:3440x1440:R8_TYPELESS;ResourceId::64553:TempBuffer 143 3440x1440:3440x1440:R8_TYPELESS;ResourceId::64549:TempBuffer 142 3440x1440:3440x1440:R8_TYPELESS	ResourceId::61073
4869	ps	miHoYo/Uber/Scene/Scene_Uber_Snow	3399	1	ResourceId::64533:TempBuffer 138 3440x1440:3440x1440:R10G10B10A2_TYPELESS;ResourceId::64537:TempBuffer 139 3440x1440:3440x1440:R8G8B8A8_TYPELESS;ResourceId::64541:TempBuffer 140 3440x1440:3440x1440:R8G8B8A8_TYPELESS;ResourceId::64545:TempBuffer 141 3440x1440:3440x1440:R8_TYPELESS;ResourceId::64553:TempBuffer 143 3440x1440:3440x1440:R8_TYPELESS;ResourceId::64549:TempBuffer 142 3440x1440:3440x1440:R8_TYPELESS	ResourceId::61073
4875	ps	miHoYo/Uber/Scene/Scene_Uber_Snow	354	1	ResourceId::64533:TempBuffer 138 3440x1440:3440x1440:R10G10B10A2_TYPELESS;ResourceId::64537:TempBuffer 139 3440x1440:3440x1440:R8G8B8A8_TYPELESS;ResourceId::64541:TempBuffer 140 3440x1440:3440x1440:R8G8B8A8_TYPELESS;ResourceId::64545:TempBuffer 141 3440x1440:3440x1440:R8_TYPELESS;ResourceId::64553:TempBuffer 143 3440x1440:3440x1440:R8_TYPELESS;ResourceId::64549:TempBuffer 142 3440x1440:3440x1440:R8_TYPELESS	ResourceId::61073
4881	ps	miHoYo/Uber/Scene/Scene_Uber_Snow	402	1	ResourceId::64533:TempBuffer 138 3440x1440:3440x1440:R10G10B10A2_TYPELESS;ResourceId::64537:TempBuffer 139 3440x1440:3440x1440:R8G8B8A8_TYPELESS;ResourceId::64541:TempBuffer 140 3440x1440:3440x1440:R8G8B8A8_TYPELESS;ResourceId::64545:TempBuffer 141 3440x1440:3440x1440:R8_TYPELESS;ResourceId::64553:TempBuffer 143 3440x1440:3440x1440:R8_TYPELESS;ResourceId::64549:TempBuffer 142 3440x1440:3440x1440:R8_TYPELESS	ResourceId::61073
4887	ps	miHoYo/Uber/Scene/Scene_Uber_Snow	1050	1	ResourceId::64533:TempBuffer 138 3440x1440:3440x1440:R10G10B10A2_TYPELESS;ResourceId::64537:TempBuffer 139 3440x1440:3440x1440:R8G8B8A8_TYPELESS;ResourceId::64541:TempBuffer 140 3440x1440:3440x1440:R8G8B8A8_TYPELESS;ResourceId::64545:TempBuffer 141 3440x1440:3440x1440:R8_TYPELESS;ResourceId::64553:TempBuffer 143 3440x1440:3440x1440:R8_TYPELESS;ResourceId::64549:TempBuffer 142 3440x1440:3440x1440:R8_TYPELESS	ResourceId::61073
4895	ps	miHoYo/Uber/Scene/Scene_Uber_Snow	1446	1	ResourceId::64533:TempBuffer 138 3440x1440:3440x1440:R10G10B10A2_TYPELESS;ResourceId::64537:TempBuffer 139 3440x1440:3440x1440:R8G8B8A8_TYPELESS;ResourceId::64541:TempBuffer 140 3440x1440:3440x1440:R8G8B8A8_TYPELESS;ResourceId::64545:TempBuffer 141 3440x1440:3440x1440:R8_TYPELESS;ResourceId::64553:TempBuffer 143 3440x1440:3440x1440:R8_TYPELESS;ResourceId::64549:TempBuffer 142 3440x1440:3440x1440:R8_TYPELESS	ResourceId::61073
4903	ps	miHoYo/Uber/Scene/Scene_Uber_Snow	1998	4	ResourceId::64533:TempBuffer 138 3440x1440:3440x1440:R10G10B10A2_TYPELESS;ResourceId::64537:TempBuffer 139 3440x1440:3440x1440:R8G8B8A8_TYPELESS;ResourceId::64541:TempBuffer 140 3440x1440:3440x1440:R8G8B8A8_TYPELESS;ResourceId::64545:TempBuffer 141 3440x1440:3440x1440:R8_TYPELESS;ResourceId::64553:TempBuffer 143 3440x1440:3440x1440:R8_TYPELESS;ResourceId::64549:TempBuffer 142 3440x1440:3440x1440:R8_TYPELESS	ResourceId::61073
4911	ps	miHoYo/Uber/Scene/Scene_Uber_Snow	1446	3	ResourceId::64533:TempBuffer 138 3440x1440:3440x1440:R10G10B10A2_TYPELESS;ResourceId::64537:TempBuffer 139 3440x1440:3440x1440:R8G8B8A8_TYPELESS;ResourceId::64541:TempBuffer 140 3440x1440:3440x1440:R8G8B8A8_TYPELESS;ResourceId::64545:TempBuffer 141 3440x1440:3440x1440:R8_TYPELESS;ResourceId::64553:TempBuffer 143 3440x1440:3440x1440:R8_TYPELESS;ResourceId::64549:TempBuffer 142 3440x1440:3440x1440:R8_TYPELESS	ResourceId::61073
4917	ps	miHoYo/Uber/Scene/Scene_Uber_Snow	690	2	ResourceId::64533:TempBuffer 138 3440x1440:3440x1440:R10G10B10A2_TYPELESS;ResourceId::64537:TempBuffer 139 3440x1440:3440x1440:R8G8B8A8_TYPELESS;ResourceId::64541:TempBuffer 140 3440x1440:3440x1440:R8G8B8A8_TYPELESS;ResourceId::64545:TempBuffer 141 3440x1440:3440x1440:R8_TYPELESS;ResourceId::64553:TempBuffer 143 3440x1440:3440x1440:R8_TYPELESS;ResourceId::64549:TempBuffer 142 3440x1440:3440x1440:R8_TYPELESS	ResourceId::61073
4952	ps	miHoYo/Uber/Scene/Scene_Uber_Snow	7767	1	ResourceId::64533:TempBuffer 138 3440x1440:3440x1440:R10G10B10A2_TYPELESS;ResourceId::64537:TempBuffer 139 3440x1440:3440x1440:R8G8B8A8_TYPELESS;ResourceId::64541:TempBuffer 140 3440x1440:3440x1440:R8G8B8A8_TYPELESS;ResourceId::64545:TempBuffer 141 3440x1440:3440x1440:R8_TYPELESS;ResourceId::64553:TempBuffer 143 3440x1440:3440x1440:R8_TYPELESS;ResourceId::64549:TempBuffer 142 3440x1440:3440x1440:R8_TYPELESS	ResourceId::61073
4963	ps	miHoYo/Uber/Scene/Scene_Uber_Snow	1818	1	ResourceId::64533:TempBuffer 138 3440x1440:3440x1440:R10G10B10A2_TYPELESS;ResourceId::64537:TempBuffer 139 3440x1440:3440x1440:R8G8B8A8_TYPELESS;ResourceId::64541:TempBuffer 140 3440x1440:3440x1440:R8G8B8A8_TYPELESS;ResourceId::64545:TempBuffer 141 3440x1440:3440x1440:R8_TYPELESS;ResourceId::64553:TempBuffer 143 3440x1440:3440x1440:R8_TYPELESS;ResourceId::64549:TempBuffer 142 3440x1440:3440x1440:R8_TYPELESS	ResourceId::61073
4969	ps	miHoYo/Uber/Scene/Scene_Uber_Snow	1038	1	ResourceId::64533:TempBuffer 138 3440x1440:3440x1440:R10G10B10A2_TYPELESS;ResourceId::64537:TempBuffer 139 3440x1440:3440x1440:R8G8B8A8_TYPELESS;ResourceId::64541:TempBuffer 140 3440x1440:3440x1440:R8G8B8A8_TYPELESS;ResourceId::64545:TempBuffer 141 3440x1440:3440x1440:R8_TYPELESS;ResourceId::64553:TempBuffer 143 3440x1440:3440x1440:R8_TYPELESS;ResourceId::64549:TempBuffer 142 3440x1440:3440x1440:R8_TYPELESS	ResourceId::61073
4975	ps	miHoYo/Uber/Scene/Scene_Uber_Snow	741	1	ResourceId::64533:TempBuffer 138 3440x1440:3440x1440:R10G10B10A2_TYPELESS;ResourceId::64537:TempBuffer 139 3440x1440:3440x1440:R8G8B8A8_TYPELESS;ResourceId::64541:TempBuffer 140 3440x1440:3440x1440:R8G8B8A8_TYPELESS;ResourceId::64545:TempBuffer 141 3440x1440:3440x1440:R8_TYPELESS;ResourceId::64553:TempBuffer 143 3440x1440:3440x1440:R8_TYPELESS;ResourceId::64549:TempBuffer 142 3440x1440:3440x1440:R8_TYPELESS	ResourceId::61073
4981	ps	miHoYo/Uber/Scene/Scene_Uber_Snow	741	1	ResourceId::64533:TempBuffer 138 3440x1440:3440x1440:R10G10B10A2_TYPELESS;ResourceId::64537:TempBuffer 139 3440x1440:3440x1440:R8G8B8A8_TYPELESS;ResourceId::64541:TempBuffer 140 3440x1440:3440x1440:R8G8B8A8_TYPELESS;ResourceId::64545:TempBuffer 141 3440x1440:3440x1440:R8_TYPELESS;ResourceId::64553:TempBuffer 143 3440x1440:3440x1440:R8_TYPELESS;ResourceId::64549:TempBuffer 142 3440x1440:3440x1440:R8_TYPELESS	ResourceId::61073
4989	ps	miHoYo/Uber/Scene/Scene_Uber_Snow	108	1	ResourceId::64533:TempBuffer 138 3440x1440:3440x1440:R10G10B10A2_TYPELESS;ResourceId::64537:TempBuffer 139 3440x1440:3440x1440:R8G8B8A8_TYPELESS;ResourceId::64541:TempBuffer 140 3440x1440:3440x1440:R8G8B8A8_TYPELESS;ResourceId::64545:TempBuffer 141 3440x1440:3440x1440:R8_TYPELESS;ResourceId::64553:TempBuffer 143 3440x1440:3440x1440:R8_TYPELESS;ResourceId::64549:TempBuffer 142 3440x1440:3440x1440:R8_TYPELESS	ResourceId::61073
4995	ps	miHoYo/Uber/Scene/Scene_Uber_Snow	1047	1	ResourceId::64533:TempBuffer 138 3440x1440:3440x1440:R10G10B10A2_TYPELESS;ResourceId::64537:TempBuffer 139 3440x1440:3440x1440:R8G8B8A8_TYPELESS;ResourceId::64541:TempBuffer 140 3440x1440:3440x1440:R8G8B8A8_TYPELESS;ResourceId::64545:TempBuffer 141 3440x1440:3440x1440:R8_TYPELESS;ResourceId::64553:TempBuffer 143 3440x1440:3440x1440:R8_TYPELESS;ResourceId::64549:TempBuffer 142 3440x1440:3440x1440:R8_TYPELESS	ResourceId::61073
5001	ps	miHoYo/Uber/Scene/Scene_Uber_Snow	426	1	ResourceId::64533:TempBuffer 138 3440x1440:3440x1440:R10G10B10A2_TYPELESS;ResourceId::64537:TempBuffer 139 3440x1440:3440x1440:R8G8B8A8_TYPELESS;ResourceId::64541:TempBuffer 140 3440x1440:3440x1440:R8G8B8A8_TYPELESS;ResourceId::64545:TempBuffer 141 3440x1440:3440x1440:R8_TYPELESS;ResourceId::64553:TempBuffer 143 3440x1440:3440x1440:R8_TYPELESS;ResourceId::64549:TempBuffer 142 3440x1440:3440x1440:R8_TYPELESS	ResourceId::61073
5008	ps	miHoYo/Uber/Scene/Scene_Uber_Snow	228	1	ResourceId::64533:TempBuffer 138 3440x1440:3440x1440:R10G10B10A2_TYPELESS;ResourceId::64537:TempBuffer 139 3440x1440:3440x1440:R8G8B8A8_TYPELESS;ResourceId::64541:TempBuffer 140 3440x1440:3440x1440:R8G8B8A8_TYPELESS;ResourceId::64545:TempBuffer 141 3440x1440:3440x1440:R8_TYPELESS;ResourceId::64553:TempBuffer 143 3440x1440:3440x1440:R8_TYPELESS;ResourceId::64549:TempBuffer 142 3440x1440:3440x1440:R8_TYPELESS	ResourceId::61073
5015	ps	miHoYo/Uber/Scene/Scene_Uber_Snow	1380	1	ResourceId::64533:TempBuffer 138 3440x1440:3440x1440:R10G10B10A2_TYPELESS;ResourceId::64537:TempBuffer 139 3440x1440:3440x1440:R8G8B8A8_TYPELESS;ResourceId::64541:TempBuffer 140 3440x1440:3440x1440:R8G8B8A8_TYPELESS;ResourceId::64545:TempBuffer 141 3440x1440:3440x1440:R8_TYPELESS;ResourceId::64553:TempBuffer 143 3440x1440:3440x1440:R8_TYPELESS;ResourceId::64549:TempBuffer 142 3440x1440:3440x1440:R8_TYPELESS	ResourceId::61073
5022	ps	miHoYo/Uber/Scene/Scene_Uber_Snow	1659	1	ResourceId::64533:TempBuffer 138 3440x1440:3440x1440:R10G10B10A2_TYPELESS;ResourceId::64537:TempBuffer 139 3440x1440:3440x1440:R8G8B8A8_TYPELESS;ResourceId::64541:TempBuffer 140 3440x1440:3440x1440:R8G8B8A8_TYPELESS;ResourceId::64545:TempBuffer 141 3440x1440:3440x1440:R8_TYPELESS;ResourceId::64553:TempBuffer 143 3440x1440:3440x1440:R8_TYPELESS;ResourceId::64549:TempBuffer 142 3440x1440:3440x1440:R8_TYPELESS	ResourceId::61073
5060	ps	miHoYo/Uber/Scene/Scene_Uber_Snow	12	1	ResourceId::64533:TempBuffer 138 3440x1440:3440x1440:R10G10B10A2_TYPELESS;ResourceId::64537:TempBuffer 139 3440x1440:3440x1440:R8G8B8A8_TYPELESS;ResourceId::64541:TempBuffer 140 3440x1440:3440x1440:R8G8B8A8_TYPELESS;ResourceId::64545:TempBuffer 141 3440x1440:3440x1440:R8_TYPELESS;ResourceId::64553:TempBuffer 143 3440x1440:3440x1440:R8_TYPELESS;ResourceId::64549:TempBuffer 142 3440x1440:3440x1440:R8_TYPELESS	ResourceId::61073
5066	ps	miHoYo/Uber/Scene/Scene_Uber_Snow	162	1	ResourceId::64533:TempBuffer 138 3440x1440:3440x1440:R10G10B10A2_TYPELESS;ResourceId::64537:TempBuffer 139 3440x1440:3440x1440:R8G8B8A8_TYPELESS;ResourceId::64541:TempBuffer 140 3440x1440:3440x1440:R8G8B8A8_TYPELESS;ResourceId::64545:TempBuffer 141 3440x1440:3440x1440:R8_TYPELESS;ResourceId::64553:TempBuffer 143 3440x1440:3440x1440:R8_TYPELESS;ResourceId::64549:TempBuffer 142 3440x1440:3440x1440:R8_TYPELESS	ResourceId::61073
5072	ps	miHoYo/Uber/Scene/Scene_Uber_Snow	99	4	ResourceId::64533:TempBuffer 138 3440x1440:3440x1440:R10G10B10A2_TYPELESS;ResourceId::64537:TempBuffer 139 3440x1440:3440x1440:R8G8B8A8_TYPELESS;ResourceId::64541:TempBuffer 140 3440x1440:3440x1440:R8G8B8A8_TYPELESS;ResourceId::64545:TempBuffer 141 3440x1440:3440x1440:R8_TYPELESS;ResourceId::64553:TempBuffer 143 3440x1440:3440x1440:R8_TYPELESS;ResourceId::64549:TempBuffer 142 3440x1440:3440x1440:R8_TYPELESS	ResourceId::61073
5109	ps	miHoYo/Uber/Scene/Scene_Uber_Snow	141	1	ResourceId::64533:TempBuffer 138 3440x1440:3440x1440:R10G10B10A2_TYPELESS;ResourceId::64537:TempBuffer 139 3440x1440:3440x1440:R8G8B8A8_TYPELESS;ResourceId::64541:TempBuffer 140 3440x1440:3440x1440:R8G8B8A8_TYPELESS;ResourceId::64545:TempBuffer 141 3440x1440:3440x1440:R8_TYPELESS;ResourceId::64553:TempBuffer 143 3440x1440:3440x1440:R8_TYPELESS;ResourceId::64549:TempBuffer 142 3440x1440:3440x1440:R8_TYPELESS	ResourceId::61073
5116	ps	miHoYo/Uber/Scene/Scene_Uber_Snow	6	1	ResourceId::64533:TempBuffer 138 3440x1440:3440x1440:R10G10B10A2_TYPELESS;ResourceId::64537:TempBuffer 139 3440x1440:3440x1440:R8G8B8A8_TYPELESS;ResourceId::64541:TempBuffer 140 3440x1440:3440x1440:R8G8B8A8_TYPELESS;ResourceId::64545:TempBuffer 141 3440x1440:3440x1440:R8_TYPELESS;ResourceId::64553:TempBuffer 143 3440x1440:3440x1440:R8_TYPELESS;ResourceId::64549:TempBuffer 142 3440x1440:3440x1440:R8_TYPELESS	ResourceId::61073
5126	ps	miHoYo/Uber/Scene/Scene_Uber_Snow	12	2	ResourceId::64533:TempBuffer 138 3440x1440:3440x1440:R10G10B10A2_TYPELESS;ResourceId::64537:TempBuffer 139 3440x1440:3440x1440:R8G8B8A8_TYPELESS;ResourceId::64541:TempBuffer 140 3440x1440:3440x1440:R8G8B8A8_TYPELESS;ResourceId::64545:TempBuffer 141 3440x1440:3440x1440:R8_TYPELESS;ResourceId::64553:TempBuffer 143 3440x1440:3440x1440:R8_TYPELESS;ResourceId::64549:TempBuffer 142 3440x1440:3440x1440:R8_TYPELESS	ResourceId::61073
5132	ps	miHoYo/Uber/Scene/Scene_Uber_Snow	720	6	ResourceId::64533:TempBuffer 138 3440x1440:3440x1440:R10G10B10A2_TYPELESS;ResourceId::64537:TempBuffer 139 3440x1440:3440x1440:R8G8B8A8_TYPELESS;ResourceId::64541:TempBuffer 140 3440x1440:3440x1440:R8G8B8A8_TYPELESS;ResourceId::64545:TempBuffer 141 3440x1440:3440x1440:R8_TYPELESS;ResourceId::64553:TempBuffer 143 3440x1440:3440x1440:R8_TYPELESS;ResourceId::64549:TempBuffer 142 3440x1440:3440x1440:R8_TYPELESS	ResourceId::61073
5172	ps	miHoYo/Uber/Scene/Scene_Uber_Snow	654	1	ResourceId::64533:TempBuffer 138 3440x1440:3440x1440:R10G10B10A2_TYPELESS;ResourceId::64537:TempBuffer 139 3440x1440:3440x1440:R8G8B8A8_TYPELESS;ResourceId::64541:TempBuffer 140 3440x1440:3440x1440:R8G8B8A8_TYPELESS;ResourceId::64545:TempBuffer 141 3440x1440:3440x1440:R8_TYPELESS;ResourceId::64553:TempBuffer 143 3440x1440:3440x1440:R8_TYPELESS;ResourceId::64549:TempBuffer 142 3440x1440:3440x1440:R8_TYPELESS	ResourceId::61073
5178	ps	miHoYo/Uber/Scene/Scene_Uber_Snow	654	1	ResourceId::64533:TempBuffer 138 3440x1440:3440x1440:R10G10B10A2_TYPELESS;ResourceId::64537:TempBuffer 139 3440x1440:3440x1440:R8G8B8A8_TYPELESS;ResourceId::64541:TempBuffer 140 3440x1440:3440x1440:R8G8B8A8_TYPELESS;ResourceId::64545:TempBuffer 141 3440x1440:3440x1440:R8_TYPELESS;ResourceId::64553:TempBuffer 143 3440x1440:3440x1440:R8_TYPELESS;ResourceId::64549:TempBuffer 142 3440x1440:3440x1440:R8_TYPELESS	ResourceId::61073
5222	ps	miHoYo/Uber/Scene/Scene_Uber_Snow	390	2	ResourceId::64533:TempBuffer 138 3440x1440:3440x1440:R10G10B10A2_TYPELESS;ResourceId::64537:TempBuffer 139 3440x1440:3440x1440:R8G8B8A8_TYPELESS;ResourceId::64541:TempBuffer 140 3440x1440:3440x1440:R8G8B8A8_TYPELESS;ResourceId::64545:TempBuffer 141 3440x1440:3440x1440:R8_TYPELESS;ResourceId::64553:TempBuffer 143 3440x1440:3440x1440:R8_TYPELESS;ResourceId::64549:TempBuffer 142 3440x1440:3440x1440:R8_TYPELESS	ResourceId::61073
5228	ps	miHoYo/Uber/Scene/Scene_Uber_Snow	300	2	ResourceId::64533:TempBuffer 138 3440x1440:3440x1440:R10G10B10A2_TYPELESS;ResourceId::64537:TempBuffer 139 3440x1440:3440x1440:R8G8B8A8_TYPELESS;ResourceId::64541:TempBuffer 140 3440x1440:3440x1440:R8G8B8A8_TYPELESS;ResourceId::64545:TempBuffer 141 3440x1440:3440x1440:R8_TYPELESS;ResourceId::64553:TempBuffer 143 3440x1440:3440x1440:R8_TYPELESS;ResourceId::64549:TempBuffer 142 3440x1440:3440x1440:R8_TYPELESS	ResourceId::61073
5238	ps	miHoYo/Uber/Scene/Scene_Uber_Snow	240	2	ResourceId::64533:TempBuffer 138 3440x1440:3440x1440:R10G10B10A2_TYPELESS;ResourceId::64537:TempBuffer 139 3440x1440:3440x1440:R8G8B8A8_TYPELESS;ResourceId::64541:TempBuffer 140 3440x1440:3440x1440:R8G8B8A8_TYPELESS;ResourceId::64545:TempBuffer 141 3440x1440:3440x1440:R8_TYPELESS;ResourceId::64553:TempBuffer 143 3440x1440:3440x1440:R8_TYPELESS;ResourceId::64549:TempBuffer 142 3440x1440:3440x1440:R8_TYPELESS	ResourceId::61073
5249	ps	miHoYo/Uber/Scene/Scene_Uber_Snow	558	3	ResourceId::64533:TempBuffer 138 3440x1440:3440x1440:R10G10B10A2_TYPELESS;ResourceId::64537:TempBuffer 139 3440x1440:3440x1440:R8G8B8A8_TYPELESS;ResourceId::64541:TempBuffer 140 3440x1440:3440x1440:R8G8B8A8_TYPELESS;ResourceId::64545:TempBuffer 141 3440x1440:3440x1440:R8_TYPELESS;ResourceId::64553:TempBuffer 143 3440x1440:3440x1440:R8_TYPELESS;ResourceId::64549:TempBuffer 142 3440x1440:3440x1440:R8_TYPELESS	ResourceId::61073
5255	ps	miHoYo/Uber/Scene/Scene_Uber_Snow	1128	3	ResourceId::64533:TempBuffer 138 3440x1440:3440x1440:R10G10B10A2_TYPELESS;ResourceId::64537:TempBuffer 139 3440x1440:3440x1440:R8G8B8A8_TYPELESS;ResourceId::64541:TempBuffer 140 3440x1440:3440x1440:R8G8B8A8_TYPELESS;ResourceId::64545:TempBuffer 141 3440x1440:3440x1440:R8_TYPELESS;ResourceId::64553:TempBuffer 143 3440x1440:3440x1440:R8_TYPELESS;ResourceId::64549:TempBuffer 142 3440x1440:3440x1440:R8_TYPELESS	ResourceId::61073
5289	ps	miHoYo/Uber/Scene/Scene_Uber_Snow	780	2	ResourceId::64533:TempBuffer 138 3440x1440:3440x1440:R10G10B10A2_TYPELESS;ResourceId::64537:TempBuffer 139 3440x1440:3440x1440:R8G8B8A8_TYPELESS;ResourceId::64541:TempBuffer 140 3440x1440:3440x1440:R8G8B8A8_TYPELESS;ResourceId::64545:TempBuffer 141 3440x1440:3440x1440:R8_TYPELESS;ResourceId::64553:TempBuffer 143 3440x1440:3440x1440:R8_TYPELESS;ResourceId::64549:TempBuffer 142 3440x1440:3440x1440:R8_TYPELESS	ResourceId::61073
5295	ps	miHoYo/Uber/Scene/Scene_Uber_Snow	435	1	ResourceId::64533:TempBuffer 138 3440x1440:3440x1440:R10G10B10A2_TYPELESS;ResourceId::64537:TempBuffer 139 3440x1440:3440x1440:R8G8B8A8_TYPELESS;ResourceId::64541:TempBuffer 140 3440x1440:3440x1440:R8G8B8A8_TYPELESS;ResourceId::64545:TempBuffer 141 3440x1440:3440x1440:R8_TYPELESS;ResourceId::64553:TempBuffer 143 3440x1440:3440x1440:R8_TYPELESS;ResourceId::64549:TempBuffer 142 3440x1440:3440x1440:R8_TYPELESS	ResourceId::61073
5301	ps	miHoYo/Uber/Scene/Scene_Uber_Snow	720	2	ResourceId::64533:TempBuffer 138 3440x1440:3440x1440:R10G10B10A2_TYPELESS;ResourceId::64537:TempBuffer 139 3440x1440:3440x1440:R8G8B8A8_TYPELESS;ResourceId::64541:TempBuffer 140 3440x1440:3440x1440:R8G8B8A8_TYPELESS;ResourceId::64545:TempBuffer 141 3440x1440:3440x1440:R8_TYPELESS;ResourceId::64553:TempBuffer 143 3440x1440:3440x1440:R8_TYPELESS;ResourceId::64549:TempBuffer 142 3440x1440:3440x1440:R8_TYPELESS	ResourceId::61073
5345	ps	miHoYo/Uber/Scene/Scene_Uber_Snow	948	1	ResourceId::64533:TempBuffer 138 3440x1440:3440x1440:R10G10B10A2_TYPELESS;ResourceId::64537:TempBuffer 139 3440x1440:3440x1440:R8G8B8A8_TYPELESS;ResourceId::64541:TempBuffer 140 3440x1440:3440x1440:R8G8B8A8_TYPELESS;ResourceId::64545:TempBuffer 141 3440x1440:3440x1440:R8_TYPELESS;ResourceId::64553:TempBuffer 143 3440x1440:3440x1440:R8_TYPELESS;ResourceId::64549:TempBuffer 142 3440x1440:3440x1440:R8_TYPELESS	ResourceId::61073
5382	ps	miHoYo/Uber/Scene/Scene_Uber_Snow	11094	1	ResourceId::64533:TempBuffer 138 3440x1440:3440x1440:R10G10B10A2_TYPELESS;ResourceId::64537:TempBuffer 139 3440x1440:3440x1440:R8G8B8A8_TYPELESS;ResourceId::64541:TempBuffer 140 3440x1440:3440x1440:R8G8B8A8_TYPELESS;ResourceId::64545:TempBuffer 141 3440x1440:3440x1440:R8_TYPELESS;ResourceId::64553:TempBuffer 143 3440x1440:3440x1440:R8_TYPELESS;ResourceId::64549:TempBuffer 142 3440x1440:3440x1440:R8_TYPELESS	ResourceId::61073
5410	ps	miHoYo/Uber/Scene/Scene_Uber_Snow	276	4	ResourceId::64533:TempBuffer 138 3440x1440:3440x1440:R10G10B10A2_TYPELESS;ResourceId::64537:TempBuffer 139 3440x1440:3440x1440:R8G8B8A8_TYPELESS;ResourceId::64541:TempBuffer 140 3440x1440:3440x1440:R8G8B8A8_TYPELESS;ResourceId::64545:TempBuffer 141 3440x1440:3440x1440:R8_TYPELESS;ResourceId::64553:TempBuffer 143 3440x1440:3440x1440:R8_TYPELESS;ResourceId::64549:TempBuffer 142 3440x1440:3440x1440:R8_TYPELESS	ResourceId::61073
5415	ps	miHoYo/Uber/Scene/Scene_Uber_Snow	885	1	ResourceId::64533:TempBuffer 138 3440x1440:3440x1440:R10G10B10A2_TYPELESS;ResourceId::64537:TempBuffer 139 3440x1440:3440x1440:R8G8B8A8_TYPELESS;ResourceId::64541:TempBuffer 140 3440x1440:3440x1440:R8G8B8A8_TYPELESS;ResourceId::64545:TempBuffer 141 3440x1440:3440x1440:R8_TYPELESS;ResourceId::64553:TempBuffer 143 3440x1440:3440x1440:R8_TYPELESS;ResourceId::64549:TempBuffer 142 3440x1440:3440x1440:R8_TYPELESS	ResourceId::61073
5424	ps	miHoYo/Uber/Scene/Scene_Uber_Snow	6624	2	ResourceId::64533:TempBuffer 138 3440x1440:3440x1440:R10G10B10A2_TYPELESS;ResourceId::64537:TempBuffer 139 3440x1440:3440x1440:R8G8B8A8_TYPELESS;ResourceId::64541:TempBuffer 140 3440x1440:3440x1440:R8G8B8A8_TYPELESS;ResourceId::64545:TempBuffer 141 3440x1440:3440x1440:R8_TYPELESS;ResourceId::64553:TempBuffer 143 3440x1440:3440x1440:R8_TYPELESS;ResourceId::64549:TempBuffer 142 3440x1440:3440x1440:R8_TYPELESS	ResourceId::61073
5431	ps	miHoYo/Uber/Scene/Scene_Uber_Snow	4590	3	ResourceId::64533:TempBuffer 138 3440x1440:3440x1440:R10G10B10A2_TYPELESS;ResourceId::64537:TempBuffer 139 3440x1440:3440x1440:R8G8B8A8_TYPELESS;ResourceId::64541:TempBuffer 140 3440x1440:3440x1440:R8G8B8A8_TYPELESS;ResourceId::64545:TempBuffer 141 3440x1440:3440x1440:R8_TYPELESS;ResourceId::64553:TempBuffer 143 3440x1440:3440x1440:R8_TYPELESS;ResourceId::64549:TempBuffer 142 3440x1440:3440x1440:R8_TYPELESS	ResourceId::61073
5471	ps	miHoYo/Uber/Scene/Scene_Uber_Snow	1836	1	ResourceId::64533:TempBuffer 138 3440x1440:3440x1440:R10G10B10A2_TYPELESS;ResourceId::64537:TempBuffer 139 3440x1440:3440x1440:R8G8B8A8_TYPELESS;ResourceId::64541:TempBuffer 140 3440x1440:3440x1440:R8G8B8A8_TYPELESS;ResourceId::64545:TempBuffer 141 3440x1440:3440x1440:R8_TYPELESS;ResourceId::64553:TempBuffer 143 3440x1440:3440x1440:R8_TYPELESS;ResourceId::64549:TempBuffer 142 3440x1440:3440x1440:R8_TYPELESS	ResourceId::61073
5477	ps	miHoYo/Uber/Scene/Scene_Uber_Snow	12417	2	ResourceId::64533:TempBuffer 138 3440x1440:3440x1440:R10G10B10A2_TYPELESS;ResourceId::64537:TempBuffer 139 3440x1440:3440x1440:R8G8B8A8_TYPELESS;ResourceId::64541:TempBuffer 140 3440x1440:3440x1440:R8G8B8A8_TYPELESS;ResourceId::64545:TempBuffer 141 3440x1440:3440x1440:R8_TYPELESS;ResourceId::64553:TempBuffer 143 3440x1440:3440x1440:R8_TYPELESS;ResourceId::64549:TempBuffer 142 3440x1440:3440x1440:R8_TYPELESS	ResourceId::61073
5483	ps	miHoYo/Uber/Scene/Scene_Uber_Snow	1980	2	ResourceId::64533:TempBuffer 138 3440x1440:3440x1440:R10G10B10A2_TYPELESS;ResourceId::64537:TempBuffer 139 3440x1440:3440x1440:R8G8B8A8_TYPELESS;ResourceId::64541:TempBuffer 140 3440x1440:3440x1440:R8G8B8A8_TYPELESS;ResourceId::64545:TempBuffer 141 3440x1440:3440x1440:R8_TYPELESS;ResourceId::64553:TempBuffer 143 3440x1440:3440x1440:R8_TYPELESS;ResourceId::64549:TempBuffer 142 3440x1440:3440x1440:R8_TYPELESS	ResourceId::61073
5489	ps	miHoYo/Uber/Scene/Scene_Uber_Snow	2268	2	ResourceId::64533:TempBuffer 138 3440x1440:3440x1440:R10G10B10A2_TYPELESS;ResourceId::64537:TempBuffer 139 3440x1440:3440x1440:R8G8B8A8_TYPELESS;ResourceId::64541:TempBuffer 140 3440x1440:3440x1440:R8G8B8A8_TYPELESS;ResourceId::64545:TempBuffer 141 3440x1440:3440x1440:R8_TYPELESS;ResourceId::64553:TempBuffer 143 3440x1440:3440x1440:R8_TYPELESS;ResourceId::64549:TempBuffer 142 3440x1440:3440x1440:R8_TYPELESS	ResourceId::61073
5495	ps	miHoYo/Uber/Scene/Scene_Uber_Snow	1320	8	ResourceId::64533:TempBuffer 138 3440x1440:3440x1440:R10G10B10A2_TYPELESS;ResourceId::64537:TempBuffer 139 3440x1440:3440x1440:R8G8B8A8_TYPELESS;ResourceId::64541:TempBuffer 140 3440x1440:3440x1440:R8G8B8A8_TYPELESS;ResourceId::64545:TempBuffer 141 3440x1440:3440x1440:R8_TYPELESS;ResourceId::64553:TempBuffer 143 3440x1440:3440x1440:R8_TYPELESS;ResourceId::64549:TempBuffer 142 3440x1440:3440x1440:R8_TYPELESS	ResourceId::61073
5501	ps	miHoYo/Uber/Scene/Scene_Uber_Snow	606	6	ResourceId::64533:TempBuffer 138 3440x1440:3440x1440:R10G10B10A2_TYPELESS;ResourceId::64537:TempBuffer 139 3440x1440:3440x1440:R8G8B8A8_TYPELESS;ResourceId::64541:TempBuffer 140 3440x1440:3440x1440:R8G8B8A8_TYPELESS;ResourceId::64545:TempBuffer 141 3440x1440:3440x1440:R8_TYPELESS;ResourceId::64553:TempBuffer 143 3440x1440:3440x1440:R8_TYPELESS;ResourceId::64549:TempBuffer 142 3440x1440:3440x1440:R8_TYPELESS	ResourceId::61073
5507	ps	miHoYo/Uber/Scene/Scene_Uber_Snow	2946	3	ResourceId::64533:TempBuffer 138 3440x1440:3440x1440:R10G10B10A2_TYPELESS;ResourceId::64537:TempBuffer 139 3440x1440:3440x1440:R8G8B8A8_TYPELESS;ResourceId::64541:TempBuffer 140 3440x1440:3440x1440:R8G8B8A8_TYPELESS;ResourceId::64545:TempBuffer 141 3440x1440:3440x1440:R8_TYPELESS;ResourceId::64553:TempBuffer 143 3440x1440:3440x1440:R8_TYPELESS;ResourceId::64549:TempBuffer 142 3440x1440:3440x1440:R8_TYPELESS	ResourceId::61073
5513	ps	miHoYo/Uber/Scene/Scene_Uber_Snow	288	4	ResourceId::64533:TempBuffer 138 3440x1440:3440x1440:R10G10B10A2_TYPELESS;ResourceId::64537:TempBuffer 139 3440x1440:3440x1440:R8G8B8A8_TYPELESS;ResourceId::64541:TempBuffer 140 3440x1440:3440x1440:R8G8B8A8_TYPELESS;ResourceId::64545:TempBuffer 141 3440x1440:3440x1440:R8_TYPELESS;ResourceId::64553:TempBuffer 143 3440x1440:3440x1440:R8_TYPELESS;ResourceId::64549:TempBuffer 142 3440x1440:3440x1440:R8_TYPELESS	ResourceId::61073
5520	ps	miHoYo/Uber/Scene/Scene_Uber_Snow	1944	3	ResourceId::64533:TempBuffer 138 3440x1440:3440x1440:R10G10B10A2_TYPELESS;ResourceId::64537:TempBuffer 139 3440x1440:3440x1440:R8G8B8A8_TYPELESS;ResourceId::64541:TempBuffer 140 3440x1440:3440x1440:R8G8B8A8_TYPELESS;ResourceId::64545:TempBuffer 141 3440x1440:3440x1440:R8_TYPELESS;ResourceId::64553:TempBuffer 143 3440x1440:3440x1440:R8_TYPELESS;ResourceId::64549:TempBuffer 142 3440x1440:3440x1440:R8_TYPELESS	ResourceId::61073
5526	ps	miHoYo/Uber/Scene/Scene_Uber_Snow	3504	3	ResourceId::64533:TempBuffer 138 3440x1440:3440x1440:R10G10B10A2_TYPELESS;ResourceId::64537:TempBuffer 139 3440x1440:3440x1440:R8G8B8A8_TYPELESS;ResourceId::64541:TempBuffer 140 3440x1440:3440x1440:R8G8B8A8_TYPELESS;ResourceId::64545:TempBuffer 141 3440x1440:3440x1440:R8_TYPELESS;ResourceId::64553:TempBuffer 143 3440x1440:3440x1440:R8_TYPELESS;ResourceId::64549:TempBuffer 142 3440x1440:3440x1440:R8_TYPELESS	ResourceId::61073
5563	ps	miHoYo/Uber/Scene/Scene_Uber_Snow	7026	3	ResourceId::64533:TempBuffer 138 3440x1440:3440x1440:R10G10B10A2_TYPELESS;ResourceId::64537:TempBuffer 139 3440x1440:3440x1440:R8G8B8A8_TYPELESS;ResourceId::64541:TempBuffer 140 3440x1440:3440x1440:R8G8B8A8_TYPELESS;ResourceId::64545:TempBuffer 141 3440x1440:3440x1440:R8_TYPELESS;ResourceId::64553:TempBuffer 143 3440x1440:3440x1440:R8_TYPELESS;ResourceId::64549:TempBuffer 142 3440x1440:3440x1440:R8_TYPELESS	ResourceId::61073
5569	ps	miHoYo/Uber/Scene/Scene_Uber_Snow	2862	1	ResourceId::64533:TempBuffer 138 3440x1440:3440x1440:R10G10B10A2_TYPELESS;ResourceId::64537:TempBuffer 139 3440x1440:3440x1440:R8G8B8A8_TYPELESS;ResourceId::64541:TempBuffer 140 3440x1440:3440x1440:R8G8B8A8_TYPELESS;ResourceId::64545:TempBuffer 141 3440x1440:3440x1440:R8_TYPELESS;ResourceId::64553:TempBuffer 143 3440x1440:3440x1440:R8_TYPELESS;ResourceId::64549:TempBuffer 142 3440x1440:3440x1440:R8_TYPELESS	ResourceId::61073
5575	ps	miHoYo/Uber/Scene/Scene_Uber_Snow	3255	6	ResourceId::64533:TempBuffer 138 3440x1440:3440x1440:R10G10B10A2_TYPELESS;ResourceId::64537:TempBuffer 139 3440x1440:3440x1440:R8G8B8A8_TYPELESS;ResourceId::64541:TempBuffer 140 3440x1440:3440x1440:R8G8B8A8_TYPELESS;ResourceId::64545:TempBuffer 141 3440x1440:3440x1440:R8_TYPELESS;ResourceId::64553:TempBuffer 143 3440x1440:3440x1440:R8_TYPELESS;ResourceId::64549:TempBuffer 142 3440x1440:3440x1440:R8_TYPELESS	ResourceId::61073
5614	ps	miHoYo/Uber/Scene/Scene_Uber_Snow	2946	1	ResourceId::64533:TempBuffer 138 3440x1440:3440x1440:R10G10B10A2_TYPELESS;ResourceId::64537:TempBuffer 139 3440x1440:3440x1440:R8G8B8A8_TYPELESS;ResourceId::64541:TempBuffer 140 3440x1440:3440x1440:R8G8B8A8_TYPELESS;ResourceId::64545:TempBuffer 141 3440x1440:3440x1440:R8_TYPELESS;ResourceId::64553:TempBuffer 143 3440x1440:3440x1440:R8_TYPELESS;ResourceId::64549:TempBuffer 142 3440x1440:3440x1440:R8_TYPELESS	ResourceId::61073
5643	ps	miHoYo/Uber/Scene/Scene_Uber_Snow	885	1	ResourceId::64533:TempBuffer 138 3440x1440:3440x1440:R10G10B10A2_TYPELESS;ResourceId::64537:TempBuffer 139 3440x1440:3440x1440:R8G8B8A8_TYPELESS;ResourceId::64541:TempBuffer 140 3440x1440:3440x1440:R8G8B8A8_TYPELESS;ResourceId::64545:TempBuffer 141 3440x1440:3440x1440:R8_TYPELESS;ResourceId::64553:TempBuffer 143 3440x1440:3440x1440:R8_TYPELESS;ResourceId::64549:TempBuffer 142 3440x1440:3440x1440:R8_TYPELESS	ResourceId::61073
5684	ps	miHoYo/Uber/Scene/Scene_Uber_Snow	2862	2	ResourceId::64533:TempBuffer 138 3440x1440:3440x1440:R10G10B10A2_TYPELESS;ResourceId::64537:TempBuffer 139 3440x1440:3440x1440:R8G8B8A8_TYPELESS;ResourceId::64541:TempBuffer 140 3440x1440:3440x1440:R8G8B8A8_TYPELESS;ResourceId::64545:TempBuffer 141 3440x1440:3440x1440:R8_TYPELESS;ResourceId::64553:TempBuffer 143 3440x1440:3440x1440:R8_TYPELESS;ResourceId::64549:TempBuffer 142 3440x1440:3440x1440:R8_TYPELESS	ResourceId::61073
5728	ps	miHoYo/CTS miHoYo extend/Terrain First Pass Tint PCPS4	1536	23	ResourceId::64533:TempBuffer 138 3440x1440:3440x1440:R10G10B10A2_TYPELESS;ResourceId::64537:TempBuffer 139 3440x1440:3440x1440:R8G8B8A8_TYPELESS;ResourceId::64541:TempBuffer 140 3440x1440:3440x1440:R8G8B8A8_TYPELESS;ResourceId::64545:TempBuffer 141 3440x1440:3440x1440:R8_TYPELESS;ResourceId::64553:TempBuffer 143 3440x1440:3440x1440:R8_TYPELESS;ResourceId::64549:TempBuffer 142 3440x1440:3440x1440:R8_TYPELESS	ResourceId::61073
5752	ps	miHoYo/CTS miHoYo extend/Terrain First Pass Tint PCPS4	1536	20	ResourceId::64533:TempBuffer 138 3440x1440:3440x1440:R10G10B10A2_TYPELESS;ResourceId::64537:TempBuffer 139 3440x1440:3440x1440:R8G8B8A8_TYPELESS;ResourceId::64541:TempBuffer 140 3440x1440:3440x1440:R8G8B8A8_TYPELESS;ResourceId::64545:TempBuffer 141 3440x1440:3440x1440:R8_TYPELESS;ResourceId::64553:TempBuffer 143 3440x1440:3440x1440:R8_TYPELESS;ResourceId::64549:TempBuffer 142 3440x1440:3440x1440:R8_TYPELESS	ResourceId::61073
5784	ps	miHoYo/CTS miHoYo extend/Terrain First Pass Tint PCPS4	1536	0	ResourceId::64533:TempBuffer 138 3440x1440:3440x1440:R10G10B10A2_TYPELESS;ResourceId::64537:TempBuffer 139 3440x1440:3440x1440:R8G8B8A8_TYPELESS;ResourceId::64541:TempBuffer 140 3440x1440:3440x1440:R8G8B8A8_TYPELESS;ResourceId::64545:TempBuffer 141 3440x1440:3440x1440:R8_TYPELESS;ResourceId::64553:TempBuffer 143 3440x1440:3440x1440:R8_TYPELESS;ResourceId::64549:TempBuffer 142 3440x1440:3440x1440:R8_TYPELESS	ResourceId::61073
5827	ps	miHoYo/Uber/Scene/Scene_Uber_PatternBaseSnow	252	1	ResourceId::64533:TempBuffer 138 3440x1440:3440x1440:R10G10B10A2_TYPELESS;ResourceId::64537:TempBuffer 139 3440x1440:3440x1440:R8G8B8A8_TYPELESS;ResourceId::64541:TempBuffer 140 3440x1440:3440x1440:R8G8B8A8_TYPELESS;ResourceId::64545:TempBuffer 141 3440x1440:3440x1440:R8_TYPELESS;ResourceId::64553:TempBuffer 143 3440x1440:3440x1440:R8_TYPELESS;ResourceId::64549:TempBuffer 142 3440x1440:3440x1440:R8_TYPELESS	ResourceId::61073
5836	ps	miHoYo/Uber/Scene/Scene_Uber_PatternBaseSnow	4164	2	ResourceId::64533:TempBuffer 138 3440x1440:3440x1440:R10G10B10A2_TYPELESS;ResourceId::64537:TempBuffer 139 3440x1440:3440x1440:R8G8B8A8_TYPELESS;ResourceId::64541:TempBuffer 140 3440x1440:3440x1440:R8G8B8A8_TYPELESS;ResourceId::64545:TempBuffer 141 3440x1440:3440x1440:R8_TYPELESS;ResourceId::64553:TempBuffer 143 3440x1440:3440x1440:R8_TYPELESS;ResourceId::64549:TempBuffer 142 3440x1440:3440x1440:R8_TYPELESS	ResourceId::61073
5842	ps	miHoYo/Uber/Scene/Scene_Uber_PatternBaseSnow	2718	1	ResourceId::64533:TempBuffer 138 3440x1440:3440x1440:R10G10B10A2_TYPELESS;ResourceId::64537:TempBuffer 139 3440x1440:3440x1440:R8G8B8A8_TYPELESS;ResourceId::64541:TempBuffer 140 3440x1440:3440x1440:R8G8B8A8_TYPELESS;ResourceId::64545:TempBuffer 141 3440x1440:3440x1440:R8_TYPELESS;ResourceId::64553:TempBuffer 143 3440x1440:3440x1440:R8_TYPELESS;ResourceId::64549:TempBuffer 142 3440x1440:3440x1440:R8_TYPELESS	ResourceId::61073
5848	ps	miHoYo/Uber/Scene/Scene_Uber_PatternBaseSnow	702	1	ResourceId::64533:TempBuffer 138 3440x1440:3440x1440:R10G10B10A2_TYPELESS;ResourceId::64537:TempBuffer 139 3440x1440:3440x1440:R8G8B8A8_TYPELESS;ResourceId::64541:TempBuffer 140 3440x1440:3440x1440:R8G8B8A8_TYPELESS;ResourceId::64545:TempBuffer 141 3440x1440:3440x1440:R8_TYPELESS;ResourceId::64553:TempBuffer 143 3440x1440:3440x1440:R8_TYPELESS;ResourceId::64549:TempBuffer 142 3440x1440:3440x1440:R8_TYPELESS	ResourceId::61073
5854	ps	miHoYo/Uber/Scene/Scene_Uber_PatternBaseSnow	5010	1	ResourceId::64533:TempBuffer 138 3440x1440:3440x1440:R10G10B10A2_TYPELESS;ResourceId::64537:TempBuffer 139 3440x1440:3440x1440:R8G8B8A8_TYPELESS;ResourceId::64541:TempBuffer 140 3440x1440:3440x1440:R8G8B8A8_TYPELESS;ResourceId::64545:TempBuffer 141 3440x1440:3440x1440:R8_TYPELESS;ResourceId::64553:TempBuffer 143 3440x1440:3440x1440:R8_TYPELESS;ResourceId::64549:TempBuffer 142 3440x1440:3440x1440:R8_TYPELESS	ResourceId::61073
5860	ps	miHoYo/Uber/Scene/Scene_Uber_PatternBaseSnow	1290	1	ResourceId::64533:TempBuffer 138 3440x1440:3440x1440:R10G10B10A2_TYPELESS;ResourceId::64537:TempBuffer 139 3440x1440:3440x1440:R8G8B8A8_TYPELESS;ResourceId::64541:TempBuffer 140 3440x1440:3440x1440:R8G8B8A8_TYPELESS;ResourceId::64545:TempBuffer 141 3440x1440:3440x1440:R8_TYPELESS;ResourceId::64553:TempBuffer 143 3440x1440:3440x1440:R8_TYPELESS;ResourceId::64549:TempBuffer 142 3440x1440:3440x1440:R8_TYPELESS	ResourceId::61073
5866	ps	miHoYo/Uber/Scene/Scene_Uber_PatternBaseSnow	1986	2	ResourceId::64533:TempBuffer 138 3440x1440:3440x1440:R10G10B10A2_TYPELESS;ResourceId::64537:TempBuffer 139 3440x1440:3440x1440:R8G8B8A8_TYPELESS;ResourceId::64541:TempBuffer 140 3440x1440:3440x1440:R8G8B8A8_TYPELESS;ResourceId::64545:TempBuffer 141 3440x1440:3440x1440:R8_TYPELESS;ResourceId::64553:TempBuffer 143 3440x1440:3440x1440:R8_TYPELESS;ResourceId::64549:TempBuffer 142 3440x1440:3440x1440:R8_TYPELESS	ResourceId::61073
5872	ps	miHoYo/Uber/Scene/Scene_Uber_PatternBaseSnow	981	2	ResourceId::64533:TempBuffer 138 3440x1440:3440x1440:R10G10B10A2_TYPELESS;ResourceId::64537:TempBuffer 139 3440x1440:3440x1440:R8G8B8A8_TYPELESS;ResourceId::64541:TempBuffer 140 3440x1440:3440x1440:R8G8B8A8_TYPELESS;ResourceId::64545:TempBuffer 141 3440x1440:3440x1440:R8_TYPELESS;ResourceId::64553:TempBuffer 143 3440x1440:3440x1440:R8_TYPELESS;ResourceId::64549:TempBuffer 142 3440x1440:3440x1440:R8_TYPELESS	ResourceId::61073
5878	ps	miHoYo/Uber/Scene/Scene_Uber_PatternBaseSnow	1470	1	ResourceId::64533:TempBuffer 138 3440x1440:3440x1440:R10G10B10A2_TYPELESS;ResourceId::64537:TempBuffer 139 3440x1440:3440x1440:R8G8B8A8_TYPELESS;ResourceId::64541:TempBuffer 140 3440x1440:3440x1440:R8G8B8A8_TYPELESS;ResourceId::64545:TempBuffer 141 3440x1440:3440x1440:R8_TYPELESS;ResourceId::64553:TempBuffer 143 3440x1440:3440x1440:R8_TYPELESS;ResourceId::64549:TempBuffer 142 3440x1440:3440x1440:R8_TYPELESS	ResourceId::61073
5884	ps	miHoYo/Uber/Scene/Scene_Uber_PatternBaseSnow	8424	3	ResourceId::64533:TempBuffer 138 3440x1440:3440x1440:R10G10B10A2_TYPELESS;ResourceId::64537:TempBuffer 139 3440x1440:3440x1440:R8G8B8A8_TYPELESS;ResourceId::64541:TempBuffer 140 3440x1440:3440x1440:R8G8B8A8_TYPELESS;ResourceId::64545:TempBuffer 141 3440x1440:3440x1440:R8_TYPELESS;ResourceId::64553:TempBuffer 143 3440x1440:3440x1440:R8_TYPELESS;ResourceId::64549:TempBuffer 142 3440x1440:3440x1440:R8_TYPELESS	ResourceId::61073
5890	ps	miHoYo/Uber/Scene/Scene_Uber_PatternBaseSnow	2172	1	ResourceId::64533:TempBuffer 138 3440x1440:3440x1440:R10G10B10A2_TYPELESS;ResourceId::64537:TempBuffer 139 3440x1440:3440x1440:R8G8B8A8_TYPELESS;ResourceId::64541:TempBuffer 140 3440x1440:3440x1440:R8G8B8A8_TYPELESS;ResourceId::64545:TempBuffer 141 3440x1440:3440x1440:R8_TYPELESS;ResourceId::64553:TempBuffer 143 3440x1440:3440x1440:R8_TYPELESS;ResourceId::64549:TempBuffer 142 3440x1440:3440x1440:R8_TYPELESS	ResourceId::61073
5896	ps	miHoYo/Uber/Scene/Scene_Uber_PatternBaseSnow	498	1	ResourceId::64533:TempBuffer 138 3440x1440:3440x1440:R10G10B10A2_TYPELESS;ResourceId::64537:TempBuffer 139 3440x1440:3440x1440:R8G8B8A8_TYPELESS;ResourceId::64541:TempBuffer 140 3440x1440:3440x1440:R8G8B8A8_TYPELESS;ResourceId::64545:TempBuffer 141 3440x1440:3440x1440:R8_TYPELESS;ResourceId::64553:TempBuffer 143 3440x1440:3440x1440:R8_TYPELESS;ResourceId::64549:TempBuffer 142 3440x1440:3440x1440:R8_TYPELESS	ResourceId::61073
5904	ps	miHoYo/Uber/Scene/Scene_Uber_PatternBaseSnow	6738	1	ResourceId::64533:TempBuffer 138 3440x1440:3440x1440:R10G10B10A2_TYPELESS;ResourceId::64537:TempBuffer 139 3440x1440:3440x1440:R8G8B8A8_TYPELESS;ResourceId::64541:TempBuffer 140 3440x1440:3440x1440:R8G8B8A8_TYPELESS;ResourceId::64545:TempBuffer 141 3440x1440:3440x1440:R8_TYPELESS;ResourceId::64553:TempBuffer 143 3440x1440:3440x1440:R8_TYPELESS;ResourceId::64549:TempBuffer 142 3440x1440:3440x1440:R8_TYPELESS	ResourceId::61073
5910	ps	miHoYo/Uber/Scene/Scene_Uber_PatternBaseSnow	4230	1	ResourceId::64533:TempBuffer 138 3440x1440:3440x1440:R10G10B10A2_TYPELESS;ResourceId::64537:TempBuffer 139 3440x1440:3440x1440:R8G8B8A8_TYPELESS;ResourceId::64541:TempBuffer 140 3440x1440:3440x1440:R8G8B8A8_TYPELESS;ResourceId::64545:TempBuffer 141 3440x1440:3440x1440:R8_TYPELESS;ResourceId::64553:TempBuffer 143 3440x1440:3440x1440:R8_TYPELESS;ResourceId::64549:TempBuffer 142 3440x1440:3440x1440:R8_TYPELESS	ResourceId::61073
5916	ps	miHoYo/Uber/Scene/Scene_Uber_PatternBaseSnow	3591	2	ResourceId::64533:TempBuffer 138 3440x1440:3440x1440:R10G10B10A2_TYPELESS;ResourceId::64537:TempBuffer 139 3440x1440:3440x1440:R8G8B8A8_TYPELESS;ResourceId::64541:TempBuffer 140 3440x1440:3440x1440:R8G8B8A8_TYPELESS;ResourceId::64545:TempBuffer 141 3440x1440:3440x1440:R8_TYPELESS;ResourceId::64553:TempBuffer 143 3440x1440:3440x1440:R8_TYPELESS;ResourceId::64549:TempBuffer 142 3440x1440:3440x1440:R8_TYPELESS	ResourceId::61073
5922	ps	miHoYo/Uber/Scene/Scene_Uber_PatternBaseSnow	5994	1	ResourceId::64533:TempBuffer 138 3440x1440:3440x1440:R10G10B10A2_TYPELESS;ResourceId::64537:TempBuffer 139 3440x1440:3440x1440:R8G8B8A8_TYPELESS;ResourceId::64541:TempBuffer 140 3440x1440:3440x1440:R8G8B8A8_TYPELESS;ResourceId::64545:TempBuffer 141 3440x1440:3440x1440:R8_TYPELESS;ResourceId::64553:TempBuffer 143 3440x1440:3440x1440:R8_TYPELESS;ResourceId::64549:TempBuffer 142 3440x1440:3440x1440:R8_TYPELESS	ResourceId::61073
5928	ps	miHoYo/Uber/Scene/Scene_Uber_PatternBaseSnow	498	3	ResourceId::64533:TempBuffer 138 3440x1440:3440x1440:R10G10B10A2_TYPELESS;ResourceId::64537:TempBuffer 139 3440x1440:3440x1440:R8G8B8A8_TYPELESS;ResourceId::64541:TempBuffer 140 3440x1440:3440x1440:R8G8B8A8_TYPELESS;ResourceId::64545:TempBuffer 141 3440x1440:3440x1440:R8_TYPELESS;ResourceId::64553:TempBuffer 143 3440x1440:3440x1440:R8_TYPELESS;ResourceId::64549:TempBuffer 142 3440x1440:3440x1440:R8_TYPELESS	ResourceId::61073
5934	ps	miHoYo/Uber/Scene/Scene_Uber_PatternBaseSnow	498	3	ResourceId::64533:TempBuffer 138 3440x1440:3440x1440:R10G10B10A2_TYPELESS;ResourceId::64537:TempBuffer 139 3440x1440:3440x1440:R8G8B8A8_TYPELESS;ResourceId::64541:TempBuffer 140 3440x1440:3440x1440:R8G8B8A8_TYPELESS;ResourceId::64545:TempBuffer 141 3440x1440:3440x1440:R8_TYPELESS;ResourceId::64553:TempBuffer 143 3440x1440:3440x1440:R8_TYPELESS;ResourceId::64549:TempBuffer 142 3440x1440:3440x1440:R8_TYPELESS	ResourceId::61073
5940	ps	miHoYo/Uber/Scene/Scene_Uber_PatternBaseSnow	1572	1	ResourceId::64533:TempBuffer 138 3440x1440:3440x1440:R10G10B10A2_TYPELESS;ResourceId::64537:TempBuffer 139 3440x1440:3440x1440:R8G8B8A8_TYPELESS;ResourceId::64541:TempBuffer 140 3440x1440:3440x1440:R8G8B8A8_TYPELESS;ResourceId::64545:TempBuffer 141 3440x1440:3440x1440:R8_TYPELESS;ResourceId::64553:TempBuffer 143 3440x1440:3440x1440:R8_TYPELESS;ResourceId::64549:TempBuffer 142 3440x1440:3440x1440:R8_TYPELESS	ResourceId::61073
5946	ps	miHoYo/Uber/Scene/Scene_Uber_PatternBaseSnow	792	9	ResourceId::64533:TempBuffer 138 3440x1440:3440x1440:R10G10B10A2_TYPELESS;ResourceId::64537:TempBuffer 139 3440x1440:3440x1440:R8G8B8A8_TYPELESS;ResourceId::64541:TempBuffer 140 3440x1440:3440x1440:R8G8B8A8_TYPELESS;ResourceId::64545:TempBuffer 141 3440x1440:3440x1440:R8_TYPELESS;ResourceId::64553:TempBuffer 143 3440x1440:3440x1440:R8_TYPELESS;ResourceId::64549:TempBuffer 142 3440x1440:3440x1440:R8_TYPELESS	ResourceId::61073
5975	ps	miHoYo/Uber/Scene/Scene_Uber_PatternBaseSnow	768	1	ResourceId::64533:TempBuffer 138 3440x1440:3440x1440:R10G10B10A2_TYPELESS;ResourceId::64537:TempBuffer 139 3440x1440:3440x1440:R8G8B8A8_TYPELESS;ResourceId::64541:TempBuffer 140 3440x1440:3440x1440:R8G8B8A8_TYPELESS;ResourceId::64545:TempBuffer 141 3440x1440:3440x1440:R8_TYPELESS;ResourceId::64553:TempBuffer 143 3440x1440:3440x1440:R8_TYPELESS;ResourceId::64549:TempBuffer 142 3440x1440:3440x1440:R8_TYPELESS	ResourceId::61073
6010	ps	miHoYo/Uber/Scene/Scene_Uber_PatternBaseSnow	3216	2	ResourceId::64533:TempBuffer 138 3440x1440:3440x1440:R10G10B10A2_TYPELESS;ResourceId::64537:TempBuffer 139 3440x1440:3440x1440:R8G8B8A8_TYPELESS;ResourceId::64541:TempBuffer 140 3440x1440:3440x1440:R8G8B8A8_TYPELESS;ResourceId::64545:TempBuffer 141 3440x1440:3440x1440:R8_TYPELESS;ResourceId::64553:TempBuffer 143 3440x1440:3440x1440:R8_TYPELESS;ResourceId::64549:TempBuffer 142 3440x1440:3440x1440:R8_TYPELESS	ResourceId::61073
6016	ps	miHoYo/Uber/Scene/Scene_Uber_PatternBaseSnow	732	1	ResourceId::64533:TempBuffer 138 3440x1440:3440x1440:R10G10B10A2_TYPELESS;ResourceId::64537:TempBuffer 139 3440x1440:3440x1440:R8G8B8A8_TYPELESS;ResourceId::64541:TempBuffer 140 3440x1440:3440x1440:R8G8B8A8_TYPELESS;ResourceId::64545:TempBuffer 141 3440x1440:3440x1440:R8_TYPELESS;ResourceId::64553:TempBuffer 143 3440x1440:3440x1440:R8_TYPELESS;ResourceId::64549:TempBuffer 142 3440x1440:3440x1440:R8_TYPELESS	ResourceId::61073
6024	ps	miHoYo/Uber/Scene/Scene_Uber_PatternBaseSnow	2100	1	ResourceId::64533:TempBuffer 138 3440x1440:3440x1440:R10G10B10A2_TYPELESS;ResourceId::64537:TempBuffer 139 3440x1440:3440x1440:R8G8B8A8_TYPELESS;ResourceId::64541:TempBuffer 140 3440x1440:3440x1440:R8G8B8A8_TYPELESS;ResourceId::64545:TempBuffer 141 3440x1440:3440x1440:R8_TYPELESS;ResourceId::64553:TempBuffer 143 3440x1440:3440x1440:R8_TYPELESS;ResourceId::64549:TempBuffer 142 3440x1440:3440x1440:R8_TYPELESS	ResourceId::61073
6032	ps	miHoYo/Uber/Scene/Scene_Uber_PatternBaseSnow	2295	4	ResourceId::64533:TempBuffer 138 3440x1440:3440x1440:R10G10B10A2_TYPELESS;ResourceId::64537:TempBuffer 139 3440x1440:3440x1440:R8G8B8A8_TYPELESS;ResourceId::64541:TempBuffer 140 3440x1440:3440x1440:R8G8B8A8_TYPELESS;ResourceId::64545:TempBuffer 141 3440x1440:3440x1440:R8_TYPELESS;ResourceId::64553:TempBuffer 143 3440x1440:3440x1440:R8_TYPELESS;ResourceId::64549:TempBuffer 142 3440x1440:3440x1440:R8_TYPELESS	ResourceId::61073
6040	ps	miHoYo/Uber/Scene/Scene_Uber_PatternBaseSnow	414	1	ResourceId::64533:TempBuffer 138 3440x1440:3440x1440:R10G10B10A2_TYPELESS;ResourceId::64537:TempBuffer 139 3440x1440:3440x1440:R8G8B8A8_TYPELESS;ResourceId::64541:TempBuffer 140 3440x1440:3440x1440:R8G8B8A8_TYPELESS;ResourceId::64545:TempBuffer 141 3440x1440:3440x1440:R8_TYPELESS;ResourceId::64553:TempBuffer 143 3440x1440:3440x1440:R8_TYPELESS;ResourceId::64549:TempBuffer 142 3440x1440:3440x1440:R8_TYPELESS	ResourceId::61073
6048	ps	miHoYo/Uber/Scene/Scene_Uber_PatternBaseSnow	354	4	ResourceId::64533:TempBuffer 138 3440x1440:3440x1440:R10G10B10A2_TYPELESS;ResourceId::64537:TempBuffer 139 3440x1440:3440x1440:R8G8B8A8_TYPELESS;ResourceId::64541:TempBuffer 140 3440x1440:3440x1440:R8G8B8A8_TYPELESS;ResourceId::64545:TempBuffer 141 3440x1440:3440x1440:R8_TYPELESS;ResourceId::64553:TempBuffer 143 3440x1440:3440x1440:R8_TYPELESS;ResourceId::64549:TempBuffer 142 3440x1440:3440x1440:R8_TYPELESS	ResourceId::61073
6057	ps	miHoYo/Uber/Scene/Scene_Uber_PatternBaseSnow	16836	1	ResourceId::64533:TempBuffer 138 3440x1440:3440x1440:R10G10B10A2_TYPELESS;ResourceId::64537:TempBuffer 139 3440x1440:3440x1440:R8G8B8A8_TYPELESS;ResourceId::64541:TempBuffer 140 3440x1440:3440x1440:R8G8B8A8_TYPELESS;ResourceId::64545:TempBuffer 141 3440x1440:3440x1440:R8_TYPELESS;ResourceId::64553:TempBuffer 143 3440x1440:3440x1440:R8_TYPELESS;ResourceId::64549:TempBuffer 142 3440x1440:3440x1440:R8_TYPELESS	ResourceId::61073
6063	ps	miHoYo/Uber/Scene/Scene_Uber_PatternBaseSnow	2076	3	ResourceId::64533:TempBuffer 138 3440x1440:3440x1440:R10G10B10A2_TYPELESS;ResourceId::64537:TempBuffer 139 3440x1440:3440x1440:R8G8B8A8_TYPELESS;ResourceId::64541:TempBuffer 140 3440x1440:3440x1440:R8G8B8A8_TYPELESS;ResourceId::64545:TempBuffer 141 3440x1440:3440x1440:R8_TYPELESS;ResourceId::64553:TempBuffer 143 3440x1440:3440x1440:R8_TYPELESS;ResourceId::64549:TempBuffer 142 3440x1440:3440x1440:R8_TYPELESS	ResourceId::61073
6069	ps	miHoYo/Uber/Scene/Scene_Uber_PatternBaseSnow	1680	4	ResourceId::64533:TempBuffer 138 3440x1440:3440x1440:R10G10B10A2_TYPELESS;ResourceId::64537:TempBuffer 139 3440x1440:3440x1440:R8G8B8A8_TYPELESS;ResourceId::64541:TempBuffer 140 3440x1440:3440x1440:R8G8B8A8_TYPELESS;ResourceId::64545:TempBuffer 141 3440x1440:3440x1440:R8_TYPELESS;ResourceId::64553:TempBuffer 143 3440x1440:3440x1440:R8_TYPELESS;ResourceId::64549:TempBuffer 142 3440x1440:3440x1440:R8_TYPELESS	ResourceId::61073
6078	ps	miHoYo/Uber/Scene/Scene_Uber_PatternBaseSnow	228	2	ResourceId::64533:TempBuffer 138 3440x1440:3440x1440:R10G10B10A2_TYPELESS;ResourceId::64537:TempBuffer 139 3440x1440:3440x1440:R8G8B8A8_TYPELESS;ResourceId::64541:TempBuffer 140 3440x1440:3440x1440:R8G8B8A8_TYPELESS;ResourceId::64545:TempBuffer 141 3440x1440:3440x1440:R8_TYPELESS;ResourceId::64553:TempBuffer 143 3440x1440:3440x1440:R8_TYPELESS;ResourceId::64549:TempBuffer 142 3440x1440:3440x1440:R8_TYPELESS	ResourceId::61073
6084	ps	miHoYo/Uber/Scene/Scene_Uber_PatternBaseSnow	264	4	ResourceId::64533:TempBuffer 138 3440x1440:3440x1440:R10G10B10A2_TYPELESS;ResourceId::64537:TempBuffer 139 3440x1440:3440x1440:R8G8B8A8_TYPELESS;ResourceId::64541:TempBuffer 140 3440x1440:3440x1440:R8G8B8A8_TYPELESS;ResourceId::64545:TempBuffer 141 3440x1440:3440x1440:R8_TYPELESS;ResourceId::64553:TempBuffer 143 3440x1440:3440x1440:R8_TYPELESS;ResourceId::64549:TempBuffer 142 3440x1440:3440x1440:R8_TYPELESS	ResourceId::61073
6093	ps	miHoYo/Uber/Scene/Scene_Uber_PatternBaseSnow	2100	2	ResourceId::64533:TempBuffer 138 3440x1440:3440x1440:R10G10B10A2_TYPELESS;ResourceId::64537:TempBuffer 139 3440x1440:3440x1440:R8G8B8A8_TYPELESS;ResourceId::64541:TempBuffer 140 3440x1440:3440x1440:R8G8B8A8_TYPELESS;ResourceId::64545:TempBuffer 141 3440x1440:3440x1440:R8_TYPELESS;ResourceId::64553:TempBuffer 143 3440x1440:3440x1440:R8_TYPELESS;ResourceId::64549:TempBuffer 142 3440x1440:3440x1440:R8_TYPELESS	ResourceId::61073
6102	ps	miHoYo/Uber/Scene/Scene_Uber_PatternBaseSnow	1188	1	ResourceId::64533:TempBuffer 138 3440x1440:3440x1440:R10G10B10A2_TYPELESS;ResourceId::64537:TempBuffer 139 3440x1440:3440x1440:R8G8B8A8_TYPELESS;ResourceId::64541:TempBuffer 140 3440x1440:3440x1440:R8G8B8A8_TYPELESS;ResourceId::64545:TempBuffer 141 3440x1440:3440x1440:R8_TYPELESS;ResourceId::64553:TempBuffer 143 3440x1440:3440x1440:R8_TYPELESS;ResourceId::64549:TempBuffer 142 3440x1440:3440x1440:R8_TYPELESS	ResourceId::61073
6138	ps	miHoYo/Uber/Scene/Scene_Uber_PatternBaseSnow	456	1	ResourceId::64533:TempBuffer 138 3440x1440:3440x1440:R10G10B10A2_TYPELESS;ResourceId::64537:TempBuffer 139 3440x1440:3440x1440:R8G8B8A8_TYPELESS;ResourceId::64541:TempBuffer 140 3440x1440:3440x1440:R8G8B8A8_TYPELESS;ResourceId::64545:TempBuffer 141 3440x1440:3440x1440:R8_TYPELESS;ResourceId::64553:TempBuffer 143 3440x1440:3440x1440:R8_TYPELESS;ResourceId::64549:TempBuffer 142 3440x1440:3440x1440:R8_TYPELESS	ResourceId::61073
6144	ps	miHoYo/Uber/Scene/Scene_Uber_PatternBaseSnow	1824	2	ResourceId::64533:TempBuffer 138 3440x1440:3440x1440:R10G10B10A2_TYPELESS;ResourceId::64537:TempBuffer 139 3440x1440:3440x1440:R8G8B8A8_TYPELESS;ResourceId::64541:TempBuffer 140 3440x1440:3440x1440:R8G8B8A8_TYPELESS;ResourceId::64545:TempBuffer 141 3440x1440:3440x1440:R8_TYPELESS;ResourceId::64553:TempBuffer 143 3440x1440:3440x1440:R8_TYPELESS;ResourceId::64549:TempBuffer 142 3440x1440:3440x1440:R8_TYPELESS	ResourceId::61073
6150	ps	miHoYo/Uber/Scene/Scene_Uber_PatternBaseSnow	306	1	ResourceId::64533:TempBuffer 138 3440x1440:3440x1440:R10G10B10A2_TYPELESS;ResourceId::64537:TempBuffer 139 3440x1440:3440x1440:R8G8B8A8_TYPELESS;ResourceId::64541:TempBuffer 140 3440x1440:3440x1440:R8G8B8A8_TYPELESS;ResourceId::64545:TempBuffer 141 3440x1440:3440x1440:R8_TYPELESS;ResourceId::64553:TempBuffer 143 3440x1440:3440x1440:R8_TYPELESS;ResourceId::64549:TempBuffer 142 3440x1440:3440x1440:R8_TYPELESS	ResourceId::61073
6156	ps	miHoYo/Uber/Scene/Scene_Uber_PatternBaseSnow	1290	2	ResourceId::64533:TempBuffer 138 3440x1440:3440x1440:R10G10B10A2_TYPELESS;ResourceId::64537:TempBuffer 139 3440x1440:3440x1440:R8G8B8A8_TYPELESS;ResourceId::64541:TempBuffer 140 3440x1440:3440x1440:R8G8B8A8_TYPELESS;ResourceId::64545:TempBuffer 141 3440x1440:3440x1440:R8_TYPELESS;ResourceId::64553:TempBuffer 143 3440x1440:3440x1440:R8_TYPELESS;ResourceId::64549:TempBuffer 142 3440x1440:3440x1440:R8_TYPELESS	ResourceId::61073
6162	ps	miHoYo/Uber/Scene/Scene_Uber_PatternBaseSnow	30	4	ResourceId::64533:TempBuffer 138 3440x1440:3440x1440:R10G10B10A2_TYPELESS;ResourceId::64537:TempBuffer 139 3440x1440:3440x1440:R8G8B8A8_TYPELESS;ResourceId::64541:TempBuffer 140 3440x1440:3440x1440:R8G8B8A8_TYPELESS;ResourceId::64545:TempBuffer 141 3440x1440:3440x1440:R8_TYPELESS;ResourceId::64553:TempBuffer 143 3440x1440:3440x1440:R8_TYPELESS;ResourceId::64549:TempBuffer 142 3440x1440:3440x1440:R8_TYPELESS	ResourceId::61073
6169	ps	miHoYo/Uber/Scene/Scene_Uber_PatternBaseSnow	1548	1	ResourceId::64533:TempBuffer 138 3440x1440:3440x1440:R10G10B10A2_TYPELESS;ResourceId::64537:TempBuffer 139 3440x1440:3440x1440:R8G8B8A8_TYPELESS;ResourceId::64541:TempBuffer 140 3440x1440:3440x1440:R8G8B8A8_TYPELESS;ResourceId::64545:TempBuffer 141 3440x1440:3440x1440:R8_TYPELESS;ResourceId::64553:TempBuffer 143 3440x1440:3440x1440:R8_TYPELESS;ResourceId::64549:TempBuffer 142 3440x1440:3440x1440:R8_TYPELESS	ResourceId::61073
6205	ps	miHoYo/Uber/Scene/Scene_Uber_PatternBaseSnow	4554	1	ResourceId::64533:TempBuffer 138 3440x1440:3440x1440:R10G10B10A2_TYPELESS;ResourceId::64537:TempBuffer 139 3440x1440:3440x1440:R8G8B8A8_TYPELESS;ResourceId::64541:TempBuffer 140 3440x1440:3440x1440:R8G8B8A8_TYPELESS;ResourceId::64545:TempBuffer 141 3440x1440:3440x1440:R8_TYPELESS;ResourceId::64553:TempBuffer 143 3440x1440:3440x1440:R8_TYPELESS;ResourceId::64549:TempBuffer 142 3440x1440:3440x1440:R8_TYPELESS	ResourceId::61073
6212	ps	miHoYo/Uber/Scene/Scene_Uber_PatternBaseSnow	1284	2	ResourceId::64533:TempBuffer 138 3440x1440:3440x1440:R10G10B10A2_TYPELESS;ResourceId::64537:TempBuffer 139 3440x1440:3440x1440:R8G8B8A8_TYPELESS;ResourceId::64541:TempBuffer 140 3440x1440:3440x1440:R8G8B8A8_TYPELESS;ResourceId::64545:TempBuffer 141 3440x1440:3440x1440:R8_TYPELESS;ResourceId::64553:TempBuffer 143 3440x1440:3440x1440:R8_TYPELESS;ResourceId::64549:TempBuffer 142 3440x1440:3440x1440:R8_TYPELESS	ResourceId::61073
6219	ps	miHoYo/Uber/Scene/Scene_Uber_PatternBaseSnow	1404	3	ResourceId::64533:TempBuffer 138 3440x1440:3440x1440:R10G10B10A2_TYPELESS;ResourceId::64537:TempBuffer 139 3440x1440:3440x1440:R8G8B8A8_TYPELESS;ResourceId::64541:TempBuffer 140 3440x1440:3440x1440:R8G8B8A8_TYPELESS;ResourceId::64545:TempBuffer 141 3440x1440:3440x1440:R8_TYPELESS;ResourceId::64553:TempBuffer 143 3440x1440:3440x1440:R8_TYPELESS;ResourceId::64549:TempBuffer 142 3440x1440:3440x1440:R8_TYPELESS	ResourceId::61073
6226	ps	miHoYo/Uber/Scene/Scene_Uber_PatternBaseSnow	768	1	ResourceId::64533:TempBuffer 138 3440x1440:3440x1440:R10G10B10A2_TYPELESS;ResourceId::64537:TempBuffer 139 3440x1440:3440x1440:R8G8B8A8_TYPELESS;ResourceId::64541:TempBuffer 140 3440x1440:3440x1440:R8G8B8A8_TYPELESS;ResourceId::64545:TempBuffer 141 3440x1440:3440x1440:R8_TYPELESS;ResourceId::64553:TempBuffer 143 3440x1440:3440x1440:R8_TYPELESS;ResourceId::64549:TempBuffer 142 3440x1440:3440x1440:R8_TYPELESS	ResourceId::61073
6233	ps	miHoYo/Uber/Scene/Scene_Uber_PatternBaseSnow	768	8	ResourceId::64533:TempBuffer 138 3440x1440:3440x1440:R10G10B10A2_TYPELESS;ResourceId::64537:TempBuffer 139 3440x1440:3440x1440:R8G8B8A8_TYPELESS;ResourceId::64541:TempBuffer 140 3440x1440:3440x1440:R8G8B8A8_TYPELESS;ResourceId::64545:TempBuffer 141 3440x1440:3440x1440:R8_TYPELESS;ResourceId::64553:TempBuffer 143 3440x1440:3440x1440:R8_TYPELESS;ResourceId::64549:TempBuffer 142 3440x1440:3440x1440:R8_TYPELESS	ResourceId::61073
6267	ps	miHoYo/Uber/Scene/Scene_Uber_PatternBaseSnow	612	1	ResourceId::64533:TempBuffer 138 3440x1440:3440x1440:R10G10B10A2_TYPELESS;ResourceId::64537:TempBuffer 139 3440x1440:3440x1440:R8G8B8A8_TYPELESS;ResourceId::64541:TempBuffer 140 3440x1440:3440x1440:R8G8B8A8_TYPELESS;ResourceId::64545:TempBuffer 141 3440x1440:3440x1440:R8_TYPELESS;ResourceId::64553:TempBuffer 143 3440x1440:3440x1440:R8_TYPELESS;ResourceId::64549:TempBuffer 142 3440x1440:3440x1440:R8_TYPELESS	ResourceId::61073
6276	ps	miHoYo/Uber/Scene/Scene_Uber_PatternBaseSnow	105	2	ResourceId::64533:TempBuffer 138 3440x1440:3440x1440:R10G10B10A2_TYPELESS;ResourceId::64537:TempBuffer 139 3440x1440:3440x1440:R8G8B8A8_TYPELESS;ResourceId::64541:TempBuffer 140 3440x1440:3440x1440:R8G8B8A8_TYPELESS;ResourceId::64545:TempBuffer 141 3440x1440:3440x1440:R8_TYPELESS;ResourceId::64553:TempBuffer 143 3440x1440:3440x1440:R8_TYPELESS;ResourceId::64549:TempBuffer 142 3440x1440:3440x1440:R8_TYPELESS	ResourceId::61073
6282	ps	miHoYo/Uber/Scene/Scene_Uber_PatternBaseSnow	114	1	ResourceId::64533:TempBuffer 138 3440x1440:3440x1440:R10G10B10A2_TYPELESS;ResourceId::64537:TempBuffer 139 3440x1440:3440x1440:R8G8B8A8_TYPELESS;ResourceId::64541:TempBuffer 140 3440x1440:3440x1440:R8G8B8A8_TYPELESS;ResourceId::64545:TempBuffer 141 3440x1440:3440x1440:R8_TYPELESS;ResourceId::64553:TempBuffer 143 3440x1440:3440x1440:R8_TYPELESS;ResourceId::64549:TempBuffer 142 3440x1440:3440x1440:R8_TYPELESS	ResourceId::61073
6288	ps	miHoYo/Uber/Scene/Scene_Uber_PatternBaseSnow	162	1	ResourceId::64533:TempBuffer 138 3440x1440:3440x1440:R10G10B10A2_TYPELESS;ResourceId::64537:TempBuffer 139 3440x1440:3440x1440:R8G8B8A8_TYPELESS;ResourceId::64541:TempBuffer 140 3440x1440:3440x1440:R8G8B8A8_TYPELESS;ResourceId::64545:TempBuffer 141 3440x1440:3440x1440:R8_TYPELESS;ResourceId::64553:TempBuffer 143 3440x1440:3440x1440:R8_TYPELESS;ResourceId::64549:TempBuffer 142 3440x1440:3440x1440:R8_TYPELESS	ResourceId::61073
6294	ps	miHoYo/Uber/Scene/Scene_Uber_PatternBaseSnow	105	2	ResourceId::64533:TempBuffer 138 3440x1440:3440x1440:R10G10B10A2_TYPELESS;ResourceId::64537:TempBuffer 139 3440x1440:3440x1440:R8G8B8A8_TYPELESS;ResourceId::64541:TempBuffer 140 3440x1440:3440x1440:R8G8B8A8_TYPELESS;ResourceId::64545:TempBuffer 141 3440x1440:3440x1440:R8_TYPELESS;ResourceId::64553:TempBuffer 143 3440x1440:3440x1440:R8_TYPELESS;ResourceId::64549:TempBuffer 142 3440x1440:3440x1440:R8_TYPELESS	ResourceId::61073
6300	ps	miHoYo/Uber/Scene/Scene_Uber_PatternBaseSnow	2400	3	ResourceId::64533:TempBuffer 138 3440x1440:3440x1440:R10G10B10A2_TYPELESS;ResourceId::64537:TempBuffer 139 3440x1440:3440x1440:R8G8B8A8_TYPELESS;ResourceId::64541:TempBuffer 140 3440x1440:3440x1440:R8G8B8A8_TYPELESS;ResourceId::64545:TempBuffer 141 3440x1440:3440x1440:R8_TYPELESS;ResourceId::64553:TempBuffer 143 3440x1440:3440x1440:R8_TYPELESS;ResourceId::64549:TempBuffer 142 3440x1440:3440x1440:R8_TYPELESS	ResourceId::61073
6306	ps	miHoYo/Uber/Scene/Scene_Uber_PatternBaseSnow	282	1	ResourceId::64533:TempBuffer 138 3440x1440:3440x1440:R10G10B10A2_TYPELESS;ResourceId::64537:TempBuffer 139 3440x1440:3440x1440:R8G8B8A8_TYPELESS;ResourceId::64541:TempBuffer 140 3440x1440:3440x1440:R8G8B8A8_TYPELESS;ResourceId::64545:TempBuffer 141 3440x1440:3440x1440:R8_TYPELESS;ResourceId::64553:TempBuffer 143 3440x1440:3440x1440:R8_TYPELESS;ResourceId::64549:TempBuffer 142 3440x1440:3440x1440:R8_TYPELESS	ResourceId::61073
6312	ps	miHoYo/Uber/Scene/Scene_Uber_PatternBaseSnow	108	1	ResourceId::64533:TempBuffer 138 3440x1440:3440x1440:R10G10B10A2_TYPELESS;ResourceId::64537:TempBuffer 139 3440x1440:3440x1440:R8G8B8A8_TYPELESS;ResourceId::64541:TempBuffer 140 3440x1440:3440x1440:R8G8B8A8_TYPELESS;ResourceId::64545:TempBuffer 141 3440x1440:3440x1440:R8_TYPELESS;ResourceId::64553:TempBuffer 143 3440x1440:3440x1440:R8_TYPELESS;ResourceId::64549:TempBuffer 142 3440x1440:3440x1440:R8_TYPELESS	ResourceId::61073
6320	ps	miHoYo/Uber/Scene/Scene_Uber_PatternBaseSnow	1104	2	ResourceId::64533:TempBuffer 138 3440x1440:3440x1440:R10G10B10A2_TYPELESS;ResourceId::64537:TempBuffer 139 3440x1440:3440x1440:R8G8B8A8_TYPELESS;ResourceId::64541:TempBuffer 140 3440x1440:3440x1440:R8G8B8A8_TYPELESS;ResourceId::64545:TempBuffer 141 3440x1440:3440x1440:R8_TYPELESS;ResourceId::64553:TempBuffer 143 3440x1440:3440x1440:R8_TYPELESS;ResourceId::64549:TempBuffer 142 3440x1440:3440x1440:R8_TYPELESS	ResourceId::61073
6326	ps	miHoYo/Uber/Scene/Scene_Uber_PatternBaseSnow	84	1	ResourceId::64533:TempBuffer 138 3440x1440:3440x1440:R10G10B10A2_TYPELESS;ResourceId::64537:TempBuffer 139 3440x1440:3440x1440:R8G8B8A8_TYPELESS;ResourceId::64541:TempBuffer 140 3440x1440:3440x1440:R8G8B8A8_TYPELESS;ResourceId::64545:TempBuffer 141 3440x1440:3440x1440:R8_TYPELESS;ResourceId::64553:TempBuffer 143 3440x1440:3440x1440:R8_TYPELESS;ResourceId::64549:TempBuffer 142 3440x1440:3440x1440:R8_TYPELESS	ResourceId::61073
6334	ps	miHoYo/Uber/Scene/Scene_Uber_PatternBaseSnow	1014	1	ResourceId::64533:TempBuffer 138 3440x1440:3440x1440:R10G10B10A2_TYPELESS;ResourceId::64537:TempBuffer 139 3440x1440:3440x1440:R8G8B8A8_TYPELESS;ResourceId::64541:TempBuffer 140 3440x1440:3440x1440:R8G8B8A8_TYPELESS;ResourceId::64545:TempBuffer 141 3440x1440:3440x1440:R8_TYPELESS;ResourceId::64553:TempBuffer 143 3440x1440:3440x1440:R8_TYPELESS;ResourceId::64549:TempBuffer 142 3440x1440:3440x1440:R8_TYPELESS	ResourceId::61073
6342	ps	miHoYo/Uber/Scene/Scene_Uber_PatternBaseSnow	879	4	ResourceId::64533:TempBuffer 138 3440x1440:3440x1440:R10G10B10A2_TYPELESS;ResourceId::64537:TempBuffer 139 3440x1440:3440x1440:R8G8B8A8_TYPELESS;ResourceId::64541:TempBuffer 140 3440x1440:3440x1440:R8G8B8A8_TYPELESS;ResourceId::64545:TempBuffer 141 3440x1440:3440x1440:R8_TYPELESS;ResourceId::64553:TempBuffer 143 3440x1440:3440x1440:R8_TYPELESS;ResourceId::64549:TempBuffer 142 3440x1440:3440x1440:R8_TYPELESS	ResourceId::61073
6350	ps	miHoYo/Uber/Scene/Scene_Uber_PatternBaseSnow	66	1	ResourceId::64533:TempBuffer 138 3440x1440:3440x1440:R10G10B10A2_TYPELESS;ResourceId::64537:TempBuffer 139 3440x1440:3440x1440:R8G8B8A8_TYPELESS;ResourceId::64541:TempBuffer 140 3440x1440:3440x1440:R8G8B8A8_TYPELESS;ResourceId::64545:TempBuffer 141 3440x1440:3440x1440:R8_TYPELESS;ResourceId::64553:TempBuffer 143 3440x1440:3440x1440:R8_TYPELESS;ResourceId::64549:TempBuffer 142 3440x1440:3440x1440:R8_TYPELESS	ResourceId::61073
6359	ps	miHoYo/Uber/Scene/Scene_Uber_PatternBaseSnow	186	1	ResourceId::64533:TempBuffer 138 3440x1440:3440x1440:R10G10B10A2_TYPELESS;ResourceId::64537:TempBuffer 139 3440x1440:3440x1440:R8G8B8A8_TYPELESS;ResourceId::64541:TempBuffer 140 3440x1440:3440x1440:R8G8B8A8_TYPELESS;ResourceId::64545:TempBuffer 141 3440x1440:3440x1440:R8_TYPELESS;ResourceId::64553:TempBuffer 143 3440x1440:3440x1440:R8_TYPELESS;ResourceId::64549:TempBuffer 142 3440x1440:3440x1440:R8_TYPELESS	ResourceId::61073
6366	ps	miHoYo/Uber/Scene/Scene_Uber_PatternBaseSnow	216	4	ResourceId::64533:TempBuffer 138 3440x1440:3440x1440:R10G10B10A2_TYPELESS;ResourceId::64537:TempBuffer 139 3440x1440:3440x1440:R8G8B8A8_TYPELESS;ResourceId::64541:TempBuffer 140 3440x1440:3440x1440:R8G8B8A8_TYPELESS;ResourceId::64545:TempBuffer 141 3440x1440:3440x1440:R8_TYPELESS;ResourceId::64553:TempBuffer 143 3440x1440:3440x1440:R8_TYPELESS;ResourceId::64549:TempBuffer 142 3440x1440:3440x1440:R8_TYPELESS	ResourceId::61073
6374	ps	miHoYo/Uber/Scene/Scene_Uber_PatternBaseSnow	942	1	ResourceId::64533:TempBuffer 138 3440x1440:3440x1440:R10G10B10A2_TYPELESS;ResourceId::64537:TempBuffer 139 3440x1440:3440x1440:R8G8B8A8_TYPELESS;ResourceId::64541:TempBuffer 140 3440x1440:3440x1440:R8G8B8A8_TYPELESS;ResourceId::64545:TempBuffer 141 3440x1440:3440x1440:R8_TYPELESS;ResourceId::64553:TempBuffer 143 3440x1440:3440x1440:R8_TYPELESS;ResourceId::64549:TempBuffer 142 3440x1440:3440x1440:R8_TYPELESS	ResourceId::61073
6382	ps	miHoYo/Uber/Scene/Scene_Uber_PatternBaseSnow	444	1	ResourceId::64533:TempBuffer 138 3440x1440:3440x1440:R10G10B10A2_TYPELESS;ResourceId::64537:TempBuffer 139 3440x1440:3440x1440:R8G8B8A8_TYPELESS;ResourceId::64541:TempBuffer 140 3440x1440:3440x1440:R8G8B8A8_TYPELESS;ResourceId::64545:TempBuffer 141 3440x1440:3440x1440:R8_TYPELESS;ResourceId::64553:TempBuffer 143 3440x1440:3440x1440:R8_TYPELESS;ResourceId::64549:TempBuffer 142 3440x1440:3440x1440:R8_TYPELESS	ResourceId::61073
6388	ps	miHoYo/Uber/Scene/Scene_Uber_PatternBaseSnow	990	1	ResourceId::64533:TempBuffer 138 3440x1440:3440x1440:R10G10B10A2_TYPELESS;ResourceId::64537:TempBuffer 139 3440x1440:3440x1440:R8G8B8A8_TYPELESS;ResourceId::64541:TempBuffer 140 3440x1440:3440x1440:R8G8B8A8_TYPELESS;ResourceId::64545:TempBuffer 141 3440x1440:3440x1440:R8_TYPELESS;ResourceId::64553:TempBuffer 143 3440x1440:3440x1440:R8_TYPELESS;ResourceId::64549:TempBuffer 142 3440x1440:3440x1440:R8_TYPELESS	ResourceId::61073
6394	ps	miHoYo/Uber/Scene/Scene_Uber_PatternBaseSnow	108	3	ResourceId::64533:TempBuffer 138 3440x1440:3440x1440:R10G10B10A2_TYPELESS;ResourceId::64537:TempBuffer 139 3440x1440:3440x1440:R8G8B8A8_TYPELESS;ResourceId::64541:TempBuffer 140 3440x1440:3440x1440:R8G8B8A8_TYPELESS;ResourceId::64545:TempBuffer 141 3440x1440:3440x1440:R8_TYPELESS;ResourceId::64553:TempBuffer 143 3440x1440:3440x1440:R8_TYPELESS;ResourceId::64549:TempBuffer 142 3440x1440:3440x1440:R8_TYPELESS	ResourceId::61073
6400	ps	miHoYo/Uber/Scene/Scene_Uber_PatternBaseSnow	108	3	ResourceId::64533:TempBuffer 138 3440x1440:3440x1440:R10G10B10A2_TYPELESS;ResourceId::64537:TempBuffer 139 3440x1440:3440x1440:R8G8B8A8_TYPELESS;ResourceId::64541:TempBuffer 140 3440x1440:3440x1440:R8G8B8A8_TYPELESS;ResourceId::64545:TempBuffer 141 3440x1440:3440x1440:R8_TYPELESS;ResourceId::64553:TempBuffer 143 3440x1440:3440x1440:R8_TYPELESS;ResourceId::64549:TempBuffer 142 3440x1440:3440x1440:R8_TYPELESS	ResourceId::61073
6406	ps	miHoYo/Uber/Scene/Scene_Uber_PatternBaseSnow	192	1	ResourceId::64533:TempBuffer 138 3440x1440:3440x1440:R10G10B10A2_TYPELESS;ResourceId::64537:TempBuffer 139 3440x1440:3440x1440:R8G8B8A8_TYPELESS;ResourceId::64541:TempBuffer 140 3440x1440:3440x1440:R8G8B8A8_TYPELESS;ResourceId::64545:TempBuffer 141 3440x1440:3440x1440:R8_TYPELESS;ResourceId::64553:TempBuffer 143 3440x1440:3440x1440:R8_TYPELESS;ResourceId::64549:TempBuffer 142 3440x1440:3440x1440:R8_TYPELESS	ResourceId::61073
6412	ps	miHoYo/Uber/Scene/Scene_Uber_PatternBaseSnow	252	9	ResourceId::64533:TempBuffer 138 3440x1440:3440x1440:R10G10B10A2_TYPELESS;ResourceId::64537:TempBuffer 139 3440x1440:3440x1440:R8G8B8A8_TYPELESS;ResourceId::64541:TempBuffer 140 3440x1440:3440x1440:R8G8B8A8_TYPELESS;ResourceId::64545:TempBuffer 141 3440x1440:3440x1440:R8_TYPELESS;ResourceId::64553:TempBuffer 143 3440x1440:3440x1440:R8_TYPELESS;ResourceId::64549:TempBuffer 142 3440x1440:3440x1440:R8_TYPELESS	ResourceId::61073
6445	ps	miHoYo/Uber/Scene/Scene_Uber_PatternBaseSnow	7212	2	ResourceId::64533:TempBuffer 138 3440x1440:3440x1440:R10G10B10A2_TYPELESS;ResourceId::64537:TempBuffer 139 3440x1440:3440x1440:R8G8B8A8_TYPELESS;ResourceId::64541:TempBuffer 140 3440x1440:3440x1440:R8G8B8A8_TYPELESS;ResourceId::64545:TempBuffer 141 3440x1440:3440x1440:R8_TYPELESS;ResourceId::64553:TempBuffer 143 3440x1440:3440x1440:R8_TYPELESS;ResourceId::64549:TempBuffer 142 3440x1440:3440x1440:R8_TYPELESS	ResourceId::61073
6453	ps	miHoYo/Uber/Scene/Scene_Uber_PatternBaseSnow	17304	1	ResourceId::64533:TempBuffer 138 3440x1440:3440x1440:R10G10B10A2_TYPELESS;ResourceId::64537:TempBuffer 139 3440x1440:3440x1440:R8G8B8A8_TYPELESS;ResourceId::64541:TempBuffer 140 3440x1440:3440x1440:R8G8B8A8_TYPELESS;ResourceId::64545:TempBuffer 141 3440x1440:3440x1440:R8_TYPELESS;ResourceId::64553:TempBuffer 143 3440x1440:3440x1440:R8_TYPELESS;ResourceId::64549:TempBuffer 142 3440x1440:3440x1440:R8_TYPELESS	ResourceId::61073
6461	ps	miHoYo/Uber/Scene/Scene_Uber_PatternBaseSnow	4872	1	ResourceId::64533:TempBuffer 138 3440x1440:3440x1440:R10G10B10A2_TYPELESS;ResourceId::64537:TempBuffer 139 3440x1440:3440x1440:R8G8B8A8_TYPELESS;ResourceId::64541:TempBuffer 140 3440x1440:3440x1440:R8G8B8A8_TYPELESS;ResourceId::64545:TempBuffer 141 3440x1440:3440x1440:R8_TYPELESS;ResourceId::64553:TempBuffer 143 3440x1440:3440x1440:R8_TYPELESS;ResourceId::64549:TempBuffer 142 3440x1440:3440x1440:R8_TYPELESS	ResourceId::61073
6467	ps	miHoYo/Uber/Scene/Scene_Uber_PatternBaseSnow	12378	1	ResourceId::64533:TempBuffer 138 3440x1440:3440x1440:R10G10B10A2_TYPELESS;ResourceId::64537:TempBuffer 139 3440x1440:3440x1440:R8G8B8A8_TYPELESS;ResourceId::64541:TempBuffer 140 3440x1440:3440x1440:R8G8B8A8_TYPELESS;ResourceId::64545:TempBuffer 141 3440x1440:3440x1440:R8_TYPELESS;ResourceId::64553:TempBuffer 143 3440x1440:3440x1440:R8_TYPELESS;ResourceId::64549:TempBuffer 142 3440x1440:3440x1440:R8_TYPELESS	ResourceId::61073
6500	ps	miHoYo/Uber/Scene/Scene_Uber_PatternBaseSnow	1488	1	ResourceId::64533:TempBuffer 138 3440x1440:3440x1440:R10G10B10A2_TYPELESS;ResourceId::64537:TempBuffer 139 3440x1440:3440x1440:R8G8B8A8_TYPELESS;ResourceId::64541:TempBuffer 140 3440x1440:3440x1440:R8G8B8A8_TYPELESS;ResourceId::64545:TempBuffer 141 3440x1440:3440x1440:R8_TYPELESS;ResourceId::64553:TempBuffer 143 3440x1440:3440x1440:R8_TYPELESS;ResourceId::64549:TempBuffer 142 3440x1440:3440x1440:R8_TYPELESS	ResourceId::61073
6506	ps	miHoYo/Uber/Scene/Scene_Uber_PatternBaseSnow	6144	1	ResourceId::64533:TempBuffer 138 3440x1440:3440x1440:R10G10B10A2_TYPELESS;ResourceId::64537:TempBuffer 139 3440x1440:3440x1440:R8G8B8A8_TYPELESS;ResourceId::64541:TempBuffer 140 3440x1440:3440x1440:R8G8B8A8_TYPELESS;ResourceId::64545:TempBuffer 141 3440x1440:3440x1440:R8_TYPELESS;ResourceId::64553:TempBuffer 143 3440x1440:3440x1440:R8_TYPELESS;ResourceId::64549:TempBuffer 142 3440x1440:3440x1440:R8_TYPELESS	ResourceId::61073
6512	ps	miHoYo/Uber/Scene/Scene_Uber_PatternBaseSnow	6582	1	ResourceId::64533:TempBuffer 138 3440x1440:3440x1440:R10G10B10A2_TYPELESS;ResourceId::64537:TempBuffer 139 3440x1440:3440x1440:R8G8B8A8_TYPELESS;ResourceId::64541:TempBuffer 140 3440x1440:3440x1440:R8G8B8A8_TYPELESS;ResourceId::64545:TempBuffer 141 3440x1440:3440x1440:R8_TYPELESS;ResourceId::64553:TempBuffer 143 3440x1440:3440x1440:R8_TYPELESS;ResourceId::64549:TempBuffer 142 3440x1440:3440x1440:R8_TYPELESS	ResourceId::61073
6520	ps	miHoYo/Uber/Scene/Scene_Uber_PatternBaseSnow	1248	1	ResourceId::64533:TempBuffer 138 3440x1440:3440x1440:R10G10B10A2_TYPELESS;ResourceId::64537:TempBuffer 139 3440x1440:3440x1440:R8G8B8A8_TYPELESS;ResourceId::64541:TempBuffer 140 3440x1440:3440x1440:R8G8B8A8_TYPELESS;ResourceId::64545:TempBuffer 141 3440x1440:3440x1440:R8_TYPELESS;ResourceId::64553:TempBuffer 143 3440x1440:3440x1440:R8_TYPELESS;ResourceId::64549:TempBuffer 142 3440x1440:3440x1440:R8_TYPELESS	ResourceId::61073
6528	ps	miHoYo/Uber/Scene/Scene_Uber_PatternBaseSnow	5301	4	ResourceId::64533:TempBuffer 138 3440x1440:3440x1440:R10G10B10A2_TYPELESS;ResourceId::64537:TempBuffer 139 3440x1440:3440x1440:R8G8B8A8_TYPELESS;ResourceId::64541:TempBuffer 140 3440x1440:3440x1440:R8G8B8A8_TYPELESS;ResourceId::64545:TempBuffer 141 3440x1440:3440x1440:R8_TYPELESS;ResourceId::64553:TempBuffer 143 3440x1440:3440x1440:R8_TYPELESS;ResourceId::64549:TempBuffer 142 3440x1440:3440x1440:R8_TYPELESS	ResourceId::61073
6536	ps	miHoYo/Uber/Scene/Scene_Uber_PatternBaseSnow	1248	3	ResourceId::64533:TempBuffer 138 3440x1440:3440x1440:R10G10B10A2_TYPELESS;ResourceId::64537:TempBuffer 139 3440x1440:3440x1440:R8G8B8A8_TYPELESS;ResourceId::64541:TempBuffer 140 3440x1440:3440x1440:R8G8B8A8_TYPELESS;ResourceId::64545:TempBuffer 141 3440x1440:3440x1440:R8_TYPELESS;ResourceId::64553:TempBuffer 143 3440x1440:3440x1440:R8_TYPELESS;ResourceId::64549:TempBuffer 142 3440x1440:3440x1440:R8_TYPELESS	ResourceId::61073
6542	ps	miHoYo/Uber/Scene/Scene_Uber_PatternBaseSnow	3534	2	ResourceId::64533:TempBuffer 138 3440x1440:3440x1440:R10G10B10A2_TYPELESS;ResourceId::64537:TempBuffer 139 3440x1440:3440x1440:R8G8B8A8_TYPELESS;ResourceId::64541:TempBuffer 140 3440x1440:3440x1440:R8G8B8A8_TYPELESS;ResourceId::64545:TempBuffer 141 3440x1440:3440x1440:R8_TYPELESS;ResourceId::64553:TempBuffer 143 3440x1440:3440x1440:R8_TYPELESS;ResourceId::64549:TempBuffer 142 3440x1440:3440x1440:R8_TYPELESS	ResourceId::61073
6577	ps	miHoYo/Uber/Scene/Scene_Uber_PatternBaseSnow	13224	1	ResourceId::64533:TempBuffer 138 3440x1440:3440x1440:R10G10B10A2_TYPELESS;ResourceId::64537:TempBuffer 139 3440x1440:3440x1440:R8G8B8A8_TYPELESS;ResourceId::64541:TempBuffer 140 3440x1440:3440x1440:R8G8B8A8_TYPELESS;ResourceId::64545:TempBuffer 141 3440x1440:3440x1440:R8_TYPELESS;ResourceId::64553:TempBuffer 143 3440x1440:3440x1440:R8_TYPELESS;ResourceId::64549:TempBuffer 142 3440x1440:3440x1440:R8_TYPELESS	ResourceId::61073
6584	ps	miHoYo/Uber/Scene/Scene_Uber_PatternBaseSnow	15426	1	ResourceId::64533:TempBuffer 138 3440x1440:3440x1440:R10G10B10A2_TYPELESS;ResourceId::64537:TempBuffer 139 3440x1440:3440x1440:R8G8B8A8_TYPELESS;ResourceId::64541:TempBuffer 140 3440x1440:3440x1440:R8G8B8A8_TYPELESS;ResourceId::64545:TempBuffer 141 3440x1440:3440x1440:R8_TYPELESS;ResourceId::64553:TempBuffer 143 3440x1440:3440x1440:R8_TYPELESS;ResourceId::64549:TempBuffer 142 3440x1440:3440x1440:R8_TYPELESS	ResourceId::61073
6591	ps	miHoYo/Uber/Scene/Scene_Uber_PatternBaseSnow	12936	1	ResourceId::64533:TempBuffer 138 3440x1440:3440x1440:R10G10B10A2_TYPELESS;ResourceId::64537:TempBuffer 139 3440x1440:3440x1440:R8G8B8A8_TYPELESS;ResourceId::64541:TempBuffer 140 3440x1440:3440x1440:R8G8B8A8_TYPELESS;ResourceId::64545:TempBuffer 141 3440x1440:3440x1440:R8_TYPELESS;ResourceId::64553:TempBuffer 143 3440x1440:3440x1440:R8_TYPELESS;ResourceId::64549:TempBuffer 142 3440x1440:3440x1440:R8_TYPELESS	ResourceId::61073
6597	ps	miHoYo/Uber/Scene/Scene_Uber_PatternBaseSnow	8004	1	ResourceId::64533:TempBuffer 138 3440x1440:3440x1440:R10G10B10A2_TYPELESS;ResourceId::64537:TempBuffer 139 3440x1440:3440x1440:R8G8B8A8_TYPELESS;ResourceId::64541:TempBuffer 140 3440x1440:3440x1440:R8G8B8A8_TYPELESS;ResourceId::64545:TempBuffer 141 3440x1440:3440x1440:R8_TYPELESS;ResourceId::64553:TempBuffer 143 3440x1440:3440x1440:R8_TYPELESS;ResourceId::64549:TempBuffer 142 3440x1440:3440x1440:R8_TYPELESS	ResourceId::61073
6603	ps	miHoYo/Uber/Scene/Scene_Uber_PatternBaseSnow	8004	1	ResourceId::64533:TempBuffer 138 3440x1440:3440x1440:R10G10B10A2_TYPELESS;ResourceId::64537:TempBuffer 139 3440x1440:3440x1440:R8G8B8A8_TYPELESS;ResourceId::64541:TempBuffer 140 3440x1440:3440x1440:R8G8B8A8_TYPELESS;ResourceId::64545:TempBuffer 141 3440x1440:3440x1440:R8_TYPELESS;ResourceId::64553:TempBuffer 143 3440x1440:3440x1440:R8_TYPELESS;ResourceId::64549:TempBuffer 142 3440x1440:3440x1440:R8_TYPELESS	ResourceId::61073
6611	ps	miHoYo/Uber/Scene/Scene_Uber_PatternBaseSnow	5523	1	ResourceId::64533:TempBuffer 138 3440x1440:3440x1440:R10G10B10A2_TYPELESS;ResourceId::64537:TempBuffer 139 3440x1440:3440x1440:R8G8B8A8_TYPELESS;ResourceId::64541:TempBuffer 140 3440x1440:3440x1440:R8G8B8A8_TYPELESS;ResourceId::64545:TempBuffer 141 3440x1440:3440x1440:R8_TYPELESS;ResourceId::64553:TempBuffer 143 3440x1440:3440x1440:R8_TYPELESS;ResourceId::64549:TempBuffer 142 3440x1440:3440x1440:R8_TYPELESS	ResourceId::61073
6617	ps	miHoYo/Uber/Scene/Scene_Uber_PatternBaseSnow	8475	1	ResourceId::64533:TempBuffer 138 3440x1440:3440x1440:R10G10B10A2_TYPELESS;ResourceId::64537:TempBuffer 139 3440x1440:3440x1440:R8G8B8A8_TYPELESS;ResourceId::64541:TempBuffer 140 3440x1440:3440x1440:R8G8B8A8_TYPELESS;ResourceId::64545:TempBuffer 141 3440x1440:3440x1440:R8_TYPELESS;ResourceId::64553:TempBuffer 143 3440x1440:3440x1440:R8_TYPELESS;ResourceId::64549:TempBuffer 142 3440x1440:3440x1440:R8_TYPELESS	ResourceId::61073
6623	ps	miHoYo/Uber/Scene/Scene_Uber_PatternBaseSnow	6315	1	ResourceId::64533:TempBuffer 138 3440x1440:3440x1440:R10G10B10A2_TYPELESS;ResourceId::64537:TempBuffer 139 3440x1440:3440x1440:R8G8B8A8_TYPELESS;ResourceId::64541:TempBuffer 140 3440x1440:3440x1440:R8G8B8A8_TYPELESS;ResourceId::64545:TempBuffer 141 3440x1440:3440x1440:R8_TYPELESS;ResourceId::64553:TempBuffer 143 3440x1440:3440x1440:R8_TYPELESS;ResourceId::64549:TempBuffer 142 3440x1440:3440x1440:R8_TYPELESS	ResourceId::61073
6629	ps	miHoYo/Uber/Scene/Scene_Uber_PatternBaseSnow	4185	1	ResourceId::64533:TempBuffer 138 3440x1440:3440x1440:R10G10B10A2_TYPELESS;ResourceId::64537:TempBuffer 139 3440x1440:3440x1440:R8G8B8A8_TYPELESS;ResourceId::64541:TempBuffer 140 3440x1440:3440x1440:R8G8B8A8_TYPELESS;ResourceId::64545:TempBuffer 141 3440x1440:3440x1440:R8_TYPELESS;ResourceId::64553:TempBuffer 143 3440x1440:3440x1440:R8_TYPELESS;ResourceId::64549:TempBuffer 142 3440x1440:3440x1440:R8_TYPELESS	ResourceId::61073
6635	ps	miHoYo/Uber/Scene/Scene_Uber_PatternBaseSnow	1362	1	ResourceId::64533:TempBuffer 138 3440x1440:3440x1440:R10G10B10A2_TYPELESS;ResourceId::64537:TempBuffer 139 3440x1440:3440x1440:R8G8B8A8_TYPELESS;ResourceId::64541:TempBuffer 140 3440x1440:3440x1440:R8G8B8A8_TYPELESS;ResourceId::64545:TempBuffer 141 3440x1440:3440x1440:R8_TYPELESS;ResourceId::64553:TempBuffer 143 3440x1440:3440x1440:R8_TYPELESS;ResourceId::64549:TempBuffer 142 3440x1440:3440x1440:R8_TYPELESS	ResourceId::61073
6641	ps	miHoYo/Uber/Scene/Scene_Uber_PatternBaseSnow	804	4	ResourceId::64533:TempBuffer 138 3440x1440:3440x1440:R10G10B10A2_TYPELESS;ResourceId::64537:TempBuffer 139 3440x1440:3440x1440:R8G8B8A8_TYPELESS;ResourceId::64541:TempBuffer 140 3440x1440:3440x1440:R8G8B8A8_TYPELESS;ResourceId::64545:TempBuffer 141 3440x1440:3440x1440:R8_TYPELESS;ResourceId::64553:TempBuffer 143 3440x1440:3440x1440:R8_TYPELESS;ResourceId::64549:TempBuffer 142 3440x1440:3440x1440:R8_TYPELESS	ResourceId::61073
6648	ps	miHoYo/Uber/Scene/Scene_Uber_PatternBaseSnow	6906	1	ResourceId::64533:TempBuffer 138 3440x1440:3440x1440:R10G10B10A2_TYPELESS;ResourceId::64537:TempBuffer 139 3440x1440:3440x1440:R8G8B8A8_TYPELESS;ResourceId::64541:TempBuffer 140 3440x1440:3440x1440:R8G8B8A8_TYPELESS;ResourceId::64545:TempBuffer 141 3440x1440:3440x1440:R8_TYPELESS;ResourceId::64553:TempBuffer 143 3440x1440:3440x1440:R8_TYPELESS;ResourceId::64549:TempBuffer 142 3440x1440:3440x1440:R8_TYPELESS	ResourceId::61073
6655	ps	miHoYo/Uber/Scene/Scene_Uber_PatternBaseSnow	14730	1	ResourceId::64533:TempBuffer 138 3440x1440:3440x1440:R10G10B10A2_TYPELESS;ResourceId::64537:TempBuffer 139 3440x1440:3440x1440:R8G8B8A8_TYPELESS;ResourceId::64541:TempBuffer 140 3440x1440:3440x1440:R8G8B8A8_TYPELESS;ResourceId::64545:TempBuffer 141 3440x1440:3440x1440:R8_TYPELESS;ResourceId::64553:TempBuffer 143 3440x1440:3440x1440:R8_TYPELESS;ResourceId::64549:TempBuffer 142 3440x1440:3440x1440:R8_TYPELESS	ResourceId::61073
6662	ps	miHoYo/Uber/Scene/Scene_Uber_PatternBaseSnow	12897	1	ResourceId::64533:TempBuffer 138 3440x1440:3440x1440:R10G10B10A2_TYPELESS;ResourceId::64537:TempBuffer 139 3440x1440:3440x1440:R8G8B8A8_TYPELESS;ResourceId::64541:TempBuffer 140 3440x1440:3440x1440:R8G8B8A8_TYPELESS;ResourceId::64545:TempBuffer 141 3440x1440:3440x1440:R8_TYPELESS;ResourceId::64553:TempBuffer 143 3440x1440:3440x1440:R8_TYPELESS;ResourceId::64549:TempBuffer 142 3440x1440:3440x1440:R8_TYPELESS	ResourceId::61073
6697	ps	miHoYo/Uber/Scene/Scene_Uber_PatternBaseSnow	672	2	ResourceId::64533:TempBuffer 138 3440x1440:3440x1440:R10G10B10A2_TYPELESS;ResourceId::64537:TempBuffer 139 3440x1440:3440x1440:R8G8B8A8_TYPELESS;ResourceId::64541:TempBuffer 140 3440x1440:3440x1440:R8G8B8A8_TYPELESS;ResourceId::64545:TempBuffer 141 3440x1440:3440x1440:R8_TYPELESS;ResourceId::64553:TempBuffer 143 3440x1440:3440x1440:R8_TYPELESS;ResourceId::64549:TempBuffer 142 3440x1440:3440x1440:R8_TYPELESS	ResourceId::61073
6705	ps	miHoYo/Uber/Scene/Scene_Uber_PatternBaseSnow	528	1	ResourceId::64533:TempBuffer 138 3440x1440:3440x1440:R10G10B10A2_TYPELESS;ResourceId::64537:TempBuffer 139 3440x1440:3440x1440:R8G8B8A8_TYPELESS;ResourceId::64541:TempBuffer 140 3440x1440:3440x1440:R8G8B8A8_TYPELESS;ResourceId::64545:TempBuffer 141 3440x1440:3440x1440:R8_TYPELESS;ResourceId::64553:TempBuffer 143 3440x1440:3440x1440:R8_TYPELESS;ResourceId::64549:TempBuffer 142 3440x1440:3440x1440:R8_TYPELESS	ResourceId::61073
6711	ps	miHoYo/Uber/Scene/Scene_Uber_PatternBaseSnow	1806	1	ResourceId::64533:TempBuffer 138 3440x1440:3440x1440:R10G10B10A2_TYPELESS;ResourceId::64537:TempBuffer 139 3440x1440:3440x1440:R8G8B8A8_TYPELESS;ResourceId::64541:TempBuffer 140 3440x1440:3440x1440:R8G8B8A8_TYPELESS;ResourceId::64545:TempBuffer 141 3440x1440:3440x1440:R8_TYPELESS;ResourceId::64553:TempBuffer 143 3440x1440:3440x1440:R8_TYPELESS;ResourceId::64549:TempBuffer 142 3440x1440:3440x1440:R8_TYPELESS	ResourceId::61073
6717	ps	miHoYo/Uber/Scene/Scene_Uber_PatternBaseSnow	366	1	ResourceId::64533:TempBuffer 138 3440x1440:3440x1440:R10G10B10A2_TYPELESS;ResourceId::64537:TempBuffer 139 3440x1440:3440x1440:R8G8B8A8_TYPELESS;ResourceId::64541:TempBuffer 140 3440x1440:3440x1440:R8G8B8A8_TYPELESS;ResourceId::64545:TempBuffer 141 3440x1440:3440x1440:R8_TYPELESS;ResourceId::64553:TempBuffer 143 3440x1440:3440x1440:R8_TYPELESS;ResourceId::64549:TempBuffer 142 3440x1440:3440x1440:R8_TYPELESS	ResourceId::61073
6725	ps	miHoYo/Uber/Scene/Scene_Uber_PatternBaseSnow	468	1	ResourceId::64533:TempBuffer 138 3440x1440:3440x1440:R10G10B10A2_TYPELESS;ResourceId::64537:TempBuffer 139 3440x1440:3440x1440:R8G8B8A8_TYPELESS;ResourceId::64541:TempBuffer 140 3440x1440:3440x1440:R8G8B8A8_TYPELESS;ResourceId::64545:TempBuffer 141 3440x1440:3440x1440:R8_TYPELESS;ResourceId::64553:TempBuffer 143 3440x1440:3440x1440:R8_TYPELESS;ResourceId::64549:TempBuffer 142 3440x1440:3440x1440:R8_TYPELESS	ResourceId::61073
6733	ps	miHoYo/Uber/Scene/Scene_Uber_PatternBaseSnow	924	4	ResourceId::64533:TempBuffer 138 3440x1440:3440x1440:R10G10B10A2_TYPELESS;ResourceId::64537:TempBuffer 139 3440x1440:3440x1440:R8G8B8A8_TYPELESS;ResourceId::64541:TempBuffer 140 3440x1440:3440x1440:R8G8B8A8_TYPELESS;ResourceId::64545:TempBuffer 141 3440x1440:3440x1440:R8_TYPELESS;ResourceId::64553:TempBuffer 143 3440x1440:3440x1440:R8_TYPELESS;ResourceId::64549:TempBuffer 142 3440x1440:3440x1440:R8_TYPELESS	ResourceId::61073
6741	ps	miHoYo/Uber/Scene/Scene_Uber_PatternBaseSnow	516	3	ResourceId::64533:TempBuffer 138 3440x1440:3440x1440:R10G10B10A2_TYPELESS;ResourceId::64537:TempBuffer 139 3440x1440:3440x1440:R8G8B8A8_TYPELESS;ResourceId::64541:TempBuffer 140 3440x1440:3440x1440:R8G8B8A8_TYPELESS;ResourceId::64545:TempBuffer 141 3440x1440:3440x1440:R8_TYPELESS;ResourceId::64553:TempBuffer 143 3440x1440:3440x1440:R8_TYPELESS;ResourceId::64549:TempBuffer 142 3440x1440:3440x1440:R8_TYPELESS	ResourceId::61073
6747	ps	miHoYo/Uber/Scene/Scene_Uber_PatternBaseSnow	2892	2	ResourceId::64533:TempBuffer 138 3440x1440:3440x1440:R10G10B10A2_TYPELESS;ResourceId::64537:TempBuffer 139 3440x1440:3440x1440:R8G8B8A8_TYPELESS;ResourceId::64541:TempBuffer 140 3440x1440:3440x1440:R8G8B8A8_TYPELESS;ResourceId::64545:TempBuffer 141 3440x1440:3440x1440:R8_TYPELESS;ResourceId::64553:TempBuffer 143 3440x1440:3440x1440:R8_TYPELESS;ResourceId::64549:TempBuffer 142 3440x1440:3440x1440:R8_TYPELESS	ResourceId::61073
6755	ps	miHoYo/Uber/Scene/Scene_Uber_PatternBaseSnow	1296	1	ResourceId::64533:TempBuffer 138 3440x1440:3440x1440:R10G10B10A2_TYPELESS;ResourceId::64537:TempBuffer 139 3440x1440:3440x1440:R8G8B8A8_TYPELESS;ResourceId::64541:TempBuffer 140 3440x1440:3440x1440:R8G8B8A8_TYPELESS;ResourceId::64545:TempBuffer 141 3440x1440:3440x1440:R8_TYPELESS;ResourceId::64553:TempBuffer 143 3440x1440:3440x1440:R8_TYPELESS;ResourceId::64549:TempBuffer 142 3440x1440:3440x1440:R8_TYPELESS	ResourceId::61073
6763	ps	miHoYo/Uber/Scene/Scene_Uber_PatternBaseSnow	372	1	ResourceId::64533:TempBuffer 138 3440x1440:3440x1440:R10G10B10A2_TYPELESS;ResourceId::64537:TempBuffer 139 3440x1440:3440x1440:R8G8B8A8_TYPELESS;ResourceId::64541:TempBuffer 140 3440x1440:3440x1440:R8G8B8A8_TYPELESS;ResourceId::64545:TempBuffer 141 3440x1440:3440x1440:R8_TYPELESS;ResourceId::64553:TempBuffer 143 3440x1440:3440x1440:R8_TYPELESS;ResourceId::64549:TempBuffer 142 3440x1440:3440x1440:R8_TYPELESS	ResourceId::61073
6769	ps	miHoYo/Uber/Scene/Scene_Uber_PatternBaseSnow	192	1	ResourceId::64533:TempBuffer 138 3440x1440:3440x1440:R10G10B10A2_TYPELESS;ResourceId::64537:TempBuffer 139 3440x1440:3440x1440:R8G8B8A8_TYPELESS;ResourceId::64541:TempBuffer 140 3440x1440:3440x1440:R8G8B8A8_TYPELESS;ResourceId::64545:TempBuffer 141 3440x1440:3440x1440:R8_TYPELESS;ResourceId::64553:TempBuffer 143 3440x1440:3440x1440:R8_TYPELESS;ResourceId::64549:TempBuffer 142 3440x1440:3440x1440:R8_TYPELESS	ResourceId::61073
6804	ps	miHoYo/Uber/Scene/Scene_Uber_PatternBaseSnow	252	1	ResourceId::64533:TempBuffer 138 3440x1440:3440x1440:R10G10B10A2_TYPELESS;ResourceId::64537:TempBuffer 139 3440x1440:3440x1440:R8G8B8A8_TYPELESS;ResourceId::64541:TempBuffer 140 3440x1440:3440x1440:R8G8B8A8_TYPELESS;ResourceId::64545:TempBuffer 141 3440x1440:3440x1440:R8_TYPELESS;ResourceId::64553:TempBuffer 143 3440x1440:3440x1440:R8_TYPELESS;ResourceId::64549:TempBuffer 142 3440x1440:3440x1440:R8_TYPELESS	ResourceId::61073
6838	ps	miHoYo/Uber/Scene/Scene_Uber_PatternBaseSnow	1104	1	ResourceId::64533:TempBuffer 138 3440x1440:3440x1440:R10G10B10A2_TYPELESS;ResourceId::64537:TempBuffer 139 3440x1440:3440x1440:R8G8B8A8_TYPELESS;ResourceId::64541:TempBuffer 140 3440x1440:3440x1440:R8G8B8A8_TYPELESS;ResourceId::64545:TempBuffer 141 3440x1440:3440x1440:R8_TYPELESS;ResourceId::64553:TempBuffer 143 3440x1440:3440x1440:R8_TYPELESS;ResourceId::64549:TempBuffer 142 3440x1440:3440x1440:R8_TYPELESS	ResourceId::61073
6844	ps	miHoYo/Uber/Scene/Scene_Uber_PatternBaseSnow	162	2	ResourceId::64533:TempBuffer 138 3440x1440:3440x1440:R10G10B10A2_TYPELESS;ResourceId::64537:TempBuffer 139 3440x1440:3440x1440:R8G8B8A8_TYPELESS;ResourceId::64541:TempBuffer 140 3440x1440:3440x1440:R8G8B8A8_TYPELESS;ResourceId::64545:TempBuffer 141 3440x1440:3440x1440:R8_TYPELESS;ResourceId::64553:TempBuffer 143 3440x1440:3440x1440:R8_TYPELESS;ResourceId::64549:TempBuffer 142 3440x1440:3440x1440:R8_TYPELESS	ResourceId::61073
6850	ps	miHoYo/Uber/Scene/Scene_Uber_PatternBaseSnow	2076	6	ResourceId::64533:TempBuffer 138 3440x1440:3440x1440:R10G10B10A2_TYPELESS;ResourceId::64537:TempBuffer 139 3440x1440:3440x1440:R8G8B8A8_TYPELESS;ResourceId::64541:TempBuffer 140 3440x1440:3440x1440:R8G8B8A8_TYPELESS;ResourceId::64545:TempBuffer 141 3440x1440:3440x1440:R8_TYPELESS;ResourceId::64553:TempBuffer 143 3440x1440:3440x1440:R8_TYPELESS;ResourceId::64549:TempBuffer 142 3440x1440:3440x1440:R8_TYPELESS	ResourceId::61073
6856	ps	miHoYo/Uber/Scene/Scene_Uber_PatternBaseSnow	330	5	ResourceId::64533:TempBuffer 138 3440x1440:3440x1440:R10G10B10A2_TYPELESS;ResourceId::64537:TempBuffer 139 3440x1440:3440x1440:R8G8B8A8_TYPELESS;ResourceId::64541:TempBuffer 140 3440x1440:3440x1440:R8G8B8A8_TYPELESS;ResourceId::64545:TempBuffer 141 3440x1440:3440x1440:R8_TYPELESS;ResourceId::64553:TempBuffer 143 3440x1440:3440x1440:R8_TYPELESS;ResourceId::64549:TempBuffer 142 3440x1440:3440x1440:R8_TYPELESS	ResourceId::61073
6862	ps	miHoYo/Uber/Scene/Scene_Uber_PatternBaseSnow	576	2	ResourceId::64533:TempBuffer 138 3440x1440:3440x1440:R10G10B10A2_TYPELESS;ResourceId::64537:TempBuffer 139 3440x1440:3440x1440:R8G8B8A8_TYPELESS;ResourceId::64541:TempBuffer 140 3440x1440:3440x1440:R8G8B8A8_TYPELESS;ResourceId::64545:TempBuffer 141 3440x1440:3440x1440:R8_TYPELESS;ResourceId::64553:TempBuffer 143 3440x1440:3440x1440:R8_TYPELESS;ResourceId::64549:TempBuffer 142 3440x1440:3440x1440:R8_TYPELESS	ResourceId::61073
6868	ps	miHoYo/Uber/Scene/Scene_Uber_PatternBaseSnow	1680	8	ResourceId::64533:TempBuffer 138 3440x1440:3440x1440:R10G10B10A2_TYPELESS;ResourceId::64537:TempBuffer 139 3440x1440:3440x1440:R8G8B8A8_TYPELESS;ResourceId::64541:TempBuffer 140 3440x1440:3440x1440:R8G8B8A8_TYPELESS;ResourceId::64545:TempBuffer 141 3440x1440:3440x1440:R8_TYPELESS;ResourceId::64553:TempBuffer 143 3440x1440:3440x1440:R8_TYPELESS;ResourceId::64549:TempBuffer 142 3440x1440:3440x1440:R8_TYPELESS	ResourceId::61073
6877	ps	miHoYo/Uber/Scene/Scene_Uber_PatternBaseSnow	54	1	ResourceId::64533:TempBuffer 138 3440x1440:3440x1440:R10G10B10A2_TYPELESS;ResourceId::64537:TempBuffer 139 3440x1440:3440x1440:R8G8B8A8_TYPELESS;ResourceId::64541:TempBuffer 140 3440x1440:3440x1440:R8G8B8A8_TYPELESS;ResourceId::64545:TempBuffer 141 3440x1440:3440x1440:R8_TYPELESS;ResourceId::64553:TempBuffer 143 3440x1440:3440x1440:R8_TYPELESS;ResourceId::64549:TempBuffer 142 3440x1440:3440x1440:R8_TYPELESS	ResourceId::61073
6883	ps	miHoYo/Uber/Scene/Scene_Uber_PatternBaseSnow	564	1	ResourceId::64533:TempBuffer 138 3440x1440:3440x1440:R10G10B10A2_TYPELESS;ResourceId::64537:TempBuffer 139 3440x1440:3440x1440:R8G8B8A8_TYPELESS;ResourceId::64541:TempBuffer 140 3440x1440:3440x1440:R8G8B8A8_TYPELESS;ResourceId::64545:TempBuffer 141 3440x1440:3440x1440:R8_TYPELESS;ResourceId::64553:TempBuffer 143 3440x1440:3440x1440:R8_TYPELESS;ResourceId::64549:TempBuffer 142 3440x1440:3440x1440:R8_TYPELESS	ResourceId::61073
6889	ps	miHoYo/Uber/Scene/Scene_Uber_PatternBaseSnow	264	8	ResourceId::64533:TempBuffer 138 3440x1440:3440x1440:R10G10B10A2_TYPELESS;ResourceId::64537:TempBuffer 139 3440x1440:3440x1440:R8G8B8A8_TYPELESS;ResourceId::64541:TempBuffer 140 3440x1440:3440x1440:R8G8B8A8_TYPELESS;ResourceId::64545:TempBuffer 141 3440x1440:3440x1440:R8_TYPELESS;ResourceId::64553:TempBuffer 143 3440x1440:3440x1440:R8_TYPELESS;ResourceId::64549:TempBuffer 142 3440x1440:3440x1440:R8_TYPELESS	ResourceId::61073
6898	ps	miHoYo/Uber/Scene/Scene_Uber_PatternBaseSnow	1596	1	ResourceId::64533:TempBuffer 138 3440x1440:3440x1440:R10G10B10A2_TYPELESS;ResourceId::64537:TempBuffer 139 3440x1440:3440x1440:R8G8B8A8_TYPELESS;ResourceId::64541:TempBuffer 140 3440x1440:3440x1440:R8G8B8A8_TYPELESS;ResourceId::64545:TempBuffer 141 3440x1440:3440x1440:R8_TYPELESS;ResourceId::64553:TempBuffer 143 3440x1440:3440x1440:R8_TYPELESS;ResourceId::64549:TempBuffer 142 3440x1440:3440x1440:R8_TYPELESS	ResourceId::61073
6904	ps	miHoYo/Uber/Scene/Scene_Uber_PatternBaseSnow	1596	1	ResourceId::64533:TempBuffer 138 3440x1440:3440x1440:R10G10B10A2_TYPELESS;ResourceId::64537:TempBuffer 139 3440x1440:3440x1440:R8G8B8A8_TYPELESS;ResourceId::64541:TempBuffer 140 3440x1440:3440x1440:R8G8B8A8_TYPELESS;ResourceId::64545:TempBuffer 141 3440x1440:3440x1440:R8_TYPELESS;ResourceId::64553:TempBuffer 143 3440x1440:3440x1440:R8_TYPELESS;ResourceId::64549:TempBuffer 142 3440x1440:3440x1440:R8_TYPELESS	ResourceId::61073
6910	ps	miHoYo/Uber/Scene/Scene_Uber_PatternBaseSnow	1596	1	ResourceId::64533:TempBuffer 138 3440x1440:3440x1440:R10G10B10A2_TYPELESS;ResourceId::64537:TempBuffer 139 3440x1440:3440x1440:R8G8B8A8_TYPELESS;ResourceId::64541:TempBuffer 140 3440x1440:3440x1440:R8G8B8A8_TYPELESS;ResourceId::64545:TempBuffer 141 3440x1440:3440x1440:R8_TYPELESS;ResourceId::64553:TempBuffer 143 3440x1440:3440x1440:R8_TYPELESS;ResourceId::64549:TempBuffer 142 3440x1440:3440x1440:R8_TYPELESS	ResourceId::61073
6946	ps	miHoYo/Uber/Scene/Scene_Uber_PatternBaseSnow	612	1	ResourceId::64533:TempBuffer 138 3440x1440:3440x1440:R10G10B10A2_TYPELESS;ResourceId::64537:TempBuffer 139 3440x1440:3440x1440:R8G8B8A8_TYPELESS;ResourceId::64541:TempBuffer 140 3440x1440:3440x1440:R8G8B8A8_TYPELESS;ResourceId::64545:TempBuffer 141 3440x1440:3440x1440:R8_TYPELESS;ResourceId::64553:TempBuffer 143 3440x1440:3440x1440:R8_TYPELESS;ResourceId::64549:TempBuffer 142 3440x1440:3440x1440:R8_TYPELESS	ResourceId::61073
6977	ps	miHoYo/Terrain/Terrain Mesh-LOD1	2664	0	ResourceId::64533:TempBuffer 138 3440x1440:3440x1440:R10G10B10A2_TYPELESS;ResourceId::64537:TempBuffer 139 3440x1440:3440x1440:R8G8B8A8_TYPELESS;ResourceId::64541:TempBuffer 140 3440x1440:3440x1440:R8G8B8A8_TYPELESS;ResourceId::64545:TempBuffer 141 3440x1440:3440x1440:R8_TYPELESS;ResourceId::64553:TempBuffer 143 3440x1440:3440x1440:R8_TYPELESS;ResourceId::64549:TempBuffer 142 3440x1440:3440x1440:R8_TYPELESS	ResourceId::61073
6984	ps	miHoYo/Terrain/Terrain Mesh-LOD1	5850	0	ResourceId::64533:TempBuffer 138 3440x1440:3440x1440:R10G10B10A2_TYPELESS;ResourceId::64537:TempBuffer 139 3440x1440:3440x1440:R8G8B8A8_TYPELESS;ResourceId::64541:TempBuffer 140 3440x1440:3440x1440:R8G8B8A8_TYPELESS;ResourceId::64545:TempBuffer 141 3440x1440:3440x1440:R8_TYPELESS;ResourceId::64553:TempBuffer 143 3440x1440:3440x1440:R8_TYPELESS;ResourceId::64549:TempBuffer 142 3440x1440:3440x1440:R8_TYPELESS	ResourceId::61073
7026	ps	miHoYo/Terrain/Terrain Mesh BlendPass	20820	0	ResourceId::64533:TempBuffer 138 3440x1440:3440x1440:R10G10B10A2_TYPELESS;ResourceId::64537:TempBuffer 139 3440x1440:3440x1440:R8G8B8A8_TYPELESS;ResourceId::64541:TempBuffer 140 3440x1440:3440x1440:R8G8B8A8_TYPELESS;ResourceId::64545:TempBuffer 141 3440x1440:3440x1440:R8_TYPELESS;ResourceId::64553:TempBuffer 143 3440x1440:3440x1440:R8_TYPELESS;ResourceId::64549:TempBuffer 142 3440x1440:3440x1440:R8_TYPELESS	ResourceId::61073
7047	ps	miHoYo/Terrain/Terrain Mesh-LOD1	3234	0	ResourceId::64533:TempBuffer 138 3440x1440:3440x1440:R10G10B10A2_TYPELESS;ResourceId::64537:TempBuffer 139 3440x1440:3440x1440:R8G8B8A8_TYPELESS;ResourceId::64541:TempBuffer 140 3440x1440:3440x1440:R8G8B8A8_TYPELESS;ResourceId::64545:TempBuffer 141 3440x1440:3440x1440:R8_TYPELESS;ResourceId::64553:TempBuffer 143 3440x1440:3440x1440:R8_TYPELESS;ResourceId::64549:TempBuffer 142 3440x1440:3440x1440:R8_TYPELESS	ResourceId::61073
7055	ps	miHoYo/Terrain/Terrain Mesh-LOD1	384	0	ResourceId::64533:TempBuffer 138 3440x1440:3440x1440:R10G10B10A2_TYPELESS;ResourceId::64537:TempBuffer 139 3440x1440:3440x1440:R8G8B8A8_TYPELESS;ResourceId::64541:TempBuffer 140 3440x1440:3440x1440:R8G8B8A8_TYPELESS;ResourceId::64545:TempBuffer 141 3440x1440:3440x1440:R8_TYPELESS;ResourceId::64553:TempBuffer 143 3440x1440:3440x1440:R8_TYPELESS;ResourceId::64549:TempBuffer 142 3440x1440:3440x1440:R8_TYPELESS	ResourceId::61073
7084	ps	miHoYo/Terrain/Terrain Mesh BlendPass	11388	0	ResourceId::64533:TempBuffer 138 3440x1440:3440x1440:R10G10B10A2_TYPELESS;ResourceId::64537:TempBuffer 139 3440x1440:3440x1440:R8G8B8A8_TYPELESS;ResourceId::64541:TempBuffer 140 3440x1440:3440x1440:R8G8B8A8_TYPELESS;ResourceId::64545:TempBuffer 141 3440x1440:3440x1440:R8_TYPELESS;ResourceId::64553:TempBuffer 143 3440x1440:3440x1440:R8_TYPELESS;ResourceId::64549:TempBuffer 142 3440x1440:3440x1440:R8_TYPELESS	ResourceId::61073
7105	ps	miHoYo/Terrain/Terrain Mesh-LOD1	6756	0	ResourceId::64533:TempBuffer 138 3440x1440:3440x1440:R10G10B10A2_TYPELESS;ResourceId::64537:TempBuffer 139 3440x1440:3440x1440:R8G8B8A8_TYPELESS;ResourceId::64541:TempBuffer 140 3440x1440:3440x1440:R8G8B8A8_TYPELESS;ResourceId::64545:TempBuffer 141 3440x1440:3440x1440:R8_TYPELESS;ResourceId::64553:TempBuffer 143 3440x1440:3440x1440:R8_TYPELESS;ResourceId::64549:TempBuffer 142 3440x1440:3440x1440:R8_TYPELESS	ResourceId::61073
7112	ps	miHoYo/Terrain/Terrain Mesh-LOD1	4188	0	ResourceId::64533:TempBuffer 138 3440x1440:3440x1440:R10G10B10A2_TYPELESS;ResourceId::64537:TempBuffer 139 3440x1440:3440x1440:R8G8B8A8_TYPELESS;ResourceId::64541:TempBuffer 140 3440x1440:3440x1440:R8G8B8A8_TYPELESS;ResourceId::64545:TempBuffer 141 3440x1440:3440x1440:R8_TYPELESS;ResourceId::64553:TempBuffer 143 3440x1440:3440x1440:R8_TYPELESS;ResourceId::64549:TempBuffer 142 3440x1440:3440x1440:R8_TYPELESS	ResourceId::61073
7119	ps	miHoYo/Terrain/Terrain Mesh-LOD1	10692	0	ResourceId::64533:TempBuffer 138 3440x1440:3440x1440:R10G10B10A2_TYPELESS;ResourceId::64537:TempBuffer 139 3440x1440:3440x1440:R8G8B8A8_TYPELESS;ResourceId::64541:TempBuffer 140 3440x1440:3440x1440:R8G8B8A8_TYPELESS;ResourceId::64545:TempBuffer 141 3440x1440:3440x1440:R8_TYPELESS;ResourceId::64553:TempBuffer 143 3440x1440:3440x1440:R8_TYPELESS;ResourceId::64549:TempBuffer 142 3440x1440:3440x1440:R8_TYPELESS	ResourceId::61073
7156	ps	miHoYo/Uber/Scene/Scene_Uber_BlendStone_LOD0	1776	0	ResourceId::64533:TempBuffer 138 3440x1440:3440x1440:R10G10B10A2_TYPELESS;ResourceId::64537:TempBuffer 139 3440x1440:3440x1440:R8G8B8A8_TYPELESS;ResourceId::64541:TempBuffer 140 3440x1440:3440x1440:R8G8B8A8_TYPELESS;ResourceId::64545:TempBuffer 141 3440x1440:3440x1440:R8_TYPELESS;ResourceId::64553:TempBuffer 143 3440x1440:3440x1440:R8_TYPELESS;ResourceId::64549:TempBuffer 142 3440x1440:3440x1440:R8_TYPELESS	ResourceId::61073
7173	ps	miHoYo/Uber/Scene/Scene_Uber_BlendStone_LOD0	4206	0	ResourceId::64533:TempBuffer 138 3440x1440:3440x1440:R10G10B10A2_TYPELESS;ResourceId::64537:TempBuffer 139 3440x1440:3440x1440:R8G8B8A8_TYPELESS;ResourceId::64541:TempBuffer 140 3440x1440:3440x1440:R8G8B8A8_TYPELESS;ResourceId::64545:TempBuffer 141 3440x1440:3440x1440:R8_TYPELESS;ResourceId::64553:TempBuffer 143 3440x1440:3440x1440:R8_TYPELESS;ResourceId::64549:TempBuffer 142 3440x1440:3440x1440:R8_TYPELESS	ResourceId::61073
7200	ps	miHoYo/Uber/Scene/Scene_Uber_BlendStone_LOD0	1746	4	ResourceId::64533:TempBuffer 138 3440x1440:3440x1440:R10G10B10A2_TYPELESS;ResourceId::64537:TempBuffer 139 3440x1440:3440x1440:R8G8B8A8_TYPELESS;ResourceId::64541:TempBuffer 140 3440x1440:3440x1440:R8G8B8A8_TYPELESS;ResourceId::64545:TempBuffer 141 3440x1440:3440x1440:R8_TYPELESS;ResourceId::64553:TempBuffer 143 3440x1440:3440x1440:R8_TYPELESS;ResourceId::64549:TempBuffer 142 3440x1440:3440x1440:R8_TYPELESS	ResourceId::61073
7246	ps	miHoYo/Uber/Scene/Scene_Uber_BlendStone_LOD0	5226	2	ResourceId::64533:TempBuffer 138 3440x1440:3440x1440:R10G10B10A2_TYPELESS;ResourceId::64537:TempBuffer 139 3440x1440:3440x1440:R8G8B8A8_TYPELESS;ResourceId::64541:TempBuffer 140 3440x1440:3440x1440:R8G8B8A8_TYPELESS;ResourceId::64545:TempBuffer 141 3440x1440:3440x1440:R8_TYPELESS;ResourceId::64553:TempBuffer 143 3440x1440:3440x1440:R8_TYPELESS;ResourceId::64549:TempBuffer 142 3440x1440:3440x1440:R8_TYPELESS	ResourceId::61073
7280	ps	miHoYo/Uber/Scene/Scene_Uber_BlendStone_LOD0	2613	19	ResourceId::64533:TempBuffer 138 3440x1440:3440x1440:R10G10B10A2_TYPELESS;ResourceId::64537:TempBuffer 139 3440x1440:3440x1440:R8G8B8A8_TYPELESS;ResourceId::64541:TempBuffer 140 3440x1440:3440x1440:R8G8B8A8_TYPELESS;ResourceId::64545:TempBuffer 141 3440x1440:3440x1440:R8_TYPELESS;ResourceId::64553:TempBuffer 143 3440x1440:3440x1440:R8_TYPELESS;ResourceId::64549:TempBuffer 142 3440x1440:3440x1440:R8_TYPELESS	ResourceId::61073
7303	ps	miHoYo/Uber/Scene/Scene_Uber_BlendStone_LOD0	2394	0	ResourceId::64533:TempBuffer 138 3440x1440:3440x1440:R10G10B10A2_TYPELESS;ResourceId::64537:TempBuffer 139 3440x1440:3440x1440:R8G8B8A8_TYPELESS;ResourceId::64541:TempBuffer 140 3440x1440:3440x1440:R8G8B8A8_TYPELESS;ResourceId::64545:TempBuffer 141 3440x1440:3440x1440:R8_TYPELESS;ResourceId::64553:TempBuffer 143 3440x1440:3440x1440:R8_TYPELESS;ResourceId::64549:TempBuffer 142 3440x1440:3440x1440:R8_TYPELESS	ResourceId::61073
7319	ps	miHoYo/Uber/Scene/Scene_Uber_BlendStone_LOD0	1728	0	ResourceId::64533:TempBuffer 138 3440x1440:3440x1440:R10G10B10A2_TYPELESS;ResourceId::64537:TempBuffer 139 3440x1440:3440x1440:R8G8B8A8_TYPELESS;ResourceId::64541:TempBuffer 140 3440x1440:3440x1440:R8G8B8A8_TYPELESS;ResourceId::64545:TempBuffer 141 3440x1440:3440x1440:R8_TYPELESS;ResourceId::64553:TempBuffer 143 3440x1440:3440x1440:R8_TYPELESS;ResourceId::64549:TempBuffer 142 3440x1440:3440x1440:R8_TYPELESS	ResourceId::61073
7345	ps	miHoYo/Uber/Scene/Scene_Uber_BlendStone_LOD0	2316	4	ResourceId::64533:TempBuffer 138 3440x1440:3440x1440:R10G10B10A2_TYPELESS;ResourceId::64537:TempBuffer 139 3440x1440:3440x1440:R8G8B8A8_TYPELESS;ResourceId::64541:TempBuffer 140 3440x1440:3440x1440:R8G8B8A8_TYPELESS;ResourceId::64545:TempBuffer 141 3440x1440:3440x1440:R8_TYPELESS;ResourceId::64553:TempBuffer 143 3440x1440:3440x1440:R8_TYPELESS;ResourceId::64549:TempBuffer 142 3440x1440:3440x1440:R8_TYPELESS	ResourceId::61073
7350	ps	miHoYo/Uber/Scene/Scene_Uber_BlendStone_LOD0	3594	2	ResourceId::64533:TempBuffer 138 3440x1440:3440x1440:R10G10B10A2_TYPELESS;ResourceId::64537:TempBuffer 139 3440x1440:3440x1440:R8G8B8A8_TYPELESS;ResourceId::64541:TempBuffer 140 3440x1440:3440x1440:R8G8B8A8_TYPELESS;ResourceId::64545:TempBuffer 141 3440x1440:3440x1440:R8_TYPELESS;ResourceId::64553:TempBuffer 143 3440x1440:3440x1440:R8_TYPELESS;ResourceId::64549:TempBuffer 142 3440x1440:3440x1440:R8_TYPELESS	ResourceId::61073
7378	ps	miHoYo/Uber/Scene/Scene_Uber_BlendStone_LOD0	2094	12	ResourceId::64533:TempBuffer 138 3440x1440:3440x1440:R10G10B10A2_TYPELESS;ResourceId::64537:TempBuffer 139 3440x1440:3440x1440:R8G8B8A8_TYPELESS;ResourceId::64541:TempBuffer 140 3440x1440:3440x1440:R8G8B8A8_TYPELESS;ResourceId::64545:TempBuffer 141 3440x1440:3440x1440:R8_TYPELESS;ResourceId::64553:TempBuffer 143 3440x1440:3440x1440:R8_TYPELESS;ResourceId::64549:TempBuffer 142 3440x1440:3440x1440:R8_TYPELESS	ResourceId::61073
7396	ps	miHoYo/Uber/Scene/Scene_Uber_BlendStone_LOD0	3030	3	ResourceId::64533:TempBuffer 138 3440x1440:3440x1440:R10G10B10A2_TYPELESS;ResourceId::64537:TempBuffer 139 3440x1440:3440x1440:R8G8B8A8_TYPELESS;ResourceId::64541:TempBuffer 140 3440x1440:3440x1440:R8G8B8A8_TYPELESS;ResourceId::64545:TempBuffer 141 3440x1440:3440x1440:R8_TYPELESS;ResourceId::64553:TempBuffer 143 3440x1440:3440x1440:R8_TYPELESS;ResourceId::64549:TempBuffer 142 3440x1440:3440x1440:R8_TYPELESS	ResourceId::61073
7417	ps	miHoYo/Uber/Scene/Scene_Uber_BlendStone_LOD0	3492	23	ResourceId::64533:TempBuffer 138 3440x1440:3440x1440:R10G10B10A2_TYPELESS;ResourceId::64537:TempBuffer 139 3440x1440:3440x1440:R8G8B8A8_TYPELESS;ResourceId::64541:TempBuffer 140 3440x1440:3440x1440:R8G8B8A8_TYPELESS;ResourceId::64545:TempBuffer 141 3440x1440:3440x1440:R8_TYPELESS;ResourceId::64553:TempBuffer 143 3440x1440:3440x1440:R8_TYPELESS;ResourceId::64549:TempBuffer 142 3440x1440:3440x1440:R8_TYPELESS	ResourceId::61073
7437	ps	miHoYo/Uber/Scene/Scene_Uber_BlendStone_LOD0	4290	9	ResourceId::64533:TempBuffer 138 3440x1440:3440x1440:R10G10B10A2_TYPELESS;ResourceId::64537:TempBuffer 139 3440x1440:3440x1440:R8G8B8A8_TYPELESS;ResourceId::64541:TempBuffer 140 3440x1440:3440x1440:R8G8B8A8_TYPELESS;ResourceId::64545:TempBuffer 141 3440x1440:3440x1440:R8_TYPELESS;ResourceId::64553:TempBuffer 143 3440x1440:3440x1440:R8_TYPELESS;ResourceId::64549:TempBuffer 142 3440x1440:3440x1440:R8_TYPELESS	ResourceId::61073
7455	ps	miHoYo/Uber/Scene/Scene_Uber_BlendStone_LOD0	1794	3	ResourceId::64533:TempBuffer 138 3440x1440:3440x1440:R10G10B10A2_TYPELESS;ResourceId::64537:TempBuffer 139 3440x1440:3440x1440:R8G8B8A8_TYPELESS;ResourceId::64541:TempBuffer 140 3440x1440:3440x1440:R8G8B8A8_TYPELESS;ResourceId::64545:TempBuffer 141 3440x1440:3440x1440:R8_TYPELESS;ResourceId::64553:TempBuffer 143 3440x1440:3440x1440:R8_TYPELESS;ResourceId::64549:TempBuffer 142 3440x1440:3440x1440:R8_TYPELESS	ResourceId::61073
7473	ps	miHoYo/Uber/Scene/Scene_Uber_BlendStone_LOD0	4248	5	ResourceId::64533:TempBuffer 138 3440x1440:3440x1440:R10G10B10A2_TYPELESS;ResourceId::64537:TempBuffer 139 3440x1440:3440x1440:R8G8B8A8_TYPELESS;ResourceId::64541:TempBuffer 140 3440x1440:3440x1440:R8G8B8A8_TYPELESS;ResourceId::64545:TempBuffer 141 3440x1440:3440x1440:R8_TYPELESS;ResourceId::64553:TempBuffer 143 3440x1440:3440x1440:R8_TYPELESS;ResourceId::64549:TempBuffer 142 3440x1440:3440x1440:R8_TYPELESS	ResourceId::61073
7496	ps	miHoYo/Uber/Scene/Scene_Uber_BlendStone_LOD0	5958	0	ResourceId::64533:TempBuffer 138 3440x1440:3440x1440:R10G10B10A2_TYPELESS;ResourceId::64537:TempBuffer 139 3440x1440:3440x1440:R8G8B8A8_TYPELESS;ResourceId::64541:TempBuffer 140 3440x1440:3440x1440:R8G8B8A8_TYPELESS;ResourceId::64545:TempBuffer 141 3440x1440:3440x1440:R8_TYPELESS;ResourceId::64553:TempBuffer 143 3440x1440:3440x1440:R8_TYPELESS;ResourceId::64549:TempBuffer 142 3440x1440:3440x1440:R8_TYPELESS	ResourceId::61073
7521	ps	miHoYo/Uber/Scene/Scene_Uber_BlendStone_LOD0	7542	2	ResourceId::64533:TempBuffer 138 3440x1440:3440x1440:R10G10B10A2_TYPELESS;ResourceId::64537:TempBuffer 139 3440x1440:3440x1440:R8G8B8A8_TYPELESS;ResourceId::64541:TempBuffer 140 3440x1440:3440x1440:R8G8B8A8_TYPELESS;ResourceId::64545:TempBuffer 141 3440x1440:3440x1440:R8_TYPELESS;ResourceId::64553:TempBuffer 143 3440x1440:3440x1440:R8_TYPELESS;ResourceId::64549:TempBuffer 142 3440x1440:3440x1440:R8_TYPELESS	ResourceId::61073
7539	ps	miHoYo/Uber/Scene/Scene_Uber_BlendStone_LOD0	8982	10	ResourceId::64533:TempBuffer 138 3440x1440:3440x1440:R10G10B10A2_TYPELESS;ResourceId::64537:TempBuffer 139 3440x1440:3440x1440:R8G8B8A8_TYPELESS;ResourceId::64541:TempBuffer 140 3440x1440:3440x1440:R8G8B8A8_TYPELESS;ResourceId::64545:TempBuffer 141 3440x1440:3440x1440:R8_TYPELESS;ResourceId::64553:TempBuffer 143 3440x1440:3440x1440:R8_TYPELESS;ResourceId::64549:TempBuffer 142 3440x1440:3440x1440:R8_TYPELESS	ResourceId::61073
7559	ps	miHoYo/Uber/Scene/Scene_Uber_BlendStone_LOD0	5391	2	ResourceId::64533:TempBuffer 138 3440x1440:3440x1440:R10G10B10A2_TYPELESS;ResourceId::64537:TempBuffer 139 3440x1440:3440x1440:R8G8B8A8_TYPELESS;ResourceId::64541:TempBuffer 140 3440x1440:3440x1440:R8G8B8A8_TYPELESS;ResourceId::64545:TempBuffer 141 3440x1440:3440x1440:R8_TYPELESS;ResourceId::64553:TempBuffer 143 3440x1440:3440x1440:R8_TYPELESS;ResourceId::64549:TempBuffer 142 3440x1440:3440x1440:R8_TYPELESS	ResourceId::61073
7582	ps	miHoYo/Uber/Scene/Scene_Uber_BlendStone_LOD0	3564	0	ResourceId::64533:TempBuffer 138 3440x1440:3440x1440:R10G10B10A2_TYPELESS;ResourceId::64537:TempBuffer 139 3440x1440:3440x1440:R8G8B8A8_TYPELESS;ResourceId::64541:TempBuffer 140 3440x1440:3440x1440:R8G8B8A8_TYPELESS;ResourceId::64545:TempBuffer 141 3440x1440:3440x1440:R8_TYPELESS;ResourceId::64553:TempBuffer 143 3440x1440:3440x1440:R8_TYPELESS;ResourceId::64549:TempBuffer 142 3440x1440:3440x1440:R8_TYPELESS	ResourceId::61073
7600	ps	miHoYo/Uber/Scene/Scene_Uber_BlendStone_LOD0	2613	0	ResourceId::64533:TempBuffer 138 3440x1440:3440x1440:R10G10B10A2_TYPELESS;ResourceId::64537:TempBuffer 139 3440x1440:3440x1440:R8G8B8A8_TYPELESS;ResourceId::64541:TempBuffer 140 3440x1440:3440x1440:R8G8B8A8_TYPELESS;ResourceId::64545:TempBuffer 141 3440x1440:3440x1440:R8_TYPELESS;ResourceId::64553:TempBuffer 143 3440x1440:3440x1440:R8_TYPELESS;ResourceId::64549:TempBuffer 142 3440x1440:3440x1440:R8_TYPELESS	ResourceId::61073
7618	ps	miHoYo/Uber/Scene/Scene_Uber_BlendStone_LOD0	5838	0	ResourceId::64533:TempBuffer 138 3440x1440:3440x1440:R10G10B10A2_TYPELESS;ResourceId::64537:TempBuffer 139 3440x1440:3440x1440:R8G8B8A8_TYPELESS;ResourceId::64541:TempBuffer 140 3440x1440:3440x1440:R8G8B8A8_TYPELESS;ResourceId::64545:TempBuffer 141 3440x1440:3440x1440:R8_TYPELESS;ResourceId::64553:TempBuffer 143 3440x1440:3440x1440:R8_TYPELESS;ResourceId::64549:TempBuffer 142 3440x1440:3440x1440:R8_TYPELESS	ResourceId::61073
7641	ps	miHoYo/Uber/Scene/Scene_Uber_BlendStone_LOD0	5958	2	ResourceId::64533:TempBuffer 138 3440x1440:3440x1440:R10G10B10A2_TYPELESS;ResourceId::64537:TempBuffer 139 3440x1440:3440x1440:R8G8B8A8_TYPELESS;ResourceId::64541:TempBuffer 140 3440x1440:3440x1440:R8G8B8A8_TYPELESS;ResourceId::64545:TempBuffer 141 3440x1440:3440x1440:R8_TYPELESS;ResourceId::64553:TempBuffer 143 3440x1440:3440x1440:R8_TYPELESS;ResourceId::64549:TempBuffer 142 3440x1440:3440x1440:R8_TYPELESS	ResourceId::61073
7664	ps	miHoYo/Uber/Scene/Scene_Uber_BlendStone_LOD0	8982	0	ResourceId::64533:TempBuffer 138 3440x1440:3440x1440:R10G10B10A2_TYPELESS;ResourceId::64537:TempBuffer 139 3440x1440:3440x1440:R8G8B8A8_TYPELESS;ResourceId::64541:TempBuffer 140 3440x1440:3440x1440:R8G8B8A8_TYPELESS;ResourceId::64545:TempBuffer 141 3440x1440:3440x1440:R8_TYPELESS;ResourceId::64553:TempBuffer 143 3440x1440:3440x1440:R8_TYPELESS;ResourceId::64549:TempBuffer 142 3440x1440:3440x1440:R8_TYPELESS	ResourceId::61073
7693	ps	miHoYo/Uber/Scene/Scene_Uber_StoneTransmission_LOD0	5313	0	ResourceId::64533:TempBuffer 138 3440x1440:3440x1440:R10G10B10A2_TYPELESS;ResourceId::64537:TempBuffer 139 3440x1440:3440x1440:R8G8B8A8_TYPELESS;ResourceId::64541:TempBuffer 140 3440x1440:3440x1440:R8G8B8A8_TYPELESS;ResourceId::64545:TempBuffer 141 3440x1440:3440x1440:R8_TYPELESS;ResourceId::64553:TempBuffer 143 3440x1440:3440x1440:R8_TYPELESS;ResourceId::64549:TempBuffer 142 3440x1440:3440x1440:R8_TYPELESS	ResourceId::61073
7714	ps	miHoYo/Uber/Scene/Scene_Uber_StoneTransmission_LOD0	6114	0	ResourceId::64533:TempBuffer 138 3440x1440:3440x1440:R10G10B10A2_TYPELESS;ResourceId::64537:TempBuffer 139 3440x1440:3440x1440:R8G8B8A8_TYPELESS;ResourceId::64541:TempBuffer 140 3440x1440:3440x1440:R8G8B8A8_TYPELESS;ResourceId::64545:TempBuffer 141 3440x1440:3440x1440:R8_TYPELESS;ResourceId::64553:TempBuffer 143 3440x1440:3440x1440:R8_TYPELESS;ResourceId::64549:TempBuffer 142 3440x1440:3440x1440:R8_TYPELESS	ResourceId::61073
7758	ps	miHoYo/Uber/Scene/Scene_Uber_MagicSnow	2310	1	ResourceId::64533:TempBuffer 138 3440x1440:3440x1440:R10G10B10A2_TYPELESS;ResourceId::64537:TempBuffer 139 3440x1440:3440x1440:R8G8B8A8_TYPELESS;ResourceId::64541:TempBuffer 140 3440x1440:3440x1440:R8G8B8A8_TYPELESS;ResourceId::64545:TempBuffer 141 3440x1440:3440x1440:R8_TYPELESS;ResourceId::64553:TempBuffer 143 3440x1440:3440x1440:R8_TYPELESS;ResourceId::64549:TempBuffer 142 3440x1440:3440x1440:R8_TYPELESS	ResourceId::61073
7799	ps	miHoYo/Uber/Scene/Scene_Uber_MagicSnow	1272	1	ResourceId::64533:TempBuffer 138 3440x1440:3440x1440:R10G10B10A2_TYPELESS;ResourceId::64537:TempBuffer 139 3440x1440:3440x1440:R8G8B8A8_TYPELESS;ResourceId::64541:TempBuffer 140 3440x1440:3440x1440:R8G8B8A8_TYPELESS;ResourceId::64545:TempBuffer 141 3440x1440:3440x1440:R8_TYPELESS;ResourceId::64553:TempBuffer 143 3440x1440:3440x1440:R8_TYPELESS;ResourceId::64549:TempBuffer 142 3440x1440:3440x1440:R8_TYPELESS	ResourceId::61073
7832	ps	miHoYo/Uber/Scene/Scene_Uber_BlendStone_LOD2	1740	4	ResourceId::64533:TempBuffer 138 3440x1440:3440x1440:R10G10B10A2_TYPELESS;ResourceId::64537:TempBuffer 139 3440x1440:3440x1440:R8G8B8A8_TYPELESS;ResourceId::64541:TempBuffer 140 3440x1440:3440x1440:R8G8B8A8_TYPELESS;ResourceId::64545:TempBuffer 141 3440x1440:3440x1440:R8_TYPELESS;ResourceId::64553:TempBuffer 143 3440x1440:3440x1440:R8_TYPELESS;ResourceId::64549:TempBuffer 142 3440x1440:3440x1440:R8_TYPELESS	ResourceId::61073
7849	ps	miHoYo/Uber/Scene/Scene_Uber_BlendStone_LOD2	1062	4	ResourceId::64533:TempBuffer 138 3440x1440:3440x1440:R10G10B10A2_TYPELESS;ResourceId::64537:TempBuffer 139 3440x1440:3440x1440:R8G8B8A8_TYPELESS;ResourceId::64541:TempBuffer 140 3440x1440:3440x1440:R8G8B8A8_TYPELESS;ResourceId::64545:TempBuffer 141 3440x1440:3440x1440:R8_TYPELESS;ResourceId::64553:TempBuffer 143 3440x1440:3440x1440:R8_TYPELESS;ResourceId::64549:TempBuffer 142 3440x1440:3440x1440:R8_TYPELESS	ResourceId::61073
7869	ps	miHoYo/Uber/Scene/Scene_Uber_BlendStone_LOD2	2088	0	ResourceId::64533:TempBuffer 138 3440x1440:3440x1440:R10G10B10A2_TYPELESS;ResourceId::64537:TempBuffer 139 3440x1440:3440x1440:R8G8B8A8_TYPELESS;ResourceId::64541:TempBuffer 140 3440x1440:3440x1440:R8G8B8A8_TYPELESS;ResourceId::64545:TempBuffer 141 3440x1440:3440x1440:R8_TYPELESS;ResourceId::64553:TempBuffer 143 3440x1440:3440x1440:R8_TYPELESS;ResourceId::64549:TempBuffer 142 3440x1440:3440x1440:R8_TYPELESS	ResourceId::61073
7889	ps	miHoYo/Uber/Scene/Scene_Uber_BlendStone_LOD2	2589	4	ResourceId::64533:TempBuffer 138 3440x1440:3440x1440:R10G10B10A2_TYPELESS;ResourceId::64537:TempBuffer 139 3440x1440:3440x1440:R8G8B8A8_TYPELESS;ResourceId::64541:TempBuffer 140 3440x1440:3440x1440:R8G8B8A8_TYPELESS;ResourceId::64545:TempBuffer 141 3440x1440:3440x1440:R8_TYPELESS;ResourceId::64553:TempBuffer 143 3440x1440:3440x1440:R8_TYPELESS;ResourceId::64549:TempBuffer 142 3440x1440:3440x1440:R8_TYPELESS	ResourceId::61073
7907	ps	miHoYo/Uber/Scene/Scene_Uber_BlendStone_LOD2	1806	3	ResourceId::64533:TempBuffer 138 3440x1440:3440x1440:R10G10B10A2_TYPELESS;ResourceId::64537:TempBuffer 139 3440x1440:3440x1440:R8G8B8A8_TYPELESS;ResourceId::64541:TempBuffer 140 3440x1440:3440x1440:R8G8B8A8_TYPELESS;ResourceId::64545:TempBuffer 141 3440x1440:3440x1440:R8_TYPELESS;ResourceId::64553:TempBuffer 143 3440x1440:3440x1440:R8_TYPELESS;ResourceId::64549:TempBuffer 142 3440x1440:3440x1440:R8_TYPELESS	ResourceId::61073
7923	ps	miHoYo/Uber/Scene/Scene_Uber_BlendStone_LOD2	1662	8	ResourceId::64533:TempBuffer 138 3440x1440:3440x1440:R10G10B10A2_TYPELESS;ResourceId::64537:TempBuffer 139 3440x1440:3440x1440:R8G8B8A8_TYPELESS;ResourceId::64541:TempBuffer 140 3440x1440:3440x1440:R8G8B8A8_TYPELESS;ResourceId::64545:TempBuffer 141 3440x1440:3440x1440:R8_TYPELESS;ResourceId::64553:TempBuffer 143 3440x1440:3440x1440:R8_TYPELESS;ResourceId::64549:TempBuffer 142 3440x1440:3440x1440:R8_TYPELESS	ResourceId::61073
7940	ps	miHoYo/Uber/Scene/Scene_Uber_BlendStone_LOD2	1794	10	ResourceId::64533:TempBuffer 138 3440x1440:3440x1440:R10G10B10A2_TYPELESS;ResourceId::64537:TempBuffer 139 3440x1440:3440x1440:R8G8B8A8_TYPELESS;ResourceId::64541:TempBuffer 140 3440x1440:3440x1440:R8G8B8A8_TYPELESS;ResourceId::64545:TempBuffer 141 3440x1440:3440x1440:R8_TYPELESS;ResourceId::64553:TempBuffer 143 3440x1440:3440x1440:R8_TYPELESS;ResourceId::64549:TempBuffer 142 3440x1440:3440x1440:R8_TYPELESS	ResourceId::61073
7958	ps	miHoYo/Uber/Scene/Scene_Uber_BlendStone_LOD2	960	5	ResourceId::64533:TempBuffer 138 3440x1440:3440x1440:R10G10B10A2_TYPELESS;ResourceId::64537:TempBuffer 139 3440x1440:3440x1440:R8G8B8A8_TYPELESS;ResourceId::64541:TempBuffer 140 3440x1440:3440x1440:R8G8B8A8_TYPELESS;ResourceId::64545:TempBuffer 141 3440x1440:3440x1440:R8_TYPELESS;ResourceId::64553:TempBuffer 143 3440x1440:3440x1440:R8_TYPELESS;ResourceId::64549:TempBuffer 142 3440x1440:3440x1440:R8_TYPELESS	ResourceId::61073
7963	ps	miHoYo/Uber/Scene/Scene_Uber_BlendStone_LOD2	954	0	ResourceId::64533:TempBuffer 138 3440x1440:3440x1440:R10G10B10A2_TYPELESS;ResourceId::64537:TempBuffer 139 3440x1440:3440x1440:R8G8B8A8_TYPELESS;ResourceId::64541:TempBuffer 140 3440x1440:3440x1440:R8G8B8A8_TYPELESS;ResourceId::64545:TempBuffer 141 3440x1440:3440x1440:R8_TYPELESS;ResourceId::64553:TempBuffer 143 3440x1440:3440x1440:R8_TYPELESS;ResourceId::64549:TempBuffer 142 3440x1440:3440x1440:R8_TYPELESS	ResourceId::61073
7985	ps	miHoYo/Uber/Scene/Scene_Uber_BlendStone_LOD2	1746	0	ResourceId::64533:TempBuffer 138 3440x1440:3440x1440:R10G10B10A2_TYPELESS;ResourceId::64537:TempBuffer 139 3440x1440:3440x1440:R8G8B8A8_TYPELESS;ResourceId::64541:TempBuffer 140 3440x1440:3440x1440:R8G8B8A8_TYPELESS;ResourceId::64545:TempBuffer 141 3440x1440:3440x1440:R8_TYPELESS;ResourceId::64553:TempBuffer 143 3440x1440:3440x1440:R8_TYPELESS;ResourceId::64549:TempBuffer 142 3440x1440:3440x1440:R8_TYPELESS	ResourceId::61073
8004	ps	miHoYo/Uber/Scene/Scene_Uber_BlendStone_LOD2	1470	0	ResourceId::64533:TempBuffer 138 3440x1440:3440x1440:R10G10B10A2_TYPELESS;ResourceId::64537:TempBuffer 139 3440x1440:3440x1440:R8G8B8A8_TYPELESS;ResourceId::64541:TempBuffer 140 3440x1440:3440x1440:R8G8B8A8_TYPELESS;ResourceId::64545:TempBuffer 141 3440x1440:3440x1440:R8_TYPELESS;ResourceId::64553:TempBuffer 143 3440x1440:3440x1440:R8_TYPELESS;ResourceId::64549:TempBuffer 142 3440x1440:3440x1440:R8_TYPELESS	ResourceId::61073
8037	ps	miHoYo/Uber/Scene/Scene_Uber_MagicBase_ZDB_IceCarving	3777	1	ResourceId::64533:TempBuffer 138 3440x1440:3440x1440:R10G10B10A2_TYPELESS;ResourceId::64537:TempBuffer 139 3440x1440:3440x1440:R8G8B8A8_TYPELESS;ResourceId::64541:TempBuffer 140 3440x1440:3440x1440:R8G8B8A8_TYPELESS;ResourceId::64545:TempBuffer 141 3440x1440:3440x1440:R8_TYPELESS;ResourceId::64553:TempBuffer 143 3440x1440:3440x1440:R8_TYPELESS;ResourceId::64549:TempBuffer 142 3440x1440:3440x1440:R8_TYPELESS	ResourceId::61073
8078	ps	Nature/Afs Simple Tree v4 Snow	780	4	ResourceId::64533:TempBuffer 138 3440x1440:3440x1440:R10G10B10A2_TYPELESS;ResourceId::64537:TempBuffer 139 3440x1440:3440x1440:R8G8B8A8_TYPELESS;ResourceId::64541:TempBuffer 140 3440x1440:3440x1440:R8G8B8A8_TYPELESS;ResourceId::64545:TempBuffer 141 3440x1440:3440x1440:R8_TYPELESS;ResourceId::64553:TempBuffer 143 3440x1440:3440x1440:R8_TYPELESS;ResourceId::64549:TempBuffer 142 3440x1440:3440x1440:R8_TYPELESS	ResourceId::61073
8088	ps	Nature/Afs Simple Tree v4 Snow	1464	11	ResourceId::64533:TempBuffer 138 3440x1440:3440x1440:R10G10B10A2_TYPELESS;ResourceId::64537:TempBuffer 139 3440x1440:3440x1440:R8G8B8A8_TYPELESS;ResourceId::64541:TempBuffer 140 3440x1440:3440x1440:R8G8B8A8_TYPELESS;ResourceId::64545:TempBuffer 141 3440x1440:3440x1440:R8_TYPELESS;ResourceId::64553:TempBuffer 143 3440x1440:3440x1440:R8_TYPELESS;ResourceId::64549:TempBuffer 142 3440x1440:3440x1440:R8_TYPELESS	ResourceId::61073
8094	ps	Nature/Afs Simple Tree v4 Snow	3936	23	ResourceId::64533:TempBuffer 138 3440x1440:3440x1440:R10G10B10A2_TYPELESS;ResourceId::64537:TempBuffer 139 3440x1440:3440x1440:R8G8B8A8_TYPELESS;ResourceId::64541:TempBuffer 140 3440x1440:3440x1440:R8G8B8A8_TYPELESS;ResourceId::64545:TempBuffer 141 3440x1440:3440x1440:R8_TYPELESS;ResourceId::64553:TempBuffer 143 3440x1440:3440x1440:R8_TYPELESS;ResourceId::64549:TempBuffer 142 3440x1440:3440x1440:R8_TYPELESS	ResourceId::61073
8128	ps	Nature/Afs Simple Tree v4 Snow	2397	3	ResourceId::64533:TempBuffer 138 3440x1440:3440x1440:R10G10B10A2_TYPELESS;ResourceId::64537:TempBuffer 139 3440x1440:3440x1440:R8G8B8A8_TYPELESS;ResourceId::64541:TempBuffer 140 3440x1440:3440x1440:R8G8B8A8_TYPELESS;ResourceId::64545:TempBuffer 141 3440x1440:3440x1440:R8_TYPELESS;ResourceId::64553:TempBuffer 143 3440x1440:3440x1440:R8_TYPELESS;ResourceId::64549:TempBuffer 142 3440x1440:3440x1440:R8_TYPELESS	ResourceId::61073
8164	ps	Nature/Afs Simple Tree v4 Snow	2106	6	ResourceId::64533:TempBuffer 138 3440x1440:3440x1440:R10G10B10A2_TYPELESS;ResourceId::64537:TempBuffer 139 3440x1440:3440x1440:R8G8B8A8_TYPELESS;ResourceId::64541:TempBuffer 140 3440x1440:3440x1440:R8G8B8A8_TYPELESS;ResourceId::64545:TempBuffer 141 3440x1440:3440x1440:R8_TYPELESS;ResourceId::64553:TempBuffer 143 3440x1440:3440x1440:R8_TYPELESS;ResourceId::64549:TempBuffer 142 3440x1440:3440x1440:R8_TYPELESS	ResourceId::61073
8198	ps	Nature/Afs Simple Tree v4 Snow	4800	5	ResourceId::64533:TempBuffer 138 3440x1440:3440x1440:R10G10B10A2_TYPELESS;ResourceId::64537:TempBuffer 139 3440x1440:3440x1440:R8G8B8A8_TYPELESS;ResourceId::64541:TempBuffer 140 3440x1440:3440x1440:R8G8B8A8_TYPELESS;ResourceId::64545:TempBuffer 141 3440x1440:3440x1440:R8_TYPELESS;ResourceId::64553:TempBuffer 143 3440x1440:3440x1440:R8_TYPELESS;ResourceId::64549:TempBuffer 142 3440x1440:3440x1440:R8_TYPELESS	ResourceId::61073
8238	ps	Nature/Afs Broadleaf New	1626	2	ResourceId::64533:TempBuffer 138 3440x1440:3440x1440:R10G10B10A2_TYPELESS;ResourceId::64537:TempBuffer 139 3440x1440:3440x1440:R8G8B8A8_TYPELESS;ResourceId::64541:TempBuffer 140 3440x1440:3440x1440:R8G8B8A8_TYPELESS;ResourceId::64545:TempBuffer 141 3440x1440:3440x1440:R8_TYPELESS;ResourceId::64553:TempBuffer 143 3440x1440:3440x1440:R8_TYPELESS;ResourceId::64549:TempBuffer 142 3440x1440:3440x1440:R8_TYPELESS	ResourceId::61073
8272	ps	Nature/Afs Simple Tree v4 Snow	780	4	ResourceId::64533:TempBuffer 138 3440x1440:3440x1440:R10G10B10A2_TYPELESS;ResourceId::64537:TempBuffer 139 3440x1440:3440x1440:R8G8B8A8_TYPELESS;ResourceId::64541:TempBuffer 140 3440x1440:3440x1440:R8G8B8A8_TYPELESS;ResourceId::64545:TempBuffer 141 3440x1440:3440x1440:R8_TYPELESS;ResourceId::64553:TempBuffer 143 3440x1440:3440x1440:R8_TYPELESS;ResourceId::64549:TempBuffer 142 3440x1440:3440x1440:R8_TYPELESS	ResourceId::61073
8282	ps	Nature/Afs Simple Tree v4 Snow	1464	29	ResourceId::64533:TempBuffer 138 3440x1440:3440x1440:R10G10B10A2_TYPELESS;ResourceId::64537:TempBuffer 139 3440x1440:3440x1440:R8G8B8A8_TYPELESS;ResourceId::64541:TempBuffer 140 3440x1440:3440x1440:R8G8B8A8_TYPELESS;ResourceId::64545:TempBuffer 141 3440x1440:3440x1440:R8_TYPELESS;ResourceId::64553:TempBuffer 143 3440x1440:3440x1440:R8_TYPELESS;ResourceId::64549:TempBuffer 142 3440x1440:3440x1440:R8_TYPELESS	ResourceId::61073
8288	ps	Nature/Afs Simple Tree v4 Snow	3936	3	ResourceId::64533:TempBuffer 138 3440x1440:3440x1440:R10G10B10A2_TYPELESS;ResourceId::64537:TempBuffer 139 3440x1440:3440x1440:R8G8B8A8_TYPELESS;ResourceId::64541:TempBuffer 140 3440x1440:3440x1440:R8G8B8A8_TYPELESS;ResourceId::64545:TempBuffer 141 3440x1440:3440x1440:R8_TYPELESS;ResourceId::64553:TempBuffer 143 3440x1440:3440x1440:R8_TYPELESS;ResourceId::64549:TempBuffer 142 3440x1440:3440x1440:R8_TYPELESS	ResourceId::61073
8319	ps	Nature/Afs Simple Tree v4 Snow	735	2	ResourceId::64533:TempBuffer 138 3440x1440:3440x1440:R10G10B10A2_TYPELESS;ResourceId::64537:TempBuffer 139 3440x1440:3440x1440:R8G8B8A8_TYPELESS;ResourceId::64541:TempBuffer 140 3440x1440:3440x1440:R8G8B8A8_TYPELESS;ResourceId::64545:TempBuffer 141 3440x1440:3440x1440:R8_TYPELESS;ResourceId::64553:TempBuffer 143 3440x1440:3440x1440:R8_TYPELESS;ResourceId::64549:TempBuffer 142 3440x1440:3440x1440:R8_TYPELESS	ResourceId::61073
8330	ps	Nature/Afs Simple Tree v4 Snow	744	34	ResourceId::64533:TempBuffer 138 3440x1440:3440x1440:R10G10B10A2_TYPELESS;ResourceId::64537:TempBuffer 139 3440x1440:3440x1440:R8G8B8A8_TYPELESS;ResourceId::64541:TempBuffer 140 3440x1440:3440x1440:R8G8B8A8_TYPELESS;ResourceId::64545:TempBuffer 141 3440x1440:3440x1440:R8_TYPELESS;ResourceId::64553:TempBuffer 143 3440x1440:3440x1440:R8_TYPELESS;ResourceId::64549:TempBuffer 142 3440x1440:3440x1440:R8_TYPELESS	ResourceId::61073
8336	ps	Nature/Afs Simple Tree v4 Snow	1680	1	ResourceId::64533:TempBuffer 138 3440x1440:3440x1440:R10G10B10A2_TYPELESS;ResourceId::64537:TempBuffer 139 3440x1440:3440x1440:R8G8B8A8_TYPELESS;ResourceId::64541:TempBuffer 140 3440x1440:3440x1440:R8G8B8A8_TYPELESS;ResourceId::64545:TempBuffer 141 3440x1440:3440x1440:R8_TYPELESS;ResourceId::64553:TempBuffer 143 3440x1440:3440x1440:R8_TYPELESS;ResourceId::64549:TempBuffer 142 3440x1440:3440x1440:R8_TYPELESS	ResourceId::61073
8346	ps	Nature/Afs Simple Tree v4 Snow	1047	1	ResourceId::64533:TempBuffer 138 3440x1440:3440x1440:R10G10B10A2_TYPELESS;ResourceId::64537:TempBuffer 139 3440x1440:3440x1440:R8G8B8A8_TYPELESS;ResourceId::64541:TempBuffer 140 3440x1440:3440x1440:R8G8B8A8_TYPELESS;ResourceId::64545:TempBuffer 141 3440x1440:3440x1440:R8_TYPELESS;ResourceId::64553:TempBuffer 143 3440x1440:3440x1440:R8_TYPELESS;ResourceId::64549:TempBuffer 142 3440x1440:3440x1440:R8_TYPELESS	ResourceId::61073
8377	ps	Nature/Afs Simple Tree v4 Snow	2397	3	ResourceId::64533:TempBuffer 138 3440x1440:3440x1440:R10G10B10A2_TYPELESS;ResourceId::64537:TempBuffer 139 3440x1440:3440x1440:R8G8B8A8_TYPELESS;ResourceId::64541:TempBuffer 140 3440x1440:3440x1440:R8G8B8A8_TYPELESS;ResourceId::64545:TempBuffer 141 3440x1440:3440x1440:R8_TYPELESS;ResourceId::64553:TempBuffer 143 3440x1440:3440x1440:R8_TYPELESS;ResourceId::64549:TempBuffer 142 3440x1440:3440x1440:R8_TYPELESS	ResourceId::61073
8383	ps	Nature/Afs Simple Tree v4 Snow	2049	1	ResourceId::64533:TempBuffer 138 3440x1440:3440x1440:R10G10B10A2_TYPELESS;ResourceId::64537:TempBuffer 139 3440x1440:3440x1440:R8G8B8A8_TYPELESS;ResourceId::64541:TempBuffer 140 3440x1440:3440x1440:R8G8B8A8_TYPELESS;ResourceId::64545:TempBuffer 141 3440x1440:3440x1440:R8_TYPELESS;ResourceId::64553:TempBuffer 143 3440x1440:3440x1440:R8_TYPELESS;ResourceId::64549:TempBuffer 142 3440x1440:3440x1440:R8_TYPELESS	ResourceId::61073
8417	ps	Nature/Afs Simple Tree v4 Snow	2106	11	ResourceId::64533:TempBuffer 138 3440x1440:3440x1440:R10G10B10A2_TYPELESS;ResourceId::64537:TempBuffer 139 3440x1440:3440x1440:R8G8B8A8_TYPELESS;ResourceId::64541:TempBuffer 140 3440x1440:3440x1440:R8G8B8A8_TYPELESS;ResourceId::64545:TempBuffer 141 3440x1440:3440x1440:R8_TYPELESS;ResourceId::64553:TempBuffer 143 3440x1440:3440x1440:R8_TYPELESS;ResourceId::64549:TempBuffer 142 3440x1440:3440x1440:R8_TYPELESS	ResourceId::61073
8448	ps	Nature/Afs Simple Tree v4 Snow	2643	2	ResourceId::64533:TempBuffer 138 3440x1440:3440x1440:R10G10B10A2_TYPELESS;ResourceId::64537:TempBuffer 139 3440x1440:3440x1440:R8G8B8A8_TYPELESS;ResourceId::64541:TempBuffer 140 3440x1440:3440x1440:R8G8B8A8_TYPELESS;ResourceId::64545:TempBuffer 141 3440x1440:3440x1440:R8_TYPELESS;ResourceId::64553:TempBuffer 143 3440x1440:3440x1440:R8_TYPELESS;ResourceId::64549:TempBuffer 142 3440x1440:3440x1440:R8_TYPELESS	ResourceId::61073
8479	ps	Nature/Afs Simple Tree v4 Snow	2049	1	ResourceId::64533:TempBuffer 138 3440x1440:3440x1440:R10G10B10A2_TYPELESS;ResourceId::64537:TempBuffer 139 3440x1440:3440x1440:R8G8B8A8_TYPELESS;ResourceId::64541:TempBuffer 140 3440x1440:3440x1440:R8G8B8A8_TYPELESS;ResourceId::64545:TempBuffer 141 3440x1440:3440x1440:R8_TYPELESS;ResourceId::64553:TempBuffer 143 3440x1440:3440x1440:R8_TYPELESS;ResourceId::64549:TempBuffer 142 3440x1440:3440x1440:R8_TYPELESS	ResourceId::61073
8552	ps	miHoYo/CTS miHoYo extend/Terrain Second Pass Tint PCPS4	3072	0	ResourceId::64533:TempBuffer 138 3440x1440:3440x1440:R10G10B10A2_TYPELESS;ResourceId::64537:TempBuffer 139 3440x1440:3440x1440:R8G8B8A8_TYPELESS;ResourceId::64541:TempBuffer 140 3440x1440:3440x1440:R8G8B8A8_TYPELESS;ResourceId::64545:TempBuffer 141 3440x1440:3440x1440:R8_TYPELESS;ResourceId::64553:TempBuffer 143 3440x1440:3440x1440:R8_TYPELESS;ResourceId::64549:TempBuffer 142 3440x1440:3440x1440:R8_TYPELESS	ResourceId::61073
8592	ps	miHoYo/CTS miHoYo extend/Terrain Second Pass Tint PCPS4	1536	9	ResourceId::64533:TempBuffer 138 3440x1440:3440x1440:R10G10B10A2_TYPELESS;ResourceId::64537:TempBuffer 139 3440x1440:3440x1440:R8G8B8A8_TYPELESS;ResourceId::64541:TempBuffer 140 3440x1440:3440x1440:R8G8B8A8_TYPELESS;ResourceId::64545:TempBuffer 141 3440x1440:3440x1440:R8_TYPELESS;ResourceId::64553:TempBuffer 143 3440x1440:3440x1440:R8_TYPELESS;ResourceId::64549:TempBuffer 142 3440x1440:3440x1440:R8_TYPELESS	ResourceId::61073
8640	ps	miHoYo/CTS miHoYo extend/Terrain Second Pass Tint PCPS4	3072	2	ResourceId::64533:TempBuffer 138 3440x1440:3440x1440:R10G10B10A2_TYPELESS;ResourceId::64537:TempBuffer 139 3440x1440:3440x1440:R8G8B8A8_TYPELESS;ResourceId::64541:TempBuffer 140 3440x1440:3440x1440:R8G8B8A8_TYPELESS;ResourceId::64545:TempBuffer 141 3440x1440:3440x1440:R8_TYPELESS;ResourceId::64553:TempBuffer 143 3440x1440:3440x1440:R8_TYPELESS;ResourceId::64549:TempBuffer 142 3440x1440:3440x1440:R8_TYPELESS	ResourceId::61073
8675	ps	miHoYo/CTS miHoYo extend/Terrain Second Pass Tint PCPS4	1536	7	ResourceId::64533:TempBuffer 138 3440x1440:3440x1440:R10G10B10A2_TYPELESS;ResourceId::64537:TempBuffer 139 3440x1440:3440x1440:R8G8B8A8_TYPELESS;ResourceId::64541:TempBuffer 140 3440x1440:3440x1440:R8G8B8A8_TYPELESS;ResourceId::64545:TempBuffer 141 3440x1440:3440x1440:R8_TYPELESS;ResourceId::64553:TempBuffer 143 3440x1440:3440x1440:R8_TYPELESS;ResourceId::64549:TempBuffer 142 3440x1440:3440x1440:R8_TYPELESS	ResourceId::61073
8700	ps	miHoYo/Scene/Base New LOD2	378	2	ResourceId::64533:TempBuffer 138 3440x1440:3440x1440:R10G10B10A2_TYPELESS;ResourceId::64537:TempBuffer 139 3440x1440:3440x1440:R8G8B8A8_TYPELESS;ResourceId::64541:TempBuffer 140 3440x1440:3440x1440:R8G8B8A8_TYPELESS;ResourceId::64545:TempBuffer 141 3440x1440:3440x1440:R8_TYPELESS;ResourceId::64553:TempBuffer 143 3440x1440:3440x1440:R8_TYPELESS;ResourceId::64549:TempBuffer 142 3440x1440:3440x1440:R8_TYPELESS	ResourceId::61073
8746	ps	miHoYo/Uber/Scene/Scene_Uber_PatternBaseSnow	1950	1	ResourceId::64533:TempBuffer 138 3440x1440:3440x1440:R10G10B10A2_TYPELESS;ResourceId::64537:TempBuffer 139 3440x1440:3440x1440:R8G8B8A8_TYPELESS;ResourceId::64541:TempBuffer 140 3440x1440:3440x1440:R8G8B8A8_TYPELESS;ResourceId::64545:TempBuffer 141 3440x1440:3440x1440:R8_TYPELESS;ResourceId::64553:TempBuffer 143 3440x1440:3440x1440:R8_TYPELESS;ResourceId::64549:TempBuffer 142 3440x1440:3440x1440:R8_TYPELESS	ResourceId::61073
8752	ps	miHoYo/Uber/Scene/Scene_Uber_PatternBaseSnow	3786	2	ResourceId::64533:TempBuffer 138 3440x1440:3440x1440:R10G10B10A2_TYPELESS;ResourceId::64537:TempBuffer 139 3440x1440:3440x1440:R8G8B8A8_TYPELESS;ResourceId::64541:TempBuffer 140 3440x1440:3440x1440:R8G8B8A8_TYPELESS;ResourceId::64545:TempBuffer 141 3440x1440:3440x1440:R8_TYPELESS;ResourceId::64553:TempBuffer 143 3440x1440:3440x1440:R8_TYPELESS;ResourceId::64549:TempBuffer 142 3440x1440:3440x1440:R8_TYPELESS	ResourceId::61073
8761	ps	miHoYo/Uber/Scene/Scene_Uber_PatternBaseSnow	24	1	ResourceId::64533:TempBuffer 138 3440x1440:3440x1440:R10G10B10A2_TYPELESS;ResourceId::64537:TempBuffer 139 3440x1440:3440x1440:R8G8B8A8_TYPELESS;ResourceId::64541:TempBuffer 140 3440x1440:3440x1440:R8G8B8A8_TYPELESS;ResourceId::64545:TempBuffer 141 3440x1440:3440x1440:R8_TYPELESS;ResourceId::64553:TempBuffer 143 3440x1440:3440x1440:R8_TYPELESS;ResourceId::64549:TempBuffer 142 3440x1440:3440x1440:R8_TYPELESS	ResourceId::61073
8767	ps	miHoYo/Uber/Scene/Scene_Uber_PatternBaseSnow	186	2	ResourceId::64533:TempBuffer 138 3440x1440:3440x1440:R10G10B10A2_TYPELESS;ResourceId::64537:TempBuffer 139 3440x1440:3440x1440:R8G8B8A8_TYPELESS;ResourceId::64541:TempBuffer 140 3440x1440:3440x1440:R8G8B8A8_TYPELESS;ResourceId::64545:TempBuffer 141 3440x1440:3440x1440:R8_TYPELESS;ResourceId::64553:TempBuffer 143 3440x1440:3440x1440:R8_TYPELESS;ResourceId::64549:TempBuffer 142 3440x1440:3440x1440:R8_TYPELESS	ResourceId::61073
8776	ps	miHoYo/Uber/Scene/Scene_Uber_PatternBaseSnow	954	4	ResourceId::64533:TempBuffer 138 3440x1440:3440x1440:R10G10B10A2_TYPELESS;ResourceId::64537:TempBuffer 139 3440x1440:3440x1440:R8G8B8A8_TYPELESS;ResourceId::64541:TempBuffer 140 3440x1440:3440x1440:R8G8B8A8_TYPELESS;ResourceId::64545:TempBuffer 141 3440x1440:3440x1440:R8_TYPELESS;ResourceId::64553:TempBuffer 143 3440x1440:3440x1440:R8_TYPELESS;ResourceId::64549:TempBuffer 142 3440x1440:3440x1440:R8_TYPELESS	ResourceId::61073
8782	ps	miHoYo/Uber/Scene/Scene_Uber_PatternBaseSnow	5700	1	ResourceId::64533:TempBuffer 138 3440x1440:3440x1440:R10G10B10A2_TYPELESS;ResourceId::64537:TempBuffer 139 3440x1440:3440x1440:R8G8B8A8_TYPELESS;ResourceId::64541:TempBuffer 140 3440x1440:3440x1440:R8G8B8A8_TYPELESS;ResourceId::64545:TempBuffer 141 3440x1440:3440x1440:R8_TYPELESS;ResourceId::64553:TempBuffer 143 3440x1440:3440x1440:R8_TYPELESS;ResourceId::64549:TempBuffer 142 3440x1440:3440x1440:R8_TYPELESS	ResourceId::61073
8815	ps	miHoYo/Uber/Scene/Scene_Uber_PatternBaseSnow	336	2	ResourceId::64533:TempBuffer 138 3440x1440:3440x1440:R10G10B10A2_TYPELESS;ResourceId::64537:TempBuffer 139 3440x1440:3440x1440:R8G8B8A8_TYPELESS;ResourceId::64541:TempBuffer 140 3440x1440:3440x1440:R8G8B8A8_TYPELESS;ResourceId::64545:TempBuffer 141 3440x1440:3440x1440:R8_TYPELESS;ResourceId::64553:TempBuffer 143 3440x1440:3440x1440:R8_TYPELESS;ResourceId::64549:TempBuffer 142 3440x1440:3440x1440:R8_TYPELESS	ResourceId::61073
8821	ps	miHoYo/Uber/Scene/Scene_Uber_PatternBaseSnow	336	4	ResourceId::64533:TempBuffer 138 3440x1440:3440x1440:R10G10B10A2_TYPELESS;ResourceId::64537:TempBuffer 139 3440x1440:3440x1440:R8G8B8A8_TYPELESS;ResourceId::64541:TempBuffer 140 3440x1440:3440x1440:R8G8B8A8_TYPELESS;ResourceId::64545:TempBuffer 141 3440x1440:3440x1440:R8_TYPELESS;ResourceId::64553:TempBuffer 143 3440x1440:3440x1440:R8_TYPELESS;ResourceId::64549:TempBuffer 142 3440x1440:3440x1440:R8_TYPELESS	ResourceId::61073
8829	ps	miHoYo/Uber/Scene/Scene_Uber_PatternBaseSnow	981	5	ResourceId::64533:TempBuffer 138 3440x1440:3440x1440:R10G10B10A2_TYPELESS;ResourceId::64537:TempBuffer 139 3440x1440:3440x1440:R8G8B8A8_TYPELESS;ResourceId::64541:TempBuffer 140 3440x1440:3440x1440:R8G8B8A8_TYPELESS;ResourceId::64545:TempBuffer 141 3440x1440:3440x1440:R8_TYPELESS;ResourceId::64553:TempBuffer 143 3440x1440:3440x1440:R8_TYPELESS;ResourceId::64549:TempBuffer 142 3440x1440:3440x1440:R8_TYPELESS	ResourceId::61073
8835	ps	miHoYo/Uber/Scene/Scene_Uber_PatternBaseSnow	981	4	ResourceId::64533:TempBuffer 138 3440x1440:3440x1440:R10G10B10A2_TYPELESS;ResourceId::64537:TempBuffer 139 3440x1440:3440x1440:R8G8B8A8_TYPELESS;ResourceId::64541:TempBuffer 140 3440x1440:3440x1440:R8G8B8A8_TYPELESS;ResourceId::64545:TempBuffer 141 3440x1440:3440x1440:R8_TYPELESS;ResourceId::64553:TempBuffer 143 3440x1440:3440x1440:R8_TYPELESS;ResourceId::64549:TempBuffer 142 3440x1440:3440x1440:R8_TYPELESS	ResourceId::61073
8841	ps	miHoYo/Uber/Scene/Scene_Uber_PatternBaseSnow	798	9	ResourceId::64533:TempBuffer 138 3440x1440:3440x1440:R10G10B10A2_TYPELESS;ResourceId::64537:TempBuffer 139 3440x1440:3440x1440:R8G8B8A8_TYPELESS;ResourceId::64541:TempBuffer 140 3440x1440:3440x1440:R8G8B8A8_TYPELESS;ResourceId::64545:TempBuffer 141 3440x1440:3440x1440:R8_TYPELESS;ResourceId::64553:TempBuffer 143 3440x1440:3440x1440:R8_TYPELESS;ResourceId::64549:TempBuffer 142 3440x1440:3440x1440:R8_TYPELESS	ResourceId::61073
8847	ps	miHoYo/Uber/Scene/Scene_Uber_PatternBaseSnow	606	4	ResourceId::64533:TempBuffer 138 3440x1440:3440x1440:R10G10B10A2_TYPELESS;ResourceId::64537:TempBuffer 139 3440x1440:3440x1440:R8G8B8A8_TYPELESS;ResourceId::64541:TempBuffer 140 3440x1440:3440x1440:R8G8B8A8_TYPELESS;ResourceId::64545:TempBuffer 141 3440x1440:3440x1440:R8_TYPELESS;ResourceId::64553:TempBuffer 143 3440x1440:3440x1440:R8_TYPELESS;ResourceId::64549:TempBuffer 142 3440x1440:3440x1440:R8_TYPELESS	ResourceId::61073
8855	ps	miHoYo/Uber/Scene/Scene_Uber_PatternBaseSnow	1032	2	ResourceId::64533:TempBuffer 138 3440x1440:3440x1440:R10G10B10A2_TYPELESS;ResourceId::64537:TempBuffer 139 3440x1440:3440x1440:R8G8B8A8_TYPELESS;ResourceId::64541:TempBuffer 140 3440x1440:3440x1440:R8G8B8A8_TYPELESS;ResourceId::64545:TempBuffer 141 3440x1440:3440x1440:R8_TYPELESS;ResourceId::64553:TempBuffer 143 3440x1440:3440x1440:R8_TYPELESS;ResourceId::64549:TempBuffer 142 3440x1440:3440x1440:R8_TYPELESS	ResourceId::61073
8861	ps	miHoYo/Uber/Scene/Scene_Uber_PatternBaseSnow	1032	1	ResourceId::64533:TempBuffer 138 3440x1440:3440x1440:R10G10B10A2_TYPELESS;ResourceId::64537:TempBuffer 139 3440x1440:3440x1440:R8G8B8A8_TYPELESS;ResourceId::64541:TempBuffer 140 3440x1440:3440x1440:R8G8B8A8_TYPELESS;ResourceId::64545:TempBuffer 141 3440x1440:3440x1440:R8_TYPELESS;ResourceId::64553:TempBuffer 143 3440x1440:3440x1440:R8_TYPELESS;ResourceId::64549:TempBuffer 142 3440x1440:3440x1440:R8_TYPELESS	ResourceId::61073
8869	ps	miHoYo/Uber/Scene/Scene_Uber_PatternBaseSnow	111	1	ResourceId::64533:TempBuffer 138 3440x1440:3440x1440:R10G10B10A2_TYPELESS;ResourceId::64537:TempBuffer 139 3440x1440:3440x1440:R8G8B8A8_TYPELESS;ResourceId::64541:TempBuffer 140 3440x1440:3440x1440:R8G8B8A8_TYPELESS;ResourceId::64545:TempBuffer 141 3440x1440:3440x1440:R8_TYPELESS;ResourceId::64553:TempBuffer 143 3440x1440:3440x1440:R8_TYPELESS;ResourceId::64549:TempBuffer 142 3440x1440:3440x1440:R8_TYPELESS	ResourceId::61073
8875	ps	miHoYo/Uber/Scene/Scene_Uber_PatternBaseSnow	111	2	ResourceId::64533:TempBuffer 138 3440x1440:3440x1440:R10G10B10A2_TYPELESS;ResourceId::64537:TempBuffer 139 3440x1440:3440x1440:R8G8B8A8_TYPELESS;ResourceId::64541:TempBuffer 140 3440x1440:3440x1440:R8G8B8A8_TYPELESS;ResourceId::64545:TempBuffer 141 3440x1440:3440x1440:R8_TYPELESS;ResourceId::64553:TempBuffer 143 3440x1440:3440x1440:R8_TYPELESS;ResourceId::64549:TempBuffer 142 3440x1440:3440x1440:R8_TYPELESS	ResourceId::61073
8881	ps	miHoYo/Uber/Scene/Scene_Uber_PatternBaseSnow	111	2	ResourceId::64533:TempBuffer 138 3440x1440:3440x1440:R10G10B10A2_TYPELESS;ResourceId::64537:TempBuffer 139 3440x1440:3440x1440:R8G8B8A8_TYPELESS;ResourceId::64541:TempBuffer 140 3440x1440:3440x1440:R8G8B8A8_TYPELESS;ResourceId::64545:TempBuffer 141 3440x1440:3440x1440:R8_TYPELESS;ResourceId::64553:TempBuffer 143 3440x1440:3440x1440:R8_TYPELESS;ResourceId::64549:TempBuffer 142 3440x1440:3440x1440:R8_TYPELESS	ResourceId::61073
8887	ps	miHoYo/Uber/Scene/Scene_Uber_PatternBaseSnow	111	1	ResourceId::64533:TempBuffer 138 3440x1440:3440x1440:R10G10B10A2_TYPELESS;ResourceId::64537:TempBuffer 139 3440x1440:3440x1440:R8G8B8A8_TYPELESS;ResourceId::64541:TempBuffer 140 3440x1440:3440x1440:R8G8B8A8_TYPELESS;ResourceId::64545:TempBuffer 141 3440x1440:3440x1440:R8_TYPELESS;ResourceId::64553:TempBuffer 143 3440x1440:3440x1440:R8_TYPELESS;ResourceId::64549:TempBuffer 142 3440x1440:3440x1440:R8_TYPELESS	ResourceId::61073
8895	ps	miHoYo/Uber/Scene/Scene_Uber_PatternBaseSnow	3900	2	ResourceId::64533:TempBuffer 138 3440x1440:3440x1440:R10G10B10A2_TYPELESS;ResourceId::64537:TempBuffer 139 3440x1440:3440x1440:R8G8B8A8_TYPELESS;ResourceId::64541:TempBuffer 140 3440x1440:3440x1440:R8G8B8A8_TYPELESS;ResourceId::64545:TempBuffer 141 3440x1440:3440x1440:R8_TYPELESS;ResourceId::64553:TempBuffer 143 3440x1440:3440x1440:R8_TYPELESS;ResourceId::64549:TempBuffer 142 3440x1440:3440x1440:R8_TYPELESS	ResourceId::61073
8901	ps	miHoYo/Uber/Scene/Scene_Uber_PatternBaseSnow	642	3	ResourceId::64533:TempBuffer 138 3440x1440:3440x1440:R10G10B10A2_TYPELESS;ResourceId::64537:TempBuffer 139 3440x1440:3440x1440:R8G8B8A8_TYPELESS;ResourceId::64541:TempBuffer 140 3440x1440:3440x1440:R8G8B8A8_TYPELESS;ResourceId::64545:TempBuffer 141 3440x1440:3440x1440:R8_TYPELESS;ResourceId::64553:TempBuffer 143 3440x1440:3440x1440:R8_TYPELESS;ResourceId::64549:TempBuffer 142 3440x1440:3440x1440:R8_TYPELESS	ResourceId::61073
8907	ps	miHoYo/Uber/Scene/Scene_Uber_PatternBaseSnow	642	1	ResourceId::64533:TempBuffer 138 3440x1440:3440x1440:R10G10B10A2_TYPELESS;ResourceId::64537:TempBuffer 139 3440x1440:3440x1440:R8G8B8A8_TYPELESS;ResourceId::64541:TempBuffer 140 3440x1440:3440x1440:R8G8B8A8_TYPELESS;ResourceId::64545:TempBuffer 141 3440x1440:3440x1440:R8_TYPELESS;ResourceId::64553:TempBuffer 143 3440x1440:3440x1440:R8_TYPELESS;ResourceId::64549:TempBuffer 142 3440x1440:3440x1440:R8_TYPELESS	ResourceId::61073
8913	ps	miHoYo/Uber/Scene/Scene_Uber_PatternBaseSnow	396	20	ResourceId::64533:TempBuffer 138 3440x1440:3440x1440:R10G10B10A2_TYPELESS;ResourceId::64537:TempBuffer 139 3440x1440:3440x1440:R8G8B8A8_TYPELESS;ResourceId::64541:TempBuffer 140 3440x1440:3440x1440:R8G8B8A8_TYPELESS;ResourceId::64545:TempBuffer 141 3440x1440:3440x1440:R8_TYPELESS;ResourceId::64553:TempBuffer 143 3440x1440:3440x1440:R8_TYPELESS;ResourceId::64549:TempBuffer 142 3440x1440:3440x1440:R8_TYPELESS	ResourceId::61073
8919	ps	miHoYo/Uber/Scene/Scene_Uber_PatternBaseSnow	408	26	ResourceId::64533:TempBuffer 138 3440x1440:3440x1440:R10G10B10A2_TYPELESS;ResourceId::64537:TempBuffer 139 3440x1440:3440x1440:R8G8B8A8_TYPELESS;ResourceId::64541:TempBuffer 140 3440x1440:3440x1440:R8G8B8A8_TYPELESS;ResourceId::64545:TempBuffer 141 3440x1440:3440x1440:R8_TYPELESS;ResourceId::64553:TempBuffer 143 3440x1440:3440x1440:R8_TYPELESS;ResourceId::64549:TempBuffer 142 3440x1440:3440x1440:R8_TYPELESS	ResourceId::61073
8927	ps	miHoYo/Uber/Scene/Scene_Uber_PatternBaseSnow	2634	1	ResourceId::64533:TempBuffer 138 3440x1440:3440x1440:R10G10B10A2_TYPELESS;ResourceId::64537:TempBuffer 139 3440x1440:3440x1440:R8G8B8A8_TYPELESS;ResourceId::64541:TempBuffer 140 3440x1440:3440x1440:R8G8B8A8_TYPELESS;ResourceId::64545:TempBuffer 141 3440x1440:3440x1440:R8_TYPELESS;ResourceId::64553:TempBuffer 143 3440x1440:3440x1440:R8_TYPELESS;ResourceId::64549:TempBuffer 142 3440x1440:3440x1440:R8_TYPELESS	ResourceId::61073
8933	ps	miHoYo/Uber/Scene/Scene_Uber_PatternBaseSnow	1992	1	ResourceId::64533:TempBuffer 138 3440x1440:3440x1440:R10G10B10A2_TYPELESS;ResourceId::64537:TempBuffer 139 3440x1440:3440x1440:R8G8B8A8_TYPELESS;ResourceId::64541:TempBuffer 140 3440x1440:3440x1440:R8G8B8A8_TYPELESS;ResourceId::64545:TempBuffer 141 3440x1440:3440x1440:R8_TYPELESS;ResourceId::64553:TempBuffer 143 3440x1440:3440x1440:R8_TYPELESS;ResourceId::64549:TempBuffer 142 3440x1440:3440x1440:R8_TYPELESS	ResourceId::61073
8939	ps	miHoYo/Uber/Scene/Scene_Uber_PatternBaseSnow	5304	1	ResourceId::64533:TempBuffer 138 3440x1440:3440x1440:R10G10B10A2_TYPELESS;ResourceId::64537:TempBuffer 139 3440x1440:3440x1440:R8G8B8A8_TYPELESS;ResourceId::64541:TempBuffer 140 3440x1440:3440x1440:R8G8B8A8_TYPELESS;ResourceId::64545:TempBuffer 141 3440x1440:3440x1440:R8_TYPELESS;ResourceId::64553:TempBuffer 143 3440x1440:3440x1440:R8_TYPELESS;ResourceId::64549:TempBuffer 142 3440x1440:3440x1440:R8_TYPELESS	ResourceId::61073
8945	ps	miHoYo/Uber/Scene/Scene_Uber_PatternBaseSnow	9009	1	ResourceId::64533:TempBuffer 138 3440x1440:3440x1440:R10G10B10A2_TYPELESS;ResourceId::64537:TempBuffer 139 3440x1440:3440x1440:R8G8B8A8_TYPELESS;ResourceId::64541:TempBuffer 140 3440x1440:3440x1440:R8G8B8A8_TYPELESS;ResourceId::64545:TempBuffer 141 3440x1440:3440x1440:R8_TYPELESS;ResourceId::64553:TempBuffer 143 3440x1440:3440x1440:R8_TYPELESS;ResourceId::64549:TempBuffer 142 3440x1440:3440x1440:R8_TYPELESS	ResourceId::61073
8951	ps	miHoYo/Uber/Scene/Scene_Uber_PatternBaseSnow	16356	1	ResourceId::64533:TempBuffer 138 3440x1440:3440x1440:R10G10B10A2_TYPELESS;ResourceId::64537:TempBuffer 139 3440x1440:3440x1440:R8G8B8A8_TYPELESS;ResourceId::64541:TempBuffer 140 3440x1440:3440x1440:R8G8B8A8_TYPELESS;ResourceId::64545:TempBuffer 141 3440x1440:3440x1440:R8_TYPELESS;ResourceId::64553:TempBuffer 143 3440x1440:3440x1440:R8_TYPELESS;ResourceId::64549:TempBuffer 142 3440x1440:3440x1440:R8_TYPELESS	ResourceId::61073
8957	ps	miHoYo/Uber/Scene/Scene_Uber_PatternBaseSnow	1290	4	ResourceId::64533:TempBuffer 138 3440x1440:3440x1440:R10G10B10A2_TYPELESS;ResourceId::64537:TempBuffer 139 3440x1440:3440x1440:R8G8B8A8_TYPELESS;ResourceId::64541:TempBuffer 140 3440x1440:3440x1440:R8G8B8A8_TYPELESS;ResourceId::64545:TempBuffer 141 3440x1440:3440x1440:R8_TYPELESS;ResourceId::64553:TempBuffer 143 3440x1440:3440x1440:R8_TYPELESS;ResourceId::64549:TempBuffer 142 3440x1440:3440x1440:R8_TYPELESS	ResourceId::61073
8963	ps	miHoYo/Uber/Scene/Scene_Uber_PatternBaseSnow	1290	3	ResourceId::64533:TempBuffer 138 3440x1440:3440x1440:R10G10B10A2_TYPELESS;ResourceId::64537:TempBuffer 139 3440x1440:3440x1440:R8G8B8A8_TYPELESS;ResourceId::64541:TempBuffer 140 3440x1440:3440x1440:R8G8B8A8_TYPELESS;ResourceId::64545:TempBuffer 141 3440x1440:3440x1440:R8_TYPELESS;ResourceId::64553:TempBuffer 143 3440x1440:3440x1440:R8_TYPELESS;ResourceId::64549:TempBuffer 142 3440x1440:3440x1440:R8_TYPELESS	ResourceId::61073
8971	ps	miHoYo/Uber/Scene/Scene_Uber_PatternBaseSnow	1974	3	ResourceId::64533:TempBuffer 138 3440x1440:3440x1440:R10G10B10A2_TYPELESS;ResourceId::64537:TempBuffer 139 3440x1440:3440x1440:R8G8B8A8_TYPELESS;ResourceId::64541:TempBuffer 140 3440x1440:3440x1440:R8G8B8A8_TYPELESS;ResourceId::64545:TempBuffer 141 3440x1440:3440x1440:R8_TYPELESS;ResourceId::64553:TempBuffer 143 3440x1440:3440x1440:R8_TYPELESS;ResourceId::64549:TempBuffer 142 3440x1440:3440x1440:R8_TYPELESS	ResourceId::61073
8977	ps	miHoYo/Uber/Scene/Scene_Uber_PatternBaseSnow	1974	1	ResourceId::64533:TempBuffer 138 3440x1440:3440x1440:R10G10B10A2_TYPELESS;ResourceId::64537:TempBuffer 139 3440x1440:3440x1440:R8G8B8A8_TYPELESS;ResourceId::64541:TempBuffer 140 3440x1440:3440x1440:R8G8B8A8_TYPELESS;ResourceId::64545:TempBuffer 141 3440x1440:3440x1440:R8_TYPELESS;ResourceId::64553:TempBuffer 143 3440x1440:3440x1440:R8_TYPELESS;ResourceId::64549:TempBuffer 142 3440x1440:3440x1440:R8_TYPELESS	ResourceId::61073
8985	ps	miHoYo/Uber/Scene/Scene_Uber_PatternBaseSnow	3021	1	ResourceId::64533:TempBuffer 138 3440x1440:3440x1440:R10G10B10A2_TYPELESS;ResourceId::64537:TempBuffer 139 3440x1440:3440x1440:R8G8B8A8_TYPELESS;ResourceId::64541:TempBuffer 140 3440x1440:3440x1440:R8G8B8A8_TYPELESS;ResourceId::64545:TempBuffer 141 3440x1440:3440x1440:R8_TYPELESS;ResourceId::64553:TempBuffer 143 3440x1440:3440x1440:R8_TYPELESS;ResourceId::64549:TempBuffer 142 3440x1440:3440x1440:R8_TYPELESS	ResourceId::61073
8991	ps	miHoYo/Uber/Scene/Scene_Uber_PatternBaseSnow	3021	1	ResourceId::64533:TempBuffer 138 3440x1440:3440x1440:R10G10B10A2_TYPELESS;ResourceId::64537:TempBuffer 139 3440x1440:3440x1440:R8G8B8A8_TYPELESS;ResourceId::64541:TempBuffer 140 3440x1440:3440x1440:R8G8B8A8_TYPELESS;ResourceId::64545:TempBuffer 141 3440x1440:3440x1440:R8_TYPELESS;ResourceId::64553:TempBuffer 143 3440x1440:3440x1440:R8_TYPELESS;ResourceId::64549:TempBuffer 142 3440x1440:3440x1440:R8_TYPELESS	ResourceId::61073
8999	ps	miHoYo/Uber/Scene/Scene_Uber_PatternBaseSnow	5010	2	ResourceId::64533:TempBuffer 138 3440x1440:3440x1440:R10G10B10A2_TYPELESS;ResourceId::64537:TempBuffer 139 3440x1440:3440x1440:R8G8B8A8_TYPELESS;ResourceId::64541:TempBuffer 140 3440x1440:3440x1440:R8G8B8A8_TYPELESS;ResourceId::64545:TempBuffer 141 3440x1440:3440x1440:R8_TYPELESS;ResourceId::64553:TempBuffer 143 3440x1440:3440x1440:R8_TYPELESS;ResourceId::64549:TempBuffer 142 3440x1440:3440x1440:R8_TYPELESS	ResourceId::61073
9007	ps	miHoYo/Uber/Scene/Scene_Uber_PatternBaseSnow	1128	5	ResourceId::64533:TempBuffer 138 3440x1440:3440x1440:R10G10B10A2_TYPELESS;ResourceId::64537:TempBuffer 139 3440x1440:3440x1440:R8G8B8A8_TYPELESS;ResourceId::64541:TempBuffer 140 3440x1440:3440x1440:R8G8B8A8_TYPELESS;ResourceId::64545:TempBuffer 141 3440x1440:3440x1440:R8_TYPELESS;ResourceId::64553:TempBuffer 143 3440x1440:3440x1440:R8_TYPELESS;ResourceId::64549:TempBuffer 142 3440x1440:3440x1440:R8_TYPELESS	ResourceId::61073
9015	ps	miHoYo/Uber/Scene/Scene_Uber_PatternBaseSnow	702	5	ResourceId::64533:TempBuffer 138 3440x1440:3440x1440:R10G10B10A2_TYPELESS;ResourceId::64537:TempBuffer 139 3440x1440:3440x1440:R8G8B8A8_TYPELESS;ResourceId::64541:TempBuffer 140 3440x1440:3440x1440:R8G8B8A8_TYPELESS;ResourceId::64545:TempBuffer 141 3440x1440:3440x1440:R8_TYPELESS;ResourceId::64553:TempBuffer 143 3440x1440:3440x1440:R8_TYPELESS;ResourceId::64549:TempBuffer 142 3440x1440:3440x1440:R8_TYPELESS	ResourceId::61073
9021	ps	miHoYo/Uber/Scene/Scene_Uber_PatternBaseSnow	7518	4	ResourceId::64533:TempBuffer 138 3440x1440:3440x1440:R10G10B10A2_TYPELESS;ResourceId::64537:TempBuffer 139 3440x1440:3440x1440:R8G8B8A8_TYPELESS;ResourceId::64541:TempBuffer 140 3440x1440:3440x1440:R8G8B8A8_TYPELESS;ResourceId::64545:TempBuffer 141 3440x1440:3440x1440:R8_TYPELESS;ResourceId::64553:TempBuffer 143 3440x1440:3440x1440:R8_TYPELESS;ResourceId::64549:TempBuffer 142 3440x1440:3440x1440:R8_TYPELESS	ResourceId::61073
9028	ps	miHoYo/Uber/Scene/Scene_Uber_PatternBaseSnow	3753	1	ResourceId::64533:TempBuffer 138 3440x1440:3440x1440:R10G10B10A2_TYPELESS;ResourceId::64537:TempBuffer 139 3440x1440:3440x1440:R8G8B8A8_TYPELESS;ResourceId::64541:TempBuffer 140 3440x1440:3440x1440:R8G8B8A8_TYPELESS;ResourceId::64545:TempBuffer 141 3440x1440:3440x1440:R8_TYPELESS;ResourceId::64553:TempBuffer 143 3440x1440:3440x1440:R8_TYPELESS;ResourceId::64549:TempBuffer 142 3440x1440:3440x1440:R8_TYPELESS	ResourceId::61073
9035	ps	miHoYo/Uber/Scene/Scene_Uber_PatternBaseSnow	1773	2	ResourceId::64533:TempBuffer 138 3440x1440:3440x1440:R10G10B10A2_TYPELESS;ResourceId::64537:TempBuffer 139 3440x1440:3440x1440:R8G8B8A8_TYPELESS;ResourceId::64541:TempBuffer 140 3440x1440:3440x1440:R8G8B8A8_TYPELESS;ResourceId::64545:TempBuffer 141 3440x1440:3440x1440:R8_TYPELESS;ResourceId::64553:TempBuffer 143 3440x1440:3440x1440:R8_TYPELESS;ResourceId::64549:TempBuffer 142 3440x1440:3440x1440:R8_TYPELESS	ResourceId::61073
9041	ps	miHoYo/Uber/Scene/Scene_Uber_PatternBaseSnow	1773	4	ResourceId::64533:TempBuffer 138 3440x1440:3440x1440:R10G10B10A2_TYPELESS;ResourceId::64537:TempBuffer 139 3440x1440:3440x1440:R8G8B8A8_TYPELESS;ResourceId::64541:TempBuffer 140 3440x1440:3440x1440:R8G8B8A8_TYPELESS;ResourceId::64545:TempBuffer 141 3440x1440:3440x1440:R8_TYPELESS;ResourceId::64553:TempBuffer 143 3440x1440:3440x1440:R8_TYPELESS;ResourceId::64549:TempBuffer 142 3440x1440:3440x1440:R8_TYPELESS	ResourceId::61073
9049	ps	miHoYo/Uber/Scene/Scene_Uber_PatternBaseSnow	3078	1	ResourceId::64533:TempBuffer 138 3440x1440:3440x1440:R10G10B10A2_TYPELESS;ResourceId::64537:TempBuffer 139 3440x1440:3440x1440:R8G8B8A8_TYPELESS;ResourceId::64541:TempBuffer 140 3440x1440:3440x1440:R8G8B8A8_TYPELESS;ResourceId::64545:TempBuffer 141 3440x1440:3440x1440:R8_TYPELESS;ResourceId::64553:TempBuffer 143 3440x1440:3440x1440:R8_TYPELESS;ResourceId::64549:TempBuffer 142 3440x1440:3440x1440:R8_TYPELESS	ResourceId::61073
9055	ps	miHoYo/Uber/Scene/Scene_Uber_PatternBaseSnow	1692	1	ResourceId::64533:TempBuffer 138 3440x1440:3440x1440:R10G10B10A2_TYPELESS;ResourceId::64537:TempBuffer 139 3440x1440:3440x1440:R8G8B8A8_TYPELESS;ResourceId::64541:TempBuffer 140 3440x1440:3440x1440:R8G8B8A8_TYPELESS;ResourceId::64545:TempBuffer 141 3440x1440:3440x1440:R8_TYPELESS;ResourceId::64553:TempBuffer 143 3440x1440:3440x1440:R8_TYPELESS;ResourceId::64549:TempBuffer 142 3440x1440:3440x1440:R8_TYPELESS	ResourceId::61073
9063	ps	miHoYo/Uber/Scene/Scene_Uber_PatternBaseSnow	1422	1	ResourceId::64533:TempBuffer 138 3440x1440:3440x1440:R10G10B10A2_TYPELESS;ResourceId::64537:TempBuffer 139 3440x1440:3440x1440:R8G8B8A8_TYPELESS;ResourceId::64541:TempBuffer 140 3440x1440:3440x1440:R8G8B8A8_TYPELESS;ResourceId::64545:TempBuffer 141 3440x1440:3440x1440:R8_TYPELESS;ResourceId::64553:TempBuffer 143 3440x1440:3440x1440:R8_TYPELESS;ResourceId::64549:TempBuffer 142 3440x1440:3440x1440:R8_TYPELESS	ResourceId::61073
9071	ps	miHoYo/Uber/Scene/Scene_Uber_PatternBaseSnow	1284	1	ResourceId::64533:TempBuffer 138 3440x1440:3440x1440:R10G10B10A2_TYPELESS;ResourceId::64537:TempBuffer 139 3440x1440:3440x1440:R8G8B8A8_TYPELESS;ResourceId::64541:TempBuffer 140 3440x1440:3440x1440:R8G8B8A8_TYPELESS;ResourceId::64545:TempBuffer 141 3440x1440:3440x1440:R8_TYPELESS;ResourceId::64553:TempBuffer 143 3440x1440:3440x1440:R8_TYPELESS;ResourceId::64549:TempBuffer 142 3440x1440:3440x1440:R8_TYPELESS	ResourceId::61073
9077	ps	miHoYo/Uber/Scene/Scene_Uber_PatternBaseSnow	8484	2	ResourceId::64533:TempBuffer 138 3440x1440:3440x1440:R10G10B10A2_TYPELESS;ResourceId::64537:TempBuffer 139 3440x1440:3440x1440:R8G8B8A8_TYPELESS;ResourceId::64541:TempBuffer 140 3440x1440:3440x1440:R8G8B8A8_TYPELESS;ResourceId::64545:TempBuffer 141 3440x1440:3440x1440:R8_TYPELESS;ResourceId::64553:TempBuffer 143 3440x1440:3440x1440:R8_TYPELESS;ResourceId::64549:TempBuffer 142 3440x1440:3440x1440:R8_TYPELESS	ResourceId::61073
9083	ps	miHoYo/Uber/Scene/Scene_Uber_PatternBaseSnow	11622	2	ResourceId::64533:TempBuffer 138 3440x1440:3440x1440:R10G10B10A2_TYPELESS;ResourceId::64537:TempBuffer 139 3440x1440:3440x1440:R8G8B8A8_TYPELESS;ResourceId::64541:TempBuffer 140 3440x1440:3440x1440:R8G8B8A8_TYPELESS;ResourceId::64545:TempBuffer 141 3440x1440:3440x1440:R8_TYPELESS;ResourceId::64553:TempBuffer 143 3440x1440:3440x1440:R8_TYPELESS;ResourceId::64549:TempBuffer 142 3440x1440:3440x1440:R8_TYPELESS	ResourceId::61073
9089	ps	miHoYo/Uber/Scene/Scene_Uber_PatternBaseSnow	1956	1	ResourceId::64533:TempBuffer 138 3440x1440:3440x1440:R10G10B10A2_TYPELESS;ResourceId::64537:TempBuffer 139 3440x1440:3440x1440:R8G8B8A8_TYPELESS;ResourceId::64541:TempBuffer 140 3440x1440:3440x1440:R8G8B8A8_TYPELESS;ResourceId::64545:TempBuffer 141 3440x1440:3440x1440:R8_TYPELESS;ResourceId::64553:TempBuffer 143 3440x1440:3440x1440:R8_TYPELESS;ResourceId::64549:TempBuffer 142 3440x1440:3440x1440:R8_TYPELESS	ResourceId::61073
9095	ps	miHoYo/Uber/Scene/Scene_Uber_PatternBaseSnow	2634	1	ResourceId::64533:TempBuffer 138 3440x1440:3440x1440:R10G10B10A2_TYPELESS;ResourceId::64537:TempBuffer 139 3440x1440:3440x1440:R8G8B8A8_TYPELESS;ResourceId::64541:TempBuffer 140 3440x1440:3440x1440:R8G8B8A8_TYPELESS;ResourceId::64545:TempBuffer 141 3440x1440:3440x1440:R8_TYPELESS;ResourceId::64553:TempBuffer 143 3440x1440:3440x1440:R8_TYPELESS;ResourceId::64549:TempBuffer 142 3440x1440:3440x1440:R8_TYPELESS	ResourceId::61073
9101	ps	miHoYo/Uber/Scene/Scene_Uber_PatternBaseSnow	7884	2	ResourceId::64533:TempBuffer 138 3440x1440:3440x1440:R10G10B10A2_TYPELESS;ResourceId::64537:TempBuffer 139 3440x1440:3440x1440:R8G8B8A8_TYPELESS;ResourceId::64541:TempBuffer 140 3440x1440:3440x1440:R8G8B8A8_TYPELESS;ResourceId::64545:TempBuffer 141 3440x1440:3440x1440:R8_TYPELESS;ResourceId::64553:TempBuffer 143 3440x1440:3440x1440:R8_TYPELESS;ResourceId::64549:TempBuffer 142 3440x1440:3440x1440:R8_TYPELESS	ResourceId::61073
9107	ps	miHoYo/Uber/Scene/Scene_Uber_PatternBaseSnow	4644	1	ResourceId::64533:TempBuffer 138 3440x1440:3440x1440:R10G10B10A2_TYPELESS;ResourceId::64537:TempBuffer 139 3440x1440:3440x1440:R8G8B8A8_TYPELESS;ResourceId::64541:TempBuffer 140 3440x1440:3440x1440:R8G8B8A8_TYPELESS;ResourceId::64545:TempBuffer 141 3440x1440:3440x1440:R8_TYPELESS;ResourceId::64553:TempBuffer 143 3440x1440:3440x1440:R8_TYPELESS;ResourceId::64549:TempBuffer 142 3440x1440:3440x1440:R8_TYPELESS	ResourceId::61073
9113	ps	miHoYo/Uber/Scene/Scene_Uber_PatternBaseSnow	7518	3	ResourceId::64533:TempBuffer 138 3440x1440:3440x1440:R10G10B10A2_TYPELESS;ResourceId::64537:TempBuffer 139 3440x1440:3440x1440:R8G8B8A8_TYPELESS;ResourceId::64541:TempBuffer 140 3440x1440:3440x1440:R8G8B8A8_TYPELESS;ResourceId::64545:TempBuffer 141 3440x1440:3440x1440:R8_TYPELESS;ResourceId::64553:TempBuffer 143 3440x1440:3440x1440:R8_TYPELESS;ResourceId::64549:TempBuffer 142 3440x1440:3440x1440:R8_TYPELESS	ResourceId::61073
9146	ps	miHoYo/Uber/Scene/Scene_Uber_PatternBaseSnow	252	1	ResourceId::64533:TempBuffer 138 3440x1440:3440x1440:R10G10B10A2_TYPELESS;ResourceId::64537:TempBuffer 139 3440x1440:3440x1440:R8G8B8A8_TYPELESS;ResourceId::64541:TempBuffer 140 3440x1440:3440x1440:R8G8B8A8_TYPELESS;ResourceId::64545:TempBuffer 141 3440x1440:3440x1440:R8_TYPELESS;ResourceId::64553:TempBuffer 143 3440x1440:3440x1440:R8_TYPELESS;ResourceId::64549:TempBuffer 142 3440x1440:3440x1440:R8_TYPELESS	ResourceId::61073
9152	ps	miHoYo/Uber/Scene/Scene_Uber_PatternBaseSnow	252	1	ResourceId::64533:TempBuffer 138 3440x1440:3440x1440:R10G10B10A2_TYPELESS;ResourceId::64537:TempBuffer 139 3440x1440:3440x1440:R8G8B8A8_TYPELESS;ResourceId::64541:TempBuffer 140 3440x1440:3440x1440:R8G8B8A8_TYPELESS;ResourceId::64545:TempBuffer 141 3440x1440:3440x1440:R8_TYPELESS;ResourceId::64553:TempBuffer 143 3440x1440:3440x1440:R8_TYPELESS;ResourceId::64549:TempBuffer 142 3440x1440:3440x1440:R8_TYPELESS	ResourceId::61073
9160	ps	miHoYo/Uber/Scene/Scene_Uber_PatternBaseSnow	4137	2	ResourceId::64533:TempBuffer 138 3440x1440:3440x1440:R10G10B10A2_TYPELESS;ResourceId::64537:TempBuffer 139 3440x1440:3440x1440:R8G8B8A8_TYPELESS;ResourceId::64541:TempBuffer 140 3440x1440:3440x1440:R8G8B8A8_TYPELESS;ResourceId::64545:TempBuffer 141 3440x1440:3440x1440:R8_TYPELESS;ResourceId::64553:TempBuffer 143 3440x1440:3440x1440:R8_TYPELESS;ResourceId::64549:TempBuffer 142 3440x1440:3440x1440:R8_TYPELESS	ResourceId::61073
9168	ps	miHoYo/Uber/Scene/Scene_Uber_PatternBaseSnow	480	20	ResourceId::64533:TempBuffer 138 3440x1440:3440x1440:R10G10B10A2_TYPELESS;ResourceId::64537:TempBuffer 139 3440x1440:3440x1440:R8G8B8A8_TYPELESS;ResourceId::64541:TempBuffer 140 3440x1440:3440x1440:R8G8B8A8_TYPELESS;ResourceId::64545:TempBuffer 141 3440x1440:3440x1440:R8_TYPELESS;ResourceId::64553:TempBuffer 143 3440x1440:3440x1440:R8_TYPELESS;ResourceId::64549:TempBuffer 142 3440x1440:3440x1440:R8_TYPELESS	ResourceId::61073
9176	ps	miHoYo/Uber/Scene/Scene_Uber_PatternBaseSnow	3081	1	ResourceId::64533:TempBuffer 138 3440x1440:3440x1440:R10G10B10A2_TYPELESS;ResourceId::64537:TempBuffer 139 3440x1440:3440x1440:R8G8B8A8_TYPELESS;ResourceId::64541:TempBuffer 140 3440x1440:3440x1440:R8G8B8A8_TYPELESS;ResourceId::64545:TempBuffer 141 3440x1440:3440x1440:R8_TYPELESS;ResourceId::64553:TempBuffer 143 3440x1440:3440x1440:R8_TYPELESS;ResourceId::64549:TempBuffer 142 3440x1440:3440x1440:R8_TYPELESS	ResourceId::61073
9182	ps	miHoYo/Uber/Scene/Scene_Uber_PatternBaseSnow	924	1	ResourceId::64533:TempBuffer 138 3440x1440:3440x1440:R10G10B10A2_TYPELESS;ResourceId::64537:TempBuffer 139 3440x1440:3440x1440:R8G8B8A8_TYPELESS;ResourceId::64541:TempBuffer 140 3440x1440:3440x1440:R8G8B8A8_TYPELESS;ResourceId::64545:TempBuffer 141 3440x1440:3440x1440:R8_TYPELESS;ResourceId::64553:TempBuffer 143 3440x1440:3440x1440:R8_TYPELESS;ResourceId::64549:TempBuffer 142 3440x1440:3440x1440:R8_TYPELESS	ResourceId::61073
9188	ps	miHoYo/Uber/Scene/Scene_Uber_PatternBaseSnow	1311	1	ResourceId::64533:TempBuffer 138 3440x1440:3440x1440:R10G10B10A2_TYPELESS;ResourceId::64537:TempBuffer 139 3440x1440:3440x1440:R8G8B8A8_TYPELESS;ResourceId::64541:TempBuffer 140 3440x1440:3440x1440:R8G8B8A8_TYPELESS;ResourceId::64545:TempBuffer 141 3440x1440:3440x1440:R8_TYPELESS;ResourceId::64553:TempBuffer 143 3440x1440:3440x1440:R8_TYPELESS;ResourceId::64549:TempBuffer 142 3440x1440:3440x1440:R8_TYPELESS	ResourceId::61073
9194	ps	miHoYo/Uber/Scene/Scene_Uber_PatternBaseSnow	2415	1	ResourceId::64533:TempBuffer 138 3440x1440:3440x1440:R10G10B10A2_TYPELESS;ResourceId::64537:TempBuffer 139 3440x1440:3440x1440:R8G8B8A8_TYPELESS;ResourceId::64541:TempBuffer 140 3440x1440:3440x1440:R8G8B8A8_TYPELESS;ResourceId::64545:TempBuffer 141 3440x1440:3440x1440:R8_TYPELESS;ResourceId::64553:TempBuffer 143 3440x1440:3440x1440:R8_TYPELESS;ResourceId::64549:TempBuffer 142 3440x1440:3440x1440:R8_TYPELESS	ResourceId::61073
9200	ps	miHoYo/Uber/Scene/Scene_Uber_PatternBaseSnow	5829	1	ResourceId::64533:TempBuffer 138 3440x1440:3440x1440:R10G10B10A2_TYPELESS;ResourceId::64537:TempBuffer 139 3440x1440:3440x1440:R8G8B8A8_TYPELESS;ResourceId::64541:TempBuffer 140 3440x1440:3440x1440:R8G8B8A8_TYPELESS;ResourceId::64545:TempBuffer 141 3440x1440:3440x1440:R8_TYPELESS;ResourceId::64553:TempBuffer 143 3440x1440:3440x1440:R8_TYPELESS;ResourceId::64549:TempBuffer 142 3440x1440:3440x1440:R8_TYPELESS	ResourceId::61073
9206	ps	miHoYo/Uber/Scene/Scene_Uber_PatternBaseSnow	162	2	ResourceId::64533:TempBuffer 138 3440x1440:3440x1440:R10G10B10A2_TYPELESS;ResourceId::64537:TempBuffer 139 3440x1440:3440x1440:R8G8B8A8_TYPELESS;ResourceId::64541:TempBuffer 140 3440x1440:3440x1440:R8G8B8A8_TYPELESS;ResourceId::64545:TempBuffer 141 3440x1440:3440x1440:R8_TYPELESS;ResourceId::64553:TempBuffer 143 3440x1440:3440x1440:R8_TYPELESS;ResourceId::64549:TempBuffer 142 3440x1440:3440x1440:R8_TYPELESS	ResourceId::61073
9212	ps	miHoYo/Uber/Scene/Scene_Uber_PatternBaseSnow	2601	4	ResourceId::64533:TempBuffer 138 3440x1440:3440x1440:R10G10B10A2_TYPELESS;ResourceId::64537:TempBuffer 139 3440x1440:3440x1440:R8G8B8A8_TYPELESS;ResourceId::64541:TempBuffer 140 3440x1440:3440x1440:R8G8B8A8_TYPELESS;ResourceId::64545:TempBuffer 141 3440x1440:3440x1440:R8_TYPELESS;ResourceId::64553:TempBuffer 143 3440x1440:3440x1440:R8_TYPELESS;ResourceId::64549:TempBuffer 142 3440x1440:3440x1440:R8_TYPELESS	ResourceId::61073
9219	ps	miHoYo/Uber/Scene/Scene_Uber_PatternBaseSnow	1509	1	ResourceId::64533:TempBuffer 138 3440x1440:3440x1440:R10G10B10A2_TYPELESS;ResourceId::64537:TempBuffer 139 3440x1440:3440x1440:R8G8B8A8_TYPELESS;ResourceId::64541:TempBuffer 140 3440x1440:3440x1440:R8G8B8A8_TYPELESS;ResourceId::64545:TempBuffer 141 3440x1440:3440x1440:R8_TYPELESS;ResourceId::64553:TempBuffer 143 3440x1440:3440x1440:R8_TYPELESS;ResourceId::64549:TempBuffer 142 3440x1440:3440x1440:R8_TYPELESS	ResourceId::61073
9226	ps	miHoYo/Uber/Scene/Scene_Uber_PatternBaseSnow	2202	1	ResourceId::64533:TempBuffer 138 3440x1440:3440x1440:R10G10B10A2_TYPELESS;ResourceId::64537:TempBuffer 139 3440x1440:3440x1440:R8G8B8A8_TYPELESS;ResourceId::64541:TempBuffer 140 3440x1440:3440x1440:R8G8B8A8_TYPELESS;ResourceId::64545:TempBuffer 141 3440x1440:3440x1440:R8_TYPELESS;ResourceId::64553:TempBuffer 143 3440x1440:3440x1440:R8_TYPELESS;ResourceId::64549:TempBuffer 142 3440x1440:3440x1440:R8_TYPELESS	ResourceId::61073
9232	ps	miHoYo/Uber/Scene/Scene_Uber_PatternBaseSnow	1713	1	ResourceId::64533:TempBuffer 138 3440x1440:3440x1440:R10G10B10A2_TYPELESS;ResourceId::64537:TempBuffer 139 3440x1440:3440x1440:R8G8B8A8_TYPELESS;ResourceId::64541:TempBuffer 140 3440x1440:3440x1440:R8G8B8A8_TYPELESS;ResourceId::64545:TempBuffer 141 3440x1440:3440x1440:R8_TYPELESS;ResourceId::64553:TempBuffer 143 3440x1440:3440x1440:R8_TYPELESS;ResourceId::64549:TempBuffer 142 3440x1440:3440x1440:R8_TYPELESS	ResourceId::61073
9240	ps	miHoYo/Uber/Scene/Scene_Uber_PatternBaseSnow	168	1	ResourceId::64533:TempBuffer 138 3440x1440:3440x1440:R10G10B10A2_TYPELESS;ResourceId::64537:TempBuffer 139 3440x1440:3440x1440:R8G8B8A8_TYPELESS;ResourceId::64541:TempBuffer 140 3440x1440:3440x1440:R8G8B8A8_TYPELESS;ResourceId::64545:TempBuffer 141 3440x1440:3440x1440:R8_TYPELESS;ResourceId::64553:TempBuffer 143 3440x1440:3440x1440:R8_TYPELESS;ResourceId::64549:TempBuffer 142 3440x1440:3440x1440:R8_TYPELESS	ResourceId::61073
9248	ps	miHoYo/Uber/Scene/Scene_Uber_PatternBaseSnow	1710	1	ResourceId::64533:TempBuffer 138 3440x1440:3440x1440:R10G10B10A2_TYPELESS;ResourceId::64537:TempBuffer 139 3440x1440:3440x1440:R8G8B8A8_TYPELESS;ResourceId::64541:TempBuffer 140 3440x1440:3440x1440:R8G8B8A8_TYPELESS;ResourceId::64545:TempBuffer 141 3440x1440:3440x1440:R8_TYPELESS;ResourceId::64553:TempBuffer 143 3440x1440:3440x1440:R8_TYPELESS;ResourceId::64549:TempBuffer 142 3440x1440:3440x1440:R8_TYPELESS	ResourceId::61073
9254	ps	miHoYo/Uber/Scene/Scene_Uber_PatternBaseSnow	5157	2	ResourceId::64533:TempBuffer 138 3440x1440:3440x1440:R10G10B10A2_TYPELESS;ResourceId::64537:TempBuffer 139 3440x1440:3440x1440:R8G8B8A8_TYPELESS;ResourceId::64541:TempBuffer 140 3440x1440:3440x1440:R8G8B8A8_TYPELESS;ResourceId::64545:TempBuffer 141 3440x1440:3440x1440:R8_TYPELESS;ResourceId::64553:TempBuffer 143 3440x1440:3440x1440:R8_TYPELESS;ResourceId::64549:TempBuffer 142 3440x1440:3440x1440:R8_TYPELESS	ResourceId::61073
9260	ps	miHoYo/Uber/Scene/Scene_Uber_PatternBaseSnow	2259	2	ResourceId::64533:TempBuffer 138 3440x1440:3440x1440:R10G10B10A2_TYPELESS;ResourceId::64537:TempBuffer 139 3440x1440:3440x1440:R8G8B8A8_TYPELESS;ResourceId::64541:TempBuffer 140 3440x1440:3440x1440:R8G8B8A8_TYPELESS;ResourceId::64545:TempBuffer 141 3440x1440:3440x1440:R8_TYPELESS;ResourceId::64553:TempBuffer 143 3440x1440:3440x1440:R8_TYPELESS;ResourceId::64549:TempBuffer 142 3440x1440:3440x1440:R8_TYPELESS	ResourceId::61073
9266	ps	miHoYo/Uber/Scene/Scene_Uber_PatternBaseSnow	834	1	ResourceId::64533:TempBuffer 138 3440x1440:3440x1440:R10G10B10A2_TYPELESS;ResourceId::64537:TempBuffer 139 3440x1440:3440x1440:R8G8B8A8_TYPELESS;ResourceId::64541:TempBuffer 140 3440x1440:3440x1440:R8G8B8A8_TYPELESS;ResourceId::64545:TempBuffer 141 3440x1440:3440x1440:R8_TYPELESS;ResourceId::64553:TempBuffer 143 3440x1440:3440x1440:R8_TYPELESS;ResourceId::64549:TempBuffer 142 3440x1440:3440x1440:R8_TYPELESS	ResourceId::61073
9272	ps	miHoYo/Uber/Scene/Scene_Uber_PatternBaseSnow	3081	1	ResourceId::64533:TempBuffer 138 3440x1440:3440x1440:R10G10B10A2_TYPELESS;ResourceId::64537:TempBuffer 139 3440x1440:3440x1440:R8G8B8A8_TYPELESS;ResourceId::64541:TempBuffer 140 3440x1440:3440x1440:R8G8B8A8_TYPELESS;ResourceId::64545:TempBuffer 141 3440x1440:3440x1440:R8_TYPELESS;ResourceId::64553:TempBuffer 143 3440x1440:3440x1440:R8_TYPELESS;ResourceId::64549:TempBuffer 142 3440x1440:3440x1440:R8_TYPELESS	ResourceId::61073
9278	ps	miHoYo/Uber/Scene/Scene_Uber_PatternBaseSnow	6129	2	ResourceId::64533:TempBuffer 138 3440x1440:3440x1440:R10G10B10A2_TYPELESS;ResourceId::64537:TempBuffer 139 3440x1440:3440x1440:R8G8B8A8_TYPELESS;ResourceId::64541:TempBuffer 140 3440x1440:3440x1440:R8G8B8A8_TYPELESS;ResourceId::64545:TempBuffer 141 3440x1440:3440x1440:R8_TYPELESS;ResourceId::64553:TempBuffer 143 3440x1440:3440x1440:R8_TYPELESS;ResourceId::64549:TempBuffer 142 3440x1440:3440x1440:R8_TYPELESS	ResourceId::61073
9284	ps	miHoYo/Uber/Scene/Scene_Uber_PatternBaseSnow	1464	1	ResourceId::64533:TempBuffer 138 3440x1440:3440x1440:R10G10B10A2_TYPELESS;ResourceId::64537:TempBuffer 139 3440x1440:3440x1440:R8G8B8A8_TYPELESS;ResourceId::64541:TempBuffer 140 3440x1440:3440x1440:R8G8B8A8_TYPELESS;ResourceId::64545:TempBuffer 141 3440x1440:3440x1440:R8_TYPELESS;ResourceId::64553:TempBuffer 143 3440x1440:3440x1440:R8_TYPELESS;ResourceId::64549:TempBuffer 142 3440x1440:3440x1440:R8_TYPELESS	ResourceId::61073
9290	ps	miHoYo/Uber/Scene/Scene_Uber_PatternBaseSnow	2601	3	ResourceId::64533:TempBuffer 138 3440x1440:3440x1440:R10G10B10A2_TYPELESS;ResourceId::64537:TempBuffer 139 3440x1440:3440x1440:R8G8B8A8_TYPELESS;ResourceId::64541:TempBuffer 140 3440x1440:3440x1440:R8G8B8A8_TYPELESS;ResourceId::64545:TempBuffer 141 3440x1440:3440x1440:R8_TYPELESS;ResourceId::64553:TempBuffer 143 3440x1440:3440x1440:R8_TYPELESS;ResourceId::64549:TempBuffer 142 3440x1440:3440x1440:R8_TYPELESS	ResourceId::61073
9325	ps	miHoYo/Uber/Scene/Scene_Uber_PatternBaseSnow	57	1	ResourceId::64533:TempBuffer 138 3440x1440:3440x1440:R10G10B10A2_TYPELESS;ResourceId::64537:TempBuffer 139 3440x1440:3440x1440:R8G8B8A8_TYPELESS;ResourceId::64541:TempBuffer 140 3440x1440:3440x1440:R8G8B8A8_TYPELESS;ResourceId::64545:TempBuffer 141 3440x1440:3440x1440:R8_TYPELESS;ResourceId::64553:TempBuffer 143 3440x1440:3440x1440:R8_TYPELESS;ResourceId::64549:TempBuffer 142 3440x1440:3440x1440:R8_TYPELESS	ResourceId::61073
9365	ps	miHoYo/Uber/Scene/Scene_Uber_Snow	78	1	ResourceId::64533:TempBuffer 138 3440x1440:3440x1440:R10G10B10A2_TYPELESS;ResourceId::64537:TempBuffer 139 3440x1440:3440x1440:R8G8B8A8_TYPELESS;ResourceId::64541:TempBuffer 140 3440x1440:3440x1440:R8G8B8A8_TYPELESS;ResourceId::64545:TempBuffer 141 3440x1440:3440x1440:R8_TYPELESS;ResourceId::64553:TempBuffer 143 3440x1440:3440x1440:R8_TYPELESS;ResourceId::64549:TempBuffer 142 3440x1440:3440x1440:R8_TYPELESS	ResourceId::61073
9371	ps	miHoYo/Uber/Scene/Scene_Uber_Snow	996	1	ResourceId::64533:TempBuffer 138 3440x1440:3440x1440:R10G10B10A2_TYPELESS;ResourceId::64537:TempBuffer 139 3440x1440:3440x1440:R8G8B8A8_TYPELESS;ResourceId::64541:TempBuffer 140 3440x1440:3440x1440:R8G8B8A8_TYPELESS;ResourceId::64545:TempBuffer 141 3440x1440:3440x1440:R8_TYPELESS;ResourceId::64553:TempBuffer 143 3440x1440:3440x1440:R8_TYPELESS;ResourceId::64549:TempBuffer 142 3440x1440:3440x1440:R8_TYPELESS	ResourceId::61073
9398	ps	miHoYo/Scene/Base New LOD2	1014	1	ResourceId::64533:TempBuffer 138 3440x1440:3440x1440:R10G10B10A2_TYPELESS;ResourceId::64537:TempBuffer 139 3440x1440:3440x1440:R8G8B8A8_TYPELESS;ResourceId::64541:TempBuffer 140 3440x1440:3440x1440:R8G8B8A8_TYPELESS;ResourceId::64545:TempBuffer 141 3440x1440:3440x1440:R8_TYPELESS;ResourceId::64553:TempBuffer 143 3440x1440:3440x1440:R8_TYPELESS;ResourceId::64549:TempBuffer 142 3440x1440:3440x1440:R8_TYPELESS	ResourceId::61073
9430	ps	miHoYo/Scene/Glass Interior	108	5	ResourceId::64533:TempBuffer 138 3440x1440:3440x1440:R10G10B10A2_TYPELESS;ResourceId::64537:TempBuffer 139 3440x1440:3440x1440:R8G8B8A8_TYPELESS;ResourceId::64541:TempBuffer 140 3440x1440:3440x1440:R8G8B8A8_TYPELESS;ResourceId::64545:TempBuffer 141 3440x1440:3440x1440:R8_TYPELESS;ResourceId::64553:TempBuffer 143 3440x1440:3440x1440:R8_TYPELESS;ResourceId::64549:TempBuffer 142 3440x1440:3440x1440:R8_TYPELESS	ResourceId::61073
9439	ps	miHoYo/Scene/Glass Interior	108	4	ResourceId::64533:TempBuffer 138 3440x1440:3440x1440:R10G10B10A2_TYPELESS;ResourceId::64537:TempBuffer 139 3440x1440:3440x1440:R8G8B8A8_TYPELESS;ResourceId::64541:TempBuffer 140 3440x1440:3440x1440:R8G8B8A8_TYPELESS;ResourceId::64545:TempBuffer 141 3440x1440:3440x1440:R8_TYPELESS;ResourceId::64553:TempBuffer 143 3440x1440:3440x1440:R8_TYPELESS;ResourceId::64549:TempBuffer 142 3440x1440:3440x1440:R8_TYPELESS	ResourceId::61073
9448	ps	miHoYo/Scene/Glass Interior	207	2	ResourceId::64533:TempBuffer 138 3440x1440:3440x1440:R10G10B10A2_TYPELESS;ResourceId::64537:TempBuffer 139 3440x1440:3440x1440:R8G8B8A8_TYPELESS;ResourceId::64541:TempBuffer 140 3440x1440:3440x1440:R8G8B8A8_TYPELESS;ResourceId::64545:TempBuffer 141 3440x1440:3440x1440:R8_TYPELESS;ResourceId::64553:TempBuffer 143 3440x1440:3440x1440:R8_TYPELESS;ResourceId::64549:TempBuffer 142 3440x1440:3440x1440:R8_TYPELESS	ResourceId::61073
9459	ps	miHoYo/Scene/Glass Interior	207	0	ResourceId::64533:TempBuffer 138 3440x1440:3440x1440:R10G10B10A2_TYPELESS;ResourceId::64537:TempBuffer 139 3440x1440:3440x1440:R8G8B8A8_TYPELESS;ResourceId::64541:TempBuffer 140 3440x1440:3440x1440:R8G8B8A8_TYPELESS;ResourceId::64545:TempBuffer 141 3440x1440:3440x1440:R8_TYPELESS;ResourceId::64553:TempBuffer 143 3440x1440:3440x1440:R8_TYPELESS;ResourceId::64549:TempBuffer 142 3440x1440:3440x1440:R8_TYPELESS	ResourceId::61073
9474	ps	miHoYo/Scene/Glass Interior	108	3	ResourceId::64533:TempBuffer 138 3440x1440:3440x1440:R10G10B10A2_TYPELESS;ResourceId::64537:TempBuffer 139 3440x1440:3440x1440:R8G8B8A8_TYPELESS;ResourceId::64541:TempBuffer 140 3440x1440:3440x1440:R8G8B8A8_TYPELESS;ResourceId::64545:TempBuffer 141 3440x1440:3440x1440:R8_TYPELESS;ResourceId::64553:TempBuffer 143 3440x1440:3440x1440:R8_TYPELESS;ResourceId::64549:TempBuffer 142 3440x1440:3440x1440:R8_TYPELESS	ResourceId::61073
9485	ps	miHoYo/Scene/Glass Interior	108	0	ResourceId::64533:TempBuffer 138 3440x1440:3440x1440:R10G10B10A2_TYPELESS;ResourceId::64537:TempBuffer 139 3440x1440:3440x1440:R8G8B8A8_TYPELESS;ResourceId::64541:TempBuffer 140 3440x1440:3440x1440:R8G8B8A8_TYPELESS;ResourceId::64545:TempBuffer 141 3440x1440:3440x1440:R8_TYPELESS;ResourceId::64553:TempBuffer 143 3440x1440:3440x1440:R8_TYPELESS;ResourceId::64549:TempBuffer 142 3440x1440:3440x1440:R8_TYPELESS	ResourceId::61073
9490	ps	miHoYo/Scene/Glass Interior	12	0	ResourceId::64533:TempBuffer 138 3440x1440:3440x1440:R10G10B10A2_TYPELESS;ResourceId::64537:TempBuffer 139 3440x1440:3440x1440:R8G8B8A8_TYPELESS;ResourceId::64541:TempBuffer 140 3440x1440:3440x1440:R8G8B8A8_TYPELESS;ResourceId::64545:TempBuffer 141 3440x1440:3440x1440:R8_TYPELESS;ResourceId::64553:TempBuffer 143 3440x1440:3440x1440:R8_TYPELESS;ResourceId::64549:TempBuffer 142 3440x1440:3440x1440:R8_TYPELESS	ResourceId::61073
9495	ps	miHoYo/Scene/Glass Interior	1122	0	ResourceId::64533:TempBuffer 138 3440x1440:3440x1440:R10G10B10A2_TYPELESS;ResourceId::64537:TempBuffer 139 3440x1440:3440x1440:R8G8B8A8_TYPELESS;ResourceId::64541:TempBuffer 140 3440x1440:3440x1440:R8G8B8A8_TYPELESS;ResourceId::64545:TempBuffer 141 3440x1440:3440x1440:R8_TYPELESS;ResourceId::64553:TempBuffer 143 3440x1440:3440x1440:R8_TYPELESS;ResourceId::64549:TempBuffer 142 3440x1440:3440x1440:R8_TYPELESS	ResourceId::61073
9500	ps	miHoYo/Scene/Glass Interior	2328	0	ResourceId::64533:TempBuffer 138 3440x1440:3440x1440:R10G10B10A2_TYPELESS;ResourceId::64537:TempBuffer 139 3440x1440:3440x1440:R8G8B8A8_TYPELESS;ResourceId::64541:TempBuffer 140 3440x1440:3440x1440:R8G8B8A8_TYPELESS;ResourceId::64545:TempBuffer 141 3440x1440:3440x1440:R8_TYPELESS;ResourceId::64553:TempBuffer 143 3440x1440:3440x1440:R8_TYPELESS;ResourceId::64549:TempBuffer 142 3440x1440:3440x1440:R8_TYPELESS	ResourceId::61073
9515	ps	miHoYo/Scene/Glass Interior	222	4	ResourceId::64533:TempBuffer 138 3440x1440:3440x1440:R10G10B10A2_TYPELESS;ResourceId::64537:TempBuffer 139 3440x1440:3440x1440:R8G8B8A8_TYPELESS;ResourceId::64541:TempBuffer 140 3440x1440:3440x1440:R8G8B8A8_TYPELESS;ResourceId::64545:TempBuffer 141 3440x1440:3440x1440:R8_TYPELESS;ResourceId::64553:TempBuffer 143 3440x1440:3440x1440:R8_TYPELESS;ResourceId::64549:TempBuffer 142 3440x1440:3440x1440:R8_TYPELESS	ResourceId::61073
9524	ps	miHoYo/Scene/Glass Interior	222	3	ResourceId::64533:TempBuffer 138 3440x1440:3440x1440:R10G10B10A2_TYPELESS;ResourceId::64537:TempBuffer 139 3440x1440:3440x1440:R8G8B8A8_TYPELESS;ResourceId::64541:TempBuffer 140 3440x1440:3440x1440:R8G8B8A8_TYPELESS;ResourceId::64545:TempBuffer 141 3440x1440:3440x1440:R8_TYPELESS;ResourceId::64553:TempBuffer 143 3440x1440:3440x1440:R8_TYPELESS;ResourceId::64549:TempBuffer 142 3440x1440:3440x1440:R8_TYPELESS	ResourceId::61073
9531	ps	miHoYo/Scene/Glass Interior	471	3	ResourceId::64533:TempBuffer 138 3440x1440:3440x1440:R10G10B10A2_TYPELESS;ResourceId::64537:TempBuffer 139 3440x1440:3440x1440:R8G8B8A8_TYPELESS;ResourceId::64541:TempBuffer 140 3440x1440:3440x1440:R8G8B8A8_TYPELESS;ResourceId::64545:TempBuffer 141 3440x1440:3440x1440:R8_TYPELESS;ResourceId::64553:TempBuffer 143 3440x1440:3440x1440:R8_TYPELESS;ResourceId::64549:TempBuffer 142 3440x1440:3440x1440:R8_TYPELESS	ResourceId::61073
9542	ps	miHoYo/Scene/Glass Interior	471	0	ResourceId::64533:TempBuffer 138 3440x1440:3440x1440:R10G10B10A2_TYPELESS;ResourceId::64537:TempBuffer 139 3440x1440:3440x1440:R8G8B8A8_TYPELESS;ResourceId::64541:TempBuffer 140 3440x1440:3440x1440:R8G8B8A8_TYPELESS;ResourceId::64545:TempBuffer 141 3440x1440:3440x1440:R8_TYPELESS;ResourceId::64553:TempBuffer 143 3440x1440:3440x1440:R8_TYPELESS;ResourceId::64549:TempBuffer 142 3440x1440:3440x1440:R8_TYPELESS	ResourceId::61073
9549	ps	miHoYo/Scene/Glass Interior	2274	0	ResourceId::64533:TempBuffer 138 3440x1440:3440x1440:R10G10B10A2_TYPELESS;ResourceId::64537:TempBuffer 139 3440x1440:3440x1440:R8G8B8A8_TYPELESS;ResourceId::64541:TempBuffer 140 3440x1440:3440x1440:R8G8B8A8_TYPELESS;ResourceId::64545:TempBuffer 141 3440x1440:3440x1440:R8_TYPELESS;ResourceId::64553:TempBuffer 143 3440x1440:3440x1440:R8_TYPELESS;ResourceId::64549:TempBuffer 142 3440x1440:3440x1440:R8_TYPELESS	ResourceId::61073
9556	ps	miHoYo/Scene/Glass Interior	2274	0	ResourceId::64533:TempBuffer 138 3440x1440:3440x1440:R10G10B10A2_TYPELESS;ResourceId::64537:TempBuffer 139 3440x1440:3440x1440:R8G8B8A8_TYPELESS;ResourceId::64541:TempBuffer 140 3440x1440:3440x1440:R8G8B8A8_TYPELESS;ResourceId::64545:TempBuffer 141 3440x1440:3440x1440:R8_TYPELESS;ResourceId::64553:TempBuffer 143 3440x1440:3440x1440:R8_TYPELESS;ResourceId::64549:TempBuffer 142 3440x1440:3440x1440:R8_TYPELESS	ResourceId::61073
9571	ps	miHoYo/Scene/Glass Interior	1776	2	ResourceId::64533:TempBuffer 138 3440x1440:3440x1440:R10G10B10A2_TYPELESS;ResourceId::64537:TempBuffer 139 3440x1440:3440x1440:R8G8B8A8_TYPELESS;ResourceId::64541:TempBuffer 140 3440x1440:3440x1440:R8G8B8A8_TYPELESS;ResourceId::64545:TempBuffer 141 3440x1440:3440x1440:R8_TYPELESS;ResourceId::64553:TempBuffer 143 3440x1440:3440x1440:R8_TYPELESS;ResourceId::64549:TempBuffer 142 3440x1440:3440x1440:R8_TYPELESS	ResourceId::61073
9580	ps	miHoYo/Scene/Glass Interior	162	5	ResourceId::64533:TempBuffer 138 3440x1440:3440x1440:R10G10B10A2_TYPELESS;ResourceId::64537:TempBuffer 139 3440x1440:3440x1440:R8G8B8A8_TYPELESS;ResourceId::64541:TempBuffer 140 3440x1440:3440x1440:R8G8B8A8_TYPELESS;ResourceId::64545:TempBuffer 141 3440x1440:3440x1440:R8_TYPELESS;ResourceId::64553:TempBuffer 143 3440x1440:3440x1440:R8_TYPELESS;ResourceId::64549:TempBuffer 142 3440x1440:3440x1440:R8_TYPELESS	ResourceId::61073
9591	ps	miHoYo/Scene/Glass Interior	18	0	ResourceId::64533:TempBuffer 138 3440x1440:3440x1440:R10G10B10A2_TYPELESS;ResourceId::64537:TempBuffer 139 3440x1440:3440x1440:R8G8B8A8_TYPELESS;ResourceId::64541:TempBuffer 140 3440x1440:3440x1440:R8G8B8A8_TYPELESS;ResourceId::64545:TempBuffer 141 3440x1440:3440x1440:R8_TYPELESS;ResourceId::64553:TempBuffer 143 3440x1440:3440x1440:R8_TYPELESS;ResourceId::64549:TempBuffer 142 3440x1440:3440x1440:R8_TYPELESS	ResourceId::61073
9606	ps	miHoYo/Scene/Glass Interior	204	2	ResourceId::64533:TempBuffer 138 3440x1440:3440x1440:R10G10B10A2_TYPELESS;ResourceId::64537:TempBuffer 139 3440x1440:3440x1440:R8G8B8A8_TYPELESS;ResourceId::64541:TempBuffer 140 3440x1440:3440x1440:R8G8B8A8_TYPELESS;ResourceId::64545:TempBuffer 141 3440x1440:3440x1440:R8_TYPELESS;ResourceId::64553:TempBuffer 143 3440x1440:3440x1440:R8_TYPELESS;ResourceId::64549:TempBuffer 142 3440x1440:3440x1440:R8_TYPELESS	ResourceId::61073
9615	ps	miHoYo/Scene/Glass Interior	204	4	ResourceId::64533:TempBuffer 138 3440x1440:3440x1440:R10G10B10A2_TYPELESS;ResourceId::64537:TempBuffer 139 3440x1440:3440x1440:R8G8B8A8_TYPELESS;ResourceId::64541:TempBuffer 140 3440x1440:3440x1440:R8G8B8A8_TYPELESS;ResourceId::64545:TempBuffer 141 3440x1440:3440x1440:R8_TYPELESS;ResourceId::64553:TempBuffer 143 3440x1440:3440x1440:R8_TYPELESS;ResourceId::64549:TempBuffer 142 3440x1440:3440x1440:R8_TYPELESS	ResourceId::61073
9626	ps	miHoYo/Scene/Glass Interior	156	0	ResourceId::64533:TempBuffer 138 3440x1440:3440x1440:R10G10B10A2_TYPELESS;ResourceId::64537:TempBuffer 139 3440x1440:3440x1440:R8G8B8A8_TYPELESS;ResourceId::64541:TempBuffer 140 3440x1440:3440x1440:R8G8B8A8_TYPELESS;ResourceId::64545:TempBuffer 141 3440x1440:3440x1440:R8_TYPELESS;ResourceId::64553:TempBuffer 143 3440x1440:3440x1440:R8_TYPELESS;ResourceId::64549:TempBuffer 142 3440x1440:3440x1440:R8_TYPELESS	ResourceId::61073
9642	ps	miHoYo/Scene/Glass Interior	9	0	ResourceId::64533:TempBuffer 138 3440x1440:3440x1440:R10G10B10A2_TYPELESS;ResourceId::64537:TempBuffer 139 3440x1440:3440x1440:R8G8B8A8_TYPELESS;ResourceId::64541:TempBuffer 140 3440x1440:3440x1440:R8G8B8A8_TYPELESS;ResourceId::64545:TempBuffer 141 3440x1440:3440x1440:R8_TYPELESS;ResourceId::64553:TempBuffer 143 3440x1440:3440x1440:R8_TYPELESS;ResourceId::64549:TempBuffer 142 3440x1440:3440x1440:R8_TYPELESS	ResourceId::61073
9647	ps	miHoYo/Scene/Glass Interior	18	0	ResourceId::64533:TempBuffer 138 3440x1440:3440x1440:R10G10B10A2_TYPELESS;ResourceId::64537:TempBuffer 139 3440x1440:3440x1440:R8G8B8A8_TYPELESS;ResourceId::64541:TempBuffer 140 3440x1440:3440x1440:R8G8B8A8_TYPELESS;ResourceId::64545:TempBuffer 141 3440x1440:3440x1440:R8_TYPELESS;ResourceId::64553:TempBuffer 143 3440x1440:3440x1440:R8_TYPELESS;ResourceId::64549:TempBuffer 142 3440x1440:3440x1440:R8_TYPELESS	ResourceId::61073
9669	ps	miHoYo/Scene/Glass Interior	36	2	ResourceId::64533:TempBuffer 138 3440x1440:3440x1440:R10G10B10A2_TYPELESS;ResourceId::64537:TempBuffer 139 3440x1440:3440x1440:R8G8B8A8_TYPELESS;ResourceId::64541:TempBuffer 140 3440x1440:3440x1440:R8G8B8A8_TYPELESS;ResourceId::64545:TempBuffer 141 3440x1440:3440x1440:R8_TYPELESS;ResourceId::64553:TempBuffer 143 3440x1440:3440x1440:R8_TYPELESS;ResourceId::64549:TempBuffer 142 3440x1440:3440x1440:R8_TYPELESS	ResourceId::61073
9678	ps	miHoYo/Scene/Glass Interior	36	4	ResourceId::64533:TempBuffer 138 3440x1440:3440x1440:R10G10B10A2_TYPELESS;ResourceId::64537:TempBuffer 139 3440x1440:3440x1440:R8G8B8A8_TYPELESS;ResourceId::64541:TempBuffer 140 3440x1440:3440x1440:R8G8B8A8_TYPELESS;ResourceId::64545:TempBuffer 141 3440x1440:3440x1440:R8_TYPELESS;ResourceId::64553:TempBuffer 143 3440x1440:3440x1440:R8_TYPELESS;ResourceId::64549:TempBuffer 142 3440x1440:3440x1440:R8_TYPELESS	ResourceId::61073
9703	ps	miHoYo/Character/Character_Base_Uber	5940	0	ResourceId::64533:TempBuffer 138 3440x1440:3440x1440:R10G10B10A2_TYPELESS;ResourceId::64537:TempBuffer 139 3440x1440:3440x1440:R8G8B8A8_TYPELESS;ResourceId::64541:TempBuffer 140 3440x1440:3440x1440:R8G8B8A8_TYPELESS;ResourceId::64545:TempBuffer 141 3440x1440:3440x1440:R8_TYPELESS;ResourceId::64553:TempBuffer 143 3440x1440:3440x1440:R8_TYPELESS;ResourceId::64549:TempBuffer 142 3440x1440:3440x1440:R8_TYPELESS	ResourceId::61073
9713	ps	miHoYo/Character/Character_Base_Uber	3552	0	ResourceId::64533:TempBuffer 138 3440x1440:3440x1440:R10G10B10A2_TYPELESS;ResourceId::64537:TempBuffer 139 3440x1440:3440x1440:R8G8B8A8_TYPELESS;ResourceId::64541:TempBuffer 140 3440x1440:3440x1440:R8G8B8A8_TYPELESS;ResourceId::64545:TempBuffer 141 3440x1440:3440x1440:R8_TYPELESS;ResourceId::64553:TempBuffer 143 3440x1440:3440x1440:R8_TYPELESS;ResourceId::64549:TempBuffer 142 3440x1440:3440x1440:R8_TYPELESS	ResourceId::61073
9723	ps	miHoYo/Character/Character_Base_Uber	3552	0	ResourceId::64533:TempBuffer 138 3440x1440:3440x1440:R10G10B10A2_TYPELESS;ResourceId::64537:TempBuffer 139 3440x1440:3440x1440:R8G8B8A8_TYPELESS;ResourceId::64541:TempBuffer 140 3440x1440:3440x1440:R8G8B8A8_TYPELESS;ResourceId::64545:TempBuffer 141 3440x1440:3440x1440:R8_TYPELESS;ResourceId::64553:TempBuffer 143 3440x1440:3440x1440:R8_TYPELESS;ResourceId::64549:TempBuffer 142 3440x1440:3440x1440:R8_TYPELESS	ResourceId::61073
9738	ps	miHoYo/Character/Character_Base_Uber	2268	0	ResourceId::64533:TempBuffer 138 3440x1440:3440x1440:R10G10B10A2_TYPELESS;ResourceId::64537:TempBuffer 139 3440x1440:3440x1440:R8G8B8A8_TYPELESS;ResourceId::64541:TempBuffer 140 3440x1440:3440x1440:R8G8B8A8_TYPELESS;ResourceId::64545:TempBuffer 141 3440x1440:3440x1440:R8_TYPELESS;ResourceId::64553:TempBuffer 143 3440x1440:3440x1440:R8_TYPELESS;ResourceId::64549:TempBuffer 142 3440x1440:3440x1440:R8_TYPELESS	ResourceId::61073
9764	ps	miHoYo/Avatar/Character_SRP_Crystal	21558	1	ResourceId::64533:TempBuffer 138 3440x1440:3440x1440:R10G10B10A2_TYPELESS;ResourceId::64537:TempBuffer 139 3440x1440:3440x1440:R8G8B8A8_TYPELESS;ResourceId::64541:TempBuffer 140 3440x1440:3440x1440:R8G8B8A8_TYPELESS;ResourceId::64545:TempBuffer 141 3440x1440:3440x1440:R8_TYPELESS;ResourceId::64553:TempBuffer 143 3440x1440:3440x1440:R8_TYPELESS;ResourceId::64549:TempBuffer 142 3440x1440:3440x1440:R8_TYPELESS	ResourceId::61073
9773	ps	miHoYo/Avatar/Character_SRP_Crystal	6042	1	ResourceId::64533:TempBuffer 138 3440x1440:3440x1440:R10G10B10A2_TYPELESS;ResourceId::64537:TempBuffer 139 3440x1440:3440x1440:R8G8B8A8_TYPELESS;ResourceId::64541:TempBuffer 140 3440x1440:3440x1440:R8G8B8A8_TYPELESS;ResourceId::64545:TempBuffer 141 3440x1440:3440x1440:R8_TYPELESS;ResourceId::64553:TempBuffer 143 3440x1440:3440x1440:R8_TYPELESS;ResourceId::64549:TempBuffer 142 3440x1440:3440x1440:R8_TYPELESS	ResourceId::61073
9783	ps	miHoYo/Avatar/Character_SRP_Crystal	9306	1	ResourceId::64533:TempBuffer 138 3440x1440:3440x1440:R10G10B10A2_TYPELESS;ResourceId::64537:TempBuffer 139 3440x1440:3440x1440:R8G8B8A8_TYPELESS;ResourceId::64541:TempBuffer 140 3440x1440:3440x1440:R8G8B8A8_TYPELESS;ResourceId::64545:TempBuffer 141 3440x1440:3440x1440:R8_TYPELESS;ResourceId::64553:TempBuffer 143 3440x1440:3440x1440:R8_TYPELESS;ResourceId::64549:TempBuffer 142 3440x1440:3440x1440:R8_TYPELESS	ResourceId::61073
9809	ps	miHoYo/Avatar/Character_SRP_Simplify	5442	1	ResourceId::64533:TempBuffer 138 3440x1440:3440x1440:R10G10B10A2_TYPELESS;ResourceId::64537:TempBuffer 139 3440x1440:3440x1440:R8G8B8A8_TYPELESS;ResourceId::64541:TempBuffer 140 3440x1440:3440x1440:R8G8B8A8_TYPELESS;ResourceId::64545:TempBuffer 141 3440x1440:3440x1440:R8_TYPELESS;ResourceId::64553:TempBuffer 143 3440x1440:3440x1440:R8_TYPELESS;ResourceId::64549:TempBuffer 142 3440x1440:3440x1440:R8_TYPELESS	ResourceId::61073
9830	ps	miHoYo/Character/Base	5676	0	ResourceId::64533:TempBuffer 138 3440x1440:3440x1440:R10G10B10A2_TYPELESS;ResourceId::64537:TempBuffer 139 3440x1440:3440x1440:R8G8B8A8_TYPELESS;ResourceId::64541:TempBuffer 140 3440x1440:3440x1440:R8G8B8A8_TYPELESS;ResourceId::64545:TempBuffer 141 3440x1440:3440x1440:R8_TYPELESS;ResourceId::64553:TempBuffer 143 3440x1440:3440x1440:R8_TYPELESS;ResourceId::64549:TempBuffer 142 3440x1440:3440x1440:R8_TYPELESS	ResourceId::61073
9861	ps	miHoYo/Character/Character_Crowds	3534	1	ResourceId::64533:TempBuffer 138 3440x1440:3440x1440:R10G10B10A2_TYPELESS;ResourceId::64537:TempBuffer 139 3440x1440:3440x1440:R8G8B8A8_TYPELESS;ResourceId::64541:TempBuffer 140 3440x1440:3440x1440:R8G8B8A8_TYPELESS;ResourceId::64545:TempBuffer 141 3440x1440:3440x1440:R8_TYPELESS;ResourceId::64553:TempBuffer 143 3440x1440:3440x1440:R8_TYPELESS;ResourceId::64549:TempBuffer 142 3440x1440:3440x1440:R8_TYPELESS	ResourceId::61073
9872	ps	miHoYo/Character/Character_Crowds	9438	1	ResourceId::64533:TempBuffer 138 3440x1440:3440x1440:R10G10B10A2_TYPELESS;ResourceId::64537:TempBuffer 139 3440x1440:3440x1440:R8G8B8A8_TYPELESS;ResourceId::64541:TempBuffer 140 3440x1440:3440x1440:R8G8B8A8_TYPELESS;ResourceId::64545:TempBuffer 141 3440x1440:3440x1440:R8_TYPELESS;ResourceId::64553:TempBuffer 143 3440x1440:3440x1440:R8_TYPELESS;ResourceId::64549:TempBuffer 142 3440x1440:3440x1440:R8_TYPELESS	ResourceId::61073
9882	ps	miHoYo/Character/Character_Crowds	12027	1	ResourceId::64533:TempBuffer 138 3440x1440:3440x1440:R10G10B10A2_TYPELESS;ResourceId::64537:TempBuffer 139 3440x1440:3440x1440:R8G8B8A8_TYPELESS;ResourceId::64541:TempBuffer 140 3440x1440:3440x1440:R8G8B8A8_TYPELESS;ResourceId::64545:TempBuffer 141 3440x1440:3440x1440:R8_TYPELESS;ResourceId::64553:TempBuffer 143 3440x1440:3440x1440:R8_TYPELESS;ResourceId::64549:TempBuffer 142 3440x1440:3440x1440:R8_TYPELESS	ResourceId::61073
9907	ps	miHoYo/Character/Character_Crowds	4338	1	ResourceId::64533:TempBuffer 138 3440x1440:3440x1440:R10G10B10A2_TYPELESS;ResourceId::64537:TempBuffer 139 3440x1440:3440x1440:R8G8B8A8_TYPELESS;ResourceId::64541:TempBuffer 140 3440x1440:3440x1440:R8G8B8A8_TYPELESS;ResourceId::64545:TempBuffer 141 3440x1440:3440x1440:R8_TYPELESS;ResourceId::64553:TempBuffer 143 3440x1440:3440x1440:R8_TYPELESS;ResourceId::64549:TempBuffer 142 3440x1440:3440x1440:R8_TYPELESS	ResourceId::61073
9933	ps	miHoYo/Character/Character_Crowds	408	1	ResourceId::64533:TempBuffer 138 3440x1440:3440x1440:R10G10B10A2_TYPELESS;ResourceId::64537:TempBuffer 139 3440x1440:3440x1440:R8G8B8A8_TYPELESS;ResourceId::64541:TempBuffer 140 3440x1440:3440x1440:R8G8B8A8_TYPELESS;ResourceId::64545:TempBuffer 141 3440x1440:3440x1440:R8_TYPELESS;ResourceId::64553:TempBuffer 143 3440x1440:3440x1440:R8_TYPELESS;ResourceId::64549:TempBuffer 142 3440x1440:3440x1440:R8_TYPELESS	ResourceId::61073
9962	ps	miHoYo/Character/Character_Crowds	11565	1	ResourceId::64533:TempBuffer 138 3440x1440:3440x1440:R10G10B10A2_TYPELESS;ResourceId::64537:TempBuffer 139 3440x1440:3440x1440:R8G8B8A8_TYPELESS;ResourceId::64541:TempBuffer 140 3440x1440:3440x1440:R8G8B8A8_TYPELESS;ResourceId::64545:TempBuffer 141 3440x1440:3440x1440:R8_TYPELESS;ResourceId::64553:TempBuffer 143 3440x1440:3440x1440:R8_TYPELESS;ResourceId::64549:TempBuffer 142 3440x1440:3440x1440:R8_TYPELESS	ResourceId::61073
9972	ps	miHoYo/Character/Character_Crowds	5331	1	ResourceId::64533:TempBuffer 138 3440x1440:3440x1440:R10G10B10A2_TYPELESS;ResourceId::64537:TempBuffer 139 3440x1440:3440x1440:R8G8B8A8_TYPELESS;ResourceId::64541:TempBuffer 140 3440x1440:3440x1440:R8G8B8A8_TYPELESS;ResourceId::64545:TempBuffer 141 3440x1440:3440x1440:R8_TYPELESS;ResourceId::64553:TempBuffer 143 3440x1440:3440x1440:R8_TYPELESS;ResourceId::64549:TempBuffer 142 3440x1440:3440x1440:R8_TYPELESS	ResourceId::61073
9982	ps	miHoYo/Character/Character_Crowds	17085	1	ResourceId::64533:TempBuffer 138 3440x1440:3440x1440:R10G10B10A2_TYPELESS;ResourceId::64537:TempBuffer 139 3440x1440:3440x1440:R8G8B8A8_TYPELESS;ResourceId::64541:TempBuffer 140 3440x1440:3440x1440:R8G8B8A8_TYPELESS;ResourceId::64545:TempBuffer 141 3440x1440:3440x1440:R8_TYPELESS;ResourceId::64553:TempBuffer 143 3440x1440:3440x1440:R8_TYPELESS;ResourceId::64549:TempBuffer 142 3440x1440:3440x1440:R8_TYPELESS	ResourceId::61073
9992	ps	miHoYo/Character/Character_Crowds	8358	1	ResourceId::64533:TempBuffer 138 3440x1440:3440x1440:R10G10B10A2_TYPELESS;ResourceId::64537:TempBuffer 139 3440x1440:3440x1440:R8G8B8A8_TYPELESS;ResourceId::64541:TempBuffer 140 3440x1440:3440x1440:R8G8B8A8_TYPELESS;ResourceId::64545:TempBuffer 141 3440x1440:3440x1440:R8_TYPELESS;ResourceId::64553:TempBuffer 143 3440x1440:3440x1440:R8_TYPELESS;ResourceId::64549:TempBuffer 142 3440x1440:3440x1440:R8_TYPELESS	ResourceId::61073
10002	ps	miHoYo/Character/Character_Crowds	5886	1	ResourceId::64533:TempBuffer 138 3440x1440:3440x1440:R10G10B10A2_TYPELESS;ResourceId::64537:TempBuffer 139 3440x1440:3440x1440:R8G8B8A8_TYPELESS;ResourceId::64541:TempBuffer 140 3440x1440:3440x1440:R8G8B8A8_TYPELESS;ResourceId::64545:TempBuffer 141 3440x1440:3440x1440:R8_TYPELESS;ResourceId::64553:TempBuffer 143 3440x1440:3440x1440:R8_TYPELESS;ResourceId::64549:TempBuffer 142 3440x1440:3440x1440:R8_TYPELESS	ResourceId::61073
10012	ps	miHoYo/Character/Character_Crowds	4773	2	ResourceId::64533:TempBuffer 138 3440x1440:3440x1440:R10G10B10A2_TYPELESS;ResourceId::64537:TempBuffer 139 3440x1440:3440x1440:R8G8B8A8_TYPELESS;ResourceId::64541:TempBuffer 140 3440x1440:3440x1440:R8G8B8A8_TYPELESS;ResourceId::64545:TempBuffer 141 3440x1440:3440x1440:R8_TYPELESS;ResourceId::64553:TempBuffer 143 3440x1440:3440x1440:R8_TYPELESS;ResourceId::64549:TempBuffer 142 3440x1440:3440x1440:R8_TYPELESS	ResourceId::61073
10022	ps	miHoYo/Character/Character_Crowds	7668	1	ResourceId::64533:TempBuffer 138 3440x1440:3440x1440:R10G10B10A2_TYPELESS;ResourceId::64537:TempBuffer 139 3440x1440:3440x1440:R8G8B8A8_TYPELESS;ResourceId::64541:TempBuffer 140 3440x1440:3440x1440:R8G8B8A8_TYPELESS;ResourceId::64545:TempBuffer 141 3440x1440:3440x1440:R8_TYPELESS;ResourceId::64553:TempBuffer 143 3440x1440:3440x1440:R8_TYPELESS;ResourceId::64549:TempBuffer 142 3440x1440:3440x1440:R8_TYPELESS	ResourceId::61073
10032	ps	miHoYo/Character/Character_Crowds	5886	1	ResourceId::64533:TempBuffer 138 3440x1440:3440x1440:R10G10B10A2_TYPELESS;ResourceId::64537:TempBuffer 139 3440x1440:3440x1440:R8G8B8A8_TYPELESS;ResourceId::64541:TempBuffer 140 3440x1440:3440x1440:R8G8B8A8_TYPELESS;ResourceId::64545:TempBuffer 141 3440x1440:3440x1440:R8_TYPELESS;ResourceId::64553:TempBuffer 143 3440x1440:3440x1440:R8_TYPELESS;ResourceId::64549:TempBuffer 142 3440x1440:3440x1440:R8_TYPELESS	ResourceId::61073
10043	ps	miHoYo/Character/Character_Crowds	16743	1	ResourceId::64533:TempBuffer 138 3440x1440:3440x1440:R10G10B10A2_TYPELESS;ResourceId::64537:TempBuffer 139 3440x1440:3440x1440:R8G8B8A8_TYPELESS;ResourceId::64541:TempBuffer 140 3440x1440:3440x1440:R8G8B8A8_TYPELESS;ResourceId::64545:TempBuffer 141 3440x1440:3440x1440:R8_TYPELESS;ResourceId::64553:TempBuffer 143 3440x1440:3440x1440:R8_TYPELESS;ResourceId::64549:TempBuffer 142 3440x1440:3440x1440:R8_TYPELESS	ResourceId::61073
10049	ps	miHoYo/Character/Character_Crowds	9744	1	ResourceId::64533:TempBuffer 138 3440x1440:3440x1440:R10G10B10A2_TYPELESS;ResourceId::64537:TempBuffer 139 3440x1440:3440x1440:R8G8B8A8_TYPELESS;ResourceId::64541:TempBuffer 140 3440x1440:3440x1440:R8G8B8A8_TYPELESS;ResourceId::64545:TempBuffer 141 3440x1440:3440x1440:R8_TYPELESS;ResourceId::64553:TempBuffer 143 3440x1440:3440x1440:R8_TYPELESS;ResourceId::64549:TempBuffer 142 3440x1440:3440x1440:R8_TYPELESS	ResourceId::61073
10055	ps	miHoYo/Character/Character_Crowds	5322	2	ResourceId::64533:TempBuffer 138 3440x1440:3440x1440:R10G10B10A2_TYPELESS;ResourceId::64537:TempBuffer 139 3440x1440:3440x1440:R8G8B8A8_TYPELESS;ResourceId::64541:TempBuffer 140 3440x1440:3440x1440:R8G8B8A8_TYPELESS;ResourceId::64545:TempBuffer 141 3440x1440:3440x1440:R8_TYPELESS;ResourceId::64553:TempBuffer 143 3440x1440:3440x1440:R8_TYPELESS;ResourceId::64549:TempBuffer 142 3440x1440:3440x1440:R8_TYPELESS	ResourceId::61073
10064	ps	miHoYo/Character/Character_Crowds	5838	1	ResourceId::64533:TempBuffer 138 3440x1440:3440x1440:R10G10B10A2_TYPELESS;ResourceId::64537:TempBuffer 139 3440x1440:3440x1440:R8G8B8A8_TYPELESS;ResourceId::64541:TempBuffer 140 3440x1440:3440x1440:R8G8B8A8_TYPELESS;ResourceId::64545:TempBuffer 141 3440x1440:3440x1440:R8_TYPELESS;ResourceId::64553:TempBuffer 143 3440x1440:3440x1440:R8_TYPELESS;ResourceId::64549:TempBuffer 142 3440x1440:3440x1440:R8_TYPELESS	ResourceId::61073
10090	ps	miHoYo/Character/Character_Crowds	5112	1	ResourceId::64533:TempBuffer 138 3440x1440:3440x1440:R10G10B10A2_TYPELESS;ResourceId::64537:TempBuffer 139 3440x1440:3440x1440:R8G8B8A8_TYPELESS;ResourceId::64541:TempBuffer 140 3440x1440:3440x1440:R8G8B8A8_TYPELESS;ResourceId::64545:TempBuffer 141 3440x1440:3440x1440:R8_TYPELESS;ResourceId::64553:TempBuffer 143 3440x1440:3440x1440:R8_TYPELESS;ResourceId::64549:TempBuffer 142 3440x1440:3440x1440:R8_TYPELESS	ResourceId::61073
10096	ps	miHoYo/Character/Character_Crowds	5112	2	ResourceId::64533:TempBuffer 138 3440x1440:3440x1440:R10G10B10A2_TYPELESS;ResourceId::64537:TempBuffer 139 3440x1440:3440x1440:R8G8B8A8_TYPELESS;ResourceId::64541:TempBuffer 140 3440x1440:3440x1440:R8G8B8A8_TYPELESS;ResourceId::64545:TempBuffer 141 3440x1440:3440x1440:R8_TYPELESS;ResourceId::64553:TempBuffer 143 3440x1440:3440x1440:R8_TYPELESS;ResourceId::64549:TempBuffer 142 3440x1440:3440x1440:R8_TYPELESS	ResourceId::61073
10102	ps	miHoYo/Character/Character_Crowds	5112	1	ResourceId::64533:TempBuffer 138 3440x1440:3440x1440:R10G10B10A2_TYPELESS;ResourceId::64537:TempBuffer 139 3440x1440:3440x1440:R8G8B8A8_TYPELESS;ResourceId::64541:TempBuffer 140 3440x1440:3440x1440:R8G8B8A8_TYPELESS;ResourceId::64545:TempBuffer 141 3440x1440:3440x1440:R8_TYPELESS;ResourceId::64553:TempBuffer 143 3440x1440:3440x1440:R8_TYPELESS;ResourceId::64549:TempBuffer 142 3440x1440:3440x1440:R8_TYPELESS	ResourceId::61073
10108	ps	miHoYo/Character/Character_Crowds	5112	1	ResourceId::64533:TempBuffer 138 3440x1440:3440x1440:R10G10B10A2_TYPELESS;ResourceId::64537:TempBuffer 139 3440x1440:3440x1440:R8G8B8A8_TYPELESS;ResourceId::64541:TempBuffer 140 3440x1440:3440x1440:R8G8B8A8_TYPELESS;ResourceId::64545:TempBuffer 141 3440x1440:3440x1440:R8_TYPELESS;ResourceId::64553:TempBuffer 143 3440x1440:3440x1440:R8_TYPELESS;ResourceId::64549:TempBuffer 142 3440x1440:3440x1440:R8_TYPELESS	ResourceId::61073
10135	ps	miHoYo/Character/Character_Crowds	18588	1	ResourceId::64533:TempBuffer 138 3440x1440:3440x1440:R10G10B10A2_TYPELESS;ResourceId::64537:TempBuffer 139 3440x1440:3440x1440:R8G8B8A8_TYPELESS;ResourceId::64541:TempBuffer 140 3440x1440:3440x1440:R8G8B8A8_TYPELESS;ResourceId::64545:TempBuffer 141 3440x1440:3440x1440:R8_TYPELESS;ResourceId::64553:TempBuffer 143 3440x1440:3440x1440:R8_TYPELESS;ResourceId::64549:TempBuffer 142 3440x1440:3440x1440:R8_TYPELESS	ResourceId::61073
10145	ps	miHoYo/Character/Character_Crowds	18588	1	ResourceId::64533:TempBuffer 138 3440x1440:3440x1440:R10G10B10A2_TYPELESS;ResourceId::64537:TempBuffer 139 3440x1440:3440x1440:R8G8B8A8_TYPELESS;ResourceId::64541:TempBuffer 140 3440x1440:3440x1440:R8G8B8A8_TYPELESS;ResourceId::64545:TempBuffer 141 3440x1440:3440x1440:R8_TYPELESS;ResourceId::64553:TempBuffer 143 3440x1440:3440x1440:R8_TYPELESS;ResourceId::64549:TempBuffer 142 3440x1440:3440x1440:R8_TYPELESS	ResourceId::61073
10155	ps	miHoYo/Character/Character_Crowds	12375	1	ResourceId::64533:TempBuffer 138 3440x1440:3440x1440:R10G10B10A2_TYPELESS;ResourceId::64537:TempBuffer 139 3440x1440:3440x1440:R8G8B8A8_TYPELESS;ResourceId::64541:TempBuffer 140 3440x1440:3440x1440:R8G8B8A8_TYPELESS;ResourceId::64545:TempBuffer 141 3440x1440:3440x1440:R8_TYPELESS;ResourceId::64553:TempBuffer 143 3440x1440:3440x1440:R8_TYPELESS;ResourceId::64549:TempBuffer 142 3440x1440:3440x1440:R8_TYPELESS	ResourceId::61073
10161	ps	miHoYo/Character/Character_Crowds	6279	1	ResourceId::64533:TempBuffer 138 3440x1440:3440x1440:R10G10B10A2_TYPELESS;ResourceId::64537:TempBuffer 139 3440x1440:3440x1440:R8G8B8A8_TYPELESS;ResourceId::64541:TempBuffer 140 3440x1440:3440x1440:R8G8B8A8_TYPELESS;ResourceId::64545:TempBuffer 141 3440x1440:3440x1440:R8_TYPELESS;ResourceId::64553:TempBuffer 143 3440x1440:3440x1440:R8_TYPELESS;ResourceId::64549:TempBuffer 142 3440x1440:3440x1440:R8_TYPELESS	ResourceId::61073
10171	ps	miHoYo/Character/Character_Crowds	10353	1	ResourceId::64533:TempBuffer 138 3440x1440:3440x1440:R10G10B10A2_TYPELESS;ResourceId::64537:TempBuffer 139 3440x1440:3440x1440:R8G8B8A8_TYPELESS;ResourceId::64541:TempBuffer 140 3440x1440:3440x1440:R8G8B8A8_TYPELESS;ResourceId::64545:TempBuffer 141 3440x1440:3440x1440:R8_TYPELESS;ResourceId::64553:TempBuffer 143 3440x1440:3440x1440:R8_TYPELESS;ResourceId::64549:TempBuffer 142 3440x1440:3440x1440:R8_TYPELESS	ResourceId::61073
10181	ps	miHoYo/Character/Character_Crowds	10353	2	ResourceId::64533:TempBuffer 138 3440x1440:3440x1440:R10G10B10A2_TYPELESS;ResourceId::64537:TempBuffer 139 3440x1440:3440x1440:R8G8B8A8_TYPELESS;ResourceId::64541:TempBuffer 140 3440x1440:3440x1440:R8G8B8A8_TYPELESS;ResourceId::64545:TempBuffer 141 3440x1440:3440x1440:R8_TYPELESS;ResourceId::64553:TempBuffer 143 3440x1440:3440x1440:R8_TYPELESS;ResourceId::64549:TempBuffer 142 3440x1440:3440x1440:R8_TYPELESS	ResourceId::61073
10191	ps	miHoYo/Character/Character_Crowds	8289	1	ResourceId::64533:TempBuffer 138 3440x1440:3440x1440:R10G10B10A2_TYPELESS;ResourceId::64537:TempBuffer 139 3440x1440:3440x1440:R8G8B8A8_TYPELESS;ResourceId::64541:TempBuffer 140 3440x1440:3440x1440:R8G8B8A8_TYPELESS;ResourceId::64545:TempBuffer 141 3440x1440:3440x1440:R8_TYPELESS;ResourceId::64553:TempBuffer 143 3440x1440:3440x1440:R8_TYPELESS;ResourceId::64549:TempBuffer 142 3440x1440:3440x1440:R8_TYPELESS	ResourceId::61073
10201	ps	miHoYo/Character/Character_Crowds	7785	1	ResourceId::64533:TempBuffer 138 3440x1440:3440x1440:R10G10B10A2_TYPELESS;ResourceId::64537:TempBuffer 139 3440x1440:3440x1440:R8G8B8A8_TYPELESS;ResourceId::64541:TempBuffer 140 3440x1440:3440x1440:R8G8B8A8_TYPELESS;ResourceId::64545:TempBuffer 141 3440x1440:3440x1440:R8_TYPELESS;ResourceId::64553:TempBuffer 143 3440x1440:3440x1440:R8_TYPELESS;ResourceId::64549:TempBuffer 142 3440x1440:3440x1440:R8_TYPELESS	ResourceId::61073
10211	ps	miHoYo/Character/Character_Crowds	13590	1	ResourceId::64533:TempBuffer 138 3440x1440:3440x1440:R10G10B10A2_TYPELESS;ResourceId::64537:TempBuffer 139 3440x1440:3440x1440:R8G8B8A8_TYPELESS;ResourceId::64541:TempBuffer 140 3440x1440:3440x1440:R8G8B8A8_TYPELESS;ResourceId::64545:TempBuffer 141 3440x1440:3440x1440:R8_TYPELESS;ResourceId::64553:TempBuffer 143 3440x1440:3440x1440:R8_TYPELESS;ResourceId::64549:TempBuffer 142 3440x1440:3440x1440:R8_TYPELESS	ResourceId::61073
10221	ps	miHoYo/Character/Character_Crowds	2940	1	ResourceId::64533:TempBuffer 138 3440x1440:3440x1440:R10G10B10A2_TYPELESS;ResourceId::64537:TempBuffer 139 3440x1440:3440x1440:R8G8B8A8_TYPELESS;ResourceId::64541:TempBuffer 140 3440x1440:3440x1440:R8G8B8A8_TYPELESS;ResourceId::64545:TempBuffer 141 3440x1440:3440x1440:R8_TYPELESS;ResourceId::64553:TempBuffer 143 3440x1440:3440x1440:R8_TYPELESS;ResourceId::64549:TempBuffer 142 3440x1440:3440x1440:R8_TYPELESS	ResourceId::61073
10231	ps	miHoYo/Character/Character_Crowds	10353	1	ResourceId::64533:TempBuffer 138 3440x1440:3440x1440:R10G10B10A2_TYPELESS;ResourceId::64537:TempBuffer 139 3440x1440:3440x1440:R8G8B8A8_TYPELESS;ResourceId::64541:TempBuffer 140 3440x1440:3440x1440:R8G8B8A8_TYPELESS;ResourceId::64545:TempBuffer 141 3440x1440:3440x1440:R8_TYPELESS;ResourceId::64553:TempBuffer 143 3440x1440:3440x1440:R8_TYPELESS;ResourceId::64549:TempBuffer 142 3440x1440:3440x1440:R8_TYPELESS	ResourceId::61073
10241	ps	miHoYo/Character/Character_Crowds	2940	3	ResourceId::64533:TempBuffer 138 3440x1440:3440x1440:R10G10B10A2_TYPELESS;ResourceId::64537:TempBuffer 139 3440x1440:3440x1440:R8G8B8A8_TYPELESS;ResourceId::64541:TempBuffer 140 3440x1440:3440x1440:R8G8B8A8_TYPELESS;ResourceId::64545:TempBuffer 141 3440x1440:3440x1440:R8_TYPELESS;ResourceId::64553:TempBuffer 143 3440x1440:3440x1440:R8_TYPELESS;ResourceId::64549:TempBuffer 142 3440x1440:3440x1440:R8_TYPELESS	ResourceId::61073
10252	ps	miHoYo/Character/Character_Crowds	20043	1	ResourceId::64533:TempBuffer 138 3440x1440:3440x1440:R10G10B10A2_TYPELESS;ResourceId::64537:TempBuffer 139 3440x1440:3440x1440:R8G8B8A8_TYPELESS;ResourceId::64541:TempBuffer 140 3440x1440:3440x1440:R8G8B8A8_TYPELESS;ResourceId::64545:TempBuffer 141 3440x1440:3440x1440:R8_TYPELESS;ResourceId::64553:TempBuffer 143 3440x1440:3440x1440:R8_TYPELESS;ResourceId::64549:TempBuffer 142 3440x1440:3440x1440:R8_TYPELESS	ResourceId::61073
10262	ps	miHoYo/Character/Character_Crowds	16770	1	ResourceId::64533:TempBuffer 138 3440x1440:3440x1440:R10G10B10A2_TYPELESS;ResourceId::64537:TempBuffer 139 3440x1440:3440x1440:R8G8B8A8_TYPELESS;ResourceId::64541:TempBuffer 140 3440x1440:3440x1440:R8G8B8A8_TYPELESS;ResourceId::64545:TempBuffer 141 3440x1440:3440x1440:R8_TYPELESS;ResourceId::64553:TempBuffer 143 3440x1440:3440x1440:R8_TYPELESS;ResourceId::64549:TempBuffer 142 3440x1440:3440x1440:R8_TYPELESS	ResourceId::61073
10272	ps	miHoYo/Character/Character_Crowds	19020	1	ResourceId::64533:TempBuffer 138 3440x1440:3440x1440:R10G10B10A2_TYPELESS;ResourceId::64537:TempBuffer 139 3440x1440:3440x1440:R8G8B8A8_TYPELESS;ResourceId::64541:TempBuffer 140 3440x1440:3440x1440:R8G8B8A8_TYPELESS;ResourceId::64545:TempBuffer 141 3440x1440:3440x1440:R8_TYPELESS;ResourceId::64553:TempBuffer 143 3440x1440:3440x1440:R8_TYPELESS;ResourceId::64549:TempBuffer 142 3440x1440:3440x1440:R8_TYPELESS	ResourceId::61073
10282	ps	miHoYo/Character/Character_Crowds	8277	1	ResourceId::64533:TempBuffer 138 3440x1440:3440x1440:R10G10B10A2_TYPELESS;ResourceId::64537:TempBuffer 139 3440x1440:3440x1440:R8G8B8A8_TYPELESS;ResourceId::64541:TempBuffer 140 3440x1440:3440x1440:R8G8B8A8_TYPELESS;ResourceId::64545:TempBuffer 141 3440x1440:3440x1440:R8_TYPELESS;ResourceId::64553:TempBuffer 143 3440x1440:3440x1440:R8_TYPELESS;ResourceId::64549:TempBuffer 142 3440x1440:3440x1440:R8_TYPELESS	ResourceId::61073
10292	ps	miHoYo/Character/Character_Crowds	7905	1	ResourceId::64533:TempBuffer 138 3440x1440:3440x1440:R10G10B10A2_TYPELESS;ResourceId::64537:TempBuffer 139 3440x1440:3440x1440:R8G8B8A8_TYPELESS;ResourceId::64541:TempBuffer 140 3440x1440:3440x1440:R8G8B8A8_TYPELESS;ResourceId::64545:TempBuffer 141 3440x1440:3440x1440:R8_TYPELESS;ResourceId::64553:TempBuffer 143 3440x1440:3440x1440:R8_TYPELESS;ResourceId::64549:TempBuffer 142 3440x1440:3440x1440:R8_TYPELESS	ResourceId::61073
10301	ps	miHoYo/Character/Character_Crowds	8277	1	ResourceId::64533:TempBuffer 138 3440x1440:3440x1440:R10G10B10A2_TYPELESS;ResourceId::64537:TempBuffer 139 3440x1440:3440x1440:R8G8B8A8_TYPELESS;ResourceId::64541:TempBuffer 140 3440x1440:3440x1440:R8G8B8A8_TYPELESS;ResourceId::64545:TempBuffer 141 3440x1440:3440x1440:R8_TYPELESS;ResourceId::64553:TempBuffer 143 3440x1440:3440x1440:R8_TYPELESS;ResourceId::64549:TempBuffer 142 3440x1440:3440x1440:R8_TYPELESS	ResourceId::61073
10311	ps	miHoYo/Character/Character_Crowds	7881	1	ResourceId::64533:TempBuffer 138 3440x1440:3440x1440:R10G10B10A2_TYPELESS;ResourceId::64537:TempBuffer 139 3440x1440:3440x1440:R8G8B8A8_TYPELESS;ResourceId::64541:TempBuffer 140 3440x1440:3440x1440:R8G8B8A8_TYPELESS;ResourceId::64545:TempBuffer 141 3440x1440:3440x1440:R8_TYPELESS;ResourceId::64553:TempBuffer 143 3440x1440:3440x1440:R8_TYPELESS;ResourceId::64549:TempBuffer 142 3440x1440:3440x1440:R8_TYPELESS	ResourceId::61073
10337	ps	miHoYo/Character/Character_Crowds	1512	1	ResourceId::64533:TempBuffer 138 3440x1440:3440x1440:R10G10B10A2_TYPELESS;ResourceId::64537:TempBuffer 139 3440x1440:3440x1440:R8G8B8A8_TYPELESS;ResourceId::64541:TempBuffer 140 3440x1440:3440x1440:R8G8B8A8_TYPELESS;ResourceId::64545:TempBuffer 141 3440x1440:3440x1440:R8_TYPELESS;ResourceId::64553:TempBuffer 143 3440x1440:3440x1440:R8_TYPELESS;ResourceId::64549:TempBuffer 142 3440x1440:3440x1440:R8_TYPELESS	ResourceId::61073
10342	ps	miHoYo/Character/Character_Crowds	684	1	ResourceId::64533:TempBuffer 138 3440x1440:3440x1440:R10G10B10A2_TYPELESS;ResourceId::64537:TempBuffer 139 3440x1440:3440x1440:R8G8B8A8_TYPELESS;ResourceId::64541:TempBuffer 140 3440x1440:3440x1440:R8G8B8A8_TYPELESS;ResourceId::64545:TempBuffer 141 3440x1440:3440x1440:R8_TYPELESS;ResourceId::64553:TempBuffer 143 3440x1440:3440x1440:R8_TYPELESS;ResourceId::64549:TempBuffer 142 3440x1440:3440x1440:R8_TYPELESS	ResourceId::61073
10381	ps	miHoYo/Uber/Character/Character_Uber_Stockings_New	123369	1	ResourceId::64533:TempBuffer 138 3440x1440:3440x1440:R10G10B10A2_TYPELESS;ResourceId::64537:TempBuffer 139 3440x1440:3440x1440:R8G8B8A8_TYPELESS;ResourceId::64541:TempBuffer 140 3440x1440:3440x1440:R8G8B8A8_TYPELESS;ResourceId::64545:TempBuffer 141 3440x1440:3440x1440:R8_TYPELESS;ResourceId::64553:TempBuffer 143 3440x1440:3440x1440:R8_TYPELESS;ResourceId::64549:TempBuffer 142 3440x1440:3440x1440:R8_TYPELESS	ResourceId::61073
10397	ps	miHoYo/Uber/Character/Character_Uber_Marionette_NewShining_Hair_Flattened	86766	1	ResourceId::64533:TempBuffer 138 3440x1440:3440x1440:R10G10B10A2_TYPELESS;ResourceId::64537:TempBuffer 139 3440x1440:3440x1440:R8G8B8A8_TYPELESS;ResourceId::64541:TempBuffer 140 3440x1440:3440x1440:R8G8B8A8_TYPELESS;ResourceId::64545:TempBuffer 141 3440x1440:3440x1440:R8_TYPELESS;ResourceId::64553:TempBuffer 143 3440x1440:3440x1440:R8_TYPELESS;ResourceId::64549:TempBuffer 142 3440x1440:3440x1440:R8_TYPELESS	ResourceId::61073
10416	ps	miHoYo/Character/Character_Base_Uber	3882	0	ResourceId::64533:TempBuffer 138 3440x1440:3440x1440:R10G10B10A2_TYPELESS;ResourceId::64537:TempBuffer 139 3440x1440:3440x1440:R8G8B8A8_TYPELESS;ResourceId::64541:TempBuffer 140 3440x1440:3440x1440:R8G8B8A8_TYPELESS;ResourceId::64545:TempBuffer 141 3440x1440:3440x1440:R8_TYPELESS;ResourceId::64553:TempBuffer 143 3440x1440:3440x1440:R8_TYPELESS;ResourceId::64549:TempBuffer 142 3440x1440:3440x1440:R8_TYPELESS	ResourceId::61073
10433	ps	miHoYo/Uber/Character/Character_Uber_FacialUVExpression	10620	0	ResourceId::64533:TempBuffer 138 3440x1440:3440x1440:R10G10B10A2_TYPELESS;ResourceId::64537:TempBuffer 139 3440x1440:3440x1440:R8G8B8A8_TYPELESS;ResourceId::64541:TempBuffer 140 3440x1440:3440x1440:R8G8B8A8_TYPELESS;ResourceId::64545:TempBuffer 141 3440x1440:3440x1440:R8_TYPELESS;ResourceId::64553:TempBuffer 143 3440x1440:3440x1440:R8_TYPELESS;ResourceId::64549:TempBuffer 142 3440x1440:3440x1440:R8_TYPELESS	ResourceId::61073
10466	ps	miHoYo/Avatar/Character_Uber_Crystal	33903	1	ResourceId::64533:TempBuffer 138 3440x1440:3440x1440:R10G10B10A2_TYPELESS;ResourceId::64537:TempBuffer 139 3440x1440:3440x1440:R8G8B8A8_TYPELESS;ResourceId::64541:TempBuffer 140 3440x1440:3440x1440:R8G8B8A8_TYPELESS;ResourceId::64545:TempBuffer 141 3440x1440:3440x1440:R8_TYPELESS;ResourceId::64553:TempBuffer 143 3440x1440:3440x1440:R8_TYPELESS;ResourceId::64549:TempBuffer 142 3440x1440:3440x1440:R8_TYPELESS	ResourceId::61073
10491	ps	miHoYo/Uber/Character/Character_Uber_Marionette_NewShining_Dress_Flattened	18813	1	ResourceId::64533:TempBuffer 138 3440x1440:3440x1440:R10G10B10A2_TYPELESS;ResourceId::64537:TempBuffer 139 3440x1440:3440x1440:R8G8B8A8_TYPELESS;ResourceId::64541:TempBuffer 140 3440x1440:3440x1440:R8G8B8A8_TYPELESS;ResourceId::64545:TempBuffer 141 3440x1440:3440x1440:R8_TYPELESS;ResourceId::64553:TempBuffer 143 3440x1440:3440x1440:R8_TYPELESS;ResourceId::64549:TempBuffer 142 3440x1440:3440x1440:R8_TYPELESS	ResourceId::61073
10503	ps	miHoYo/Uber/Character/Character_Uber_Marionette_NewShining_Dress01_Flattened	29298	1	ResourceId::64533:TempBuffer 138 3440x1440:3440x1440:R10G10B10A2_TYPELESS;ResourceId::64537:TempBuffer 139 3440x1440:3440x1440:R8G8B8A8_TYPELESS;ResourceId::64541:TempBuffer 140 3440x1440:3440x1440:R8G8B8A8_TYPELESS;ResourceId::64545:TempBuffer 141 3440x1440:3440x1440:R8_TYPELESS;ResourceId::64553:TempBuffer 143 3440x1440:3440x1440:R8_TYPELESS;ResourceId::64549:TempBuffer 142 3440x1440:3440x1440:R8_TYPELESS	ResourceId::61073
10523	ps	miHoYo/Character/Character_Base_Uber	144	0	ResourceId::64533:TempBuffer 138 3440x1440:3440x1440:R10G10B10A2_TYPELESS;ResourceId::64537:TempBuffer 139 3440x1440:3440x1440:R8G8B8A8_TYPELESS;ResourceId::64541:TempBuffer 140 3440x1440:3440x1440:R8G8B8A8_TYPELESS;ResourceId::64545:TempBuffer 141 3440x1440:3440x1440:R8_TYPELESS;ResourceId::64553:TempBuffer 143 3440x1440:3440x1440:R8_TYPELESS;ResourceId::64549:TempBuffer 142 3440x1440:3440x1440:R8_TYPELESS	ResourceId::61073
10540	ps	miHoYo/Uber/Character/Character_Uber_FacialUVExpression	10620	0	ResourceId::64533:TempBuffer 138 3440x1440:3440x1440:R10G10B10A2_TYPELESS;ResourceId::64537:TempBuffer 139 3440x1440:3440x1440:R8G8B8A8_TYPELESS;ResourceId::64541:TempBuffer 140 3440x1440:3440x1440:R8G8B8A8_TYPELESS;ResourceId::64545:TempBuffer 141 3440x1440:3440x1440:R8_TYPELESS;ResourceId::64553:TempBuffer 143 3440x1440:3440x1440:R8_TYPELESS;ResourceId::64549:TempBuffer 142 3440x1440:3440x1440:R8_TYPELESS	ResourceId::61073
10567	ps	miHoYo/Avatar/Character_Eye_Uber	1608	0	ResourceId::64533:TempBuffer 138 3440x1440:3440x1440:R10G10B10A2_TYPELESS;ResourceId::64537:TempBuffer 139 3440x1440:3440x1440:R8G8B8A8_TYPELESS;ResourceId::64541:TempBuffer 140 3440x1440:3440x1440:R8G8B8A8_TYPELESS;ResourceId::64545:TempBuffer 141 3440x1440:3440x1440:R8_TYPELESS;ResourceId::64553:TempBuffer 143 3440x1440:3440x1440:R8_TYPELESS;ResourceId::64549:TempBuffer 142 3440x1440:3440x1440:R8_TYPELESS	ResourceId::61073
10595	ps	miHoYo/Uber/Character/Character_Uber_Marionette_NewShining_Hair_Flattened	19842	1	ResourceId::64533:TempBuffer 138 3440x1440:3440x1440:R10G10B10A2_TYPELESS;ResourceId::64537:TempBuffer 139 3440x1440:3440x1440:R8G8B8A8_TYPELESS;ResourceId::64541:TempBuffer 140 3440x1440:3440x1440:R8G8B8A8_TYPELESS;ResourceId::64545:TempBuffer 141 3440x1440:3440x1440:R8_TYPELESS;ResourceId::64553:TempBuffer 143 3440x1440:3440x1440:R8_TYPELESS;ResourceId::64549:TempBuffer 142 3440x1440:3440x1440:R8_TYPELESS	ResourceId::61073
10609	ps	miHoYo/Uber/Character/Character_Uber_Marionette_NewShining_Hair_Flattened	19842	1	ResourceId::64533:TempBuffer 138 3440x1440:3440x1440:R10G10B10A2_TYPELESS;ResourceId::64537:TempBuffer 139 3440x1440:3440x1440:R8G8B8A8_TYPELESS;ResourceId::64541:TempBuffer 140 3440x1440:3440x1440:R8G8B8A8_TYPELESS;ResourceId::64545:TempBuffer 141 3440x1440:3440x1440:R8_TYPELESS;ResourceId::64553:TempBuffer 143 3440x1440:3440x1440:R8_TYPELESS;ResourceId::64549:TempBuffer 142 3440x1440:3440x1440:R8_TYPELESS	ResourceId::61073
10621	ps	miHoYo/Character/Character_Base_Uber	19842	1	ResourceId::64533:TempBuffer 138 3440x1440:3440x1440:R10G10B10A2_TYPELESS;ResourceId::64537:TempBuffer 139 3440x1440:3440x1440:R8G8B8A8_TYPELESS;ResourceId::64541:TempBuffer 140 3440x1440:3440x1440:R8G8B8A8_TYPELESS;ResourceId::64545:TempBuffer 141 3440x1440:3440x1440:R8_TYPELESS;ResourceId::64553:TempBuffer 143 3440x1440:3440x1440:R8_TYPELESS;ResourceId::64549:TempBuffer 142 3440x1440:3440x1440:R8_TYPELESS	ResourceId::61073
10640	ps	miHoYo/Character/Character_Base_Uber	3882	0	ResourceId::64533:TempBuffer 138 3440x1440:3440x1440:R10G10B10A2_TYPELESS;ResourceId::64537:TempBuffer 139 3440x1440:3440x1440:R8G8B8A8_TYPELESS;ResourceId::64541:TempBuffer 140 3440x1440:3440x1440:R8G8B8A8_TYPELESS;ResourceId::64545:TempBuffer 141 3440x1440:3440x1440:R8_TYPELESS;ResourceId::64553:TempBuffer 143 3440x1440:3440x1440:R8_TYPELESS;ResourceId::64549:TempBuffer 142 3440x1440:3440x1440:R8_TYPELESS	ResourceId::61073
10657	ps	miHoYo/Uber/Character/Character_Uber_FacialUVExpression	10620	0	ResourceId::64533:TempBuffer 138 3440x1440:3440x1440:R10G10B10A2_TYPELESS;ResourceId::64537:TempBuffer 139 3440x1440:3440x1440:R8G8B8A8_TYPELESS;ResourceId::64541:TempBuffer 140 3440x1440:3440x1440:R8G8B8A8_TYPELESS;ResourceId::64545:TempBuffer 141 3440x1440:3440x1440:R8_TYPELESS;ResourceId::64553:TempBuffer 143 3440x1440:3440x1440:R8_TYPELESS;ResourceId::64549:TempBuffer 142 3440x1440:3440x1440:R8_TYPELESS	ResourceId::61073
10679	ps	miHoYo/Uber/Character/Character_Uber_Stockings_New	123369	1	ResourceId::64533:TempBuffer 138 3440x1440:3440x1440:R10G10B10A2_TYPELESS;ResourceId::64537:TempBuffer 139 3440x1440:3440x1440:R8G8B8A8_TYPELESS;ResourceId::64541:TempBuffer 140 3440x1440:3440x1440:R8G8B8A8_TYPELESS;ResourceId::64545:TempBuffer 141 3440x1440:3440x1440:R8_TYPELESS;ResourceId::64553:TempBuffer 143 3440x1440:3440x1440:R8_TYPELESS;ResourceId::64549:TempBuffer 142 3440x1440:3440x1440:R8_TYPELESS	ResourceId::61073
10690	ps	miHoYo/Uber/Character/Character_Uber_Stockings_New	86766	1	ResourceId::64533:TempBuffer 138 3440x1440:3440x1440:R10G10B10A2_TYPELESS;ResourceId::64537:TempBuffer 139 3440x1440:3440x1440:R8G8B8A8_TYPELESS;ResourceId::64541:TempBuffer 140 3440x1440:3440x1440:R8G8B8A8_TYPELESS;ResourceId::64545:TempBuffer 141 3440x1440:3440x1440:R8_TYPELESS;ResourceId::64553:TempBuffer 143 3440x1440:3440x1440:R8_TYPELESS;ResourceId::64549:TempBuffer 142 3440x1440:3440x1440:R8_TYPELESS	ResourceId::61073
10701	ps	miHoYo/Uber/Character/Character_Uber_Stockings_New	19842	1	ResourceId::64533:TempBuffer 138 3440x1440:3440x1440:R10G10B10A2_TYPELESS;ResourceId::64537:TempBuffer 139 3440x1440:3440x1440:R8G8B8A8_TYPELESS;ResourceId::64541:TempBuffer 140 3440x1440:3440x1440:R8G8B8A8_TYPELESS;ResourceId::64545:TempBuffer 141 3440x1440:3440x1440:R8_TYPELESS;ResourceId::64553:TempBuffer 143 3440x1440:3440x1440:R8_TYPELESS;ResourceId::64549:TempBuffer 142 3440x1440:3440x1440:R8_TYPELESS	ResourceId::61073
10717	ps	miHoYo/Character/Character_Base_Uber	3882	0	ResourceId::64533:TempBuffer 138 3440x1440:3440x1440:R10G10B10A2_TYPELESS;ResourceId::64537:TempBuffer 139 3440x1440:3440x1440:R8G8B8A8_TYPELESS;ResourceId::64541:TempBuffer 140 3440x1440:3440x1440:R8G8B8A8_TYPELESS;ResourceId::64545:TempBuffer 141 3440x1440:3440x1440:R8_TYPELESS;ResourceId::64553:TempBuffer 143 3440x1440:3440x1440:R8_TYPELESS;ResourceId::64549:TempBuffer 142 3440x1440:3440x1440:R8_TYPELESS	ResourceId::61073
10730	ps	miHoYo/Uber/Character/Character_Uber_FacialUVExpression	10620	0	ResourceId::64533:TempBuffer 138 3440x1440:3440x1440:R10G10B10A2_TYPELESS;ResourceId::64537:TempBuffer 139 3440x1440:3440x1440:R8G8B8A8_TYPELESS;ResourceId::64541:TempBuffer 140 3440x1440:3440x1440:R8G8B8A8_TYPELESS;ResourceId::64545:TempBuffer 141 3440x1440:3440x1440:R8_TYPELESS;ResourceId::64553:TempBuffer 143 3440x1440:3440x1440:R8_TYPELESS;ResourceId::64549:TempBuffer 142 3440x1440:3440x1440:R8_TYPELESS	ResourceId::61073
10748	ps	miHoYo/Avatar/Character_Uber_Crystal	33903	1	ResourceId::64533:TempBuffer 138 3440x1440:3440x1440:R10G10B10A2_TYPELESS;ResourceId::64537:TempBuffer 139 3440x1440:3440x1440:R8G8B8A8_TYPELESS;ResourceId::64541:TempBuffer 140 3440x1440:3440x1440:R8G8B8A8_TYPELESS;ResourceId::64545:TempBuffer 141 3440x1440:3440x1440:R8_TYPELESS;ResourceId::64553:TempBuffer 143 3440x1440:3440x1440:R8_TYPELESS;ResourceId::64549:TempBuffer 142 3440x1440:3440x1440:R8_TYPELESS	ResourceId::61073
10764	ps	miHoYo/Uber/Character/Character_Uber_Stockings_New	18813	1	ResourceId::64533:TempBuffer 138 3440x1440:3440x1440:R10G10B10A2_TYPELESS;ResourceId::64537:TempBuffer 139 3440x1440:3440x1440:R8G8B8A8_TYPELESS;ResourceId::64541:TempBuffer 140 3440x1440:3440x1440:R8G8B8A8_TYPELESS;ResourceId::64545:TempBuffer 141 3440x1440:3440x1440:R8_TYPELESS;ResourceId::64553:TempBuffer 143 3440x1440:3440x1440:R8_TYPELESS;ResourceId::64549:TempBuffer 142 3440x1440:3440x1440:R8_TYPELESS	ResourceId::61073
10774	ps	miHoYo/Uber/Character/Character_Uber_Stockings_New	29298	1	ResourceId::64533:TempBuffer 138 3440x1440:3440x1440:R10G10B10A2_TYPELESS;ResourceId::64537:TempBuffer 139 3440x1440:3440x1440:R8G8B8A8_TYPELESS;ResourceId::64541:TempBuffer 140 3440x1440:3440x1440:R8G8B8A8_TYPELESS;ResourceId::64545:TempBuffer 141 3440x1440:3440x1440:R8_TYPELESS;ResourceId::64553:TempBuffer 143 3440x1440:3440x1440:R8_TYPELESS;ResourceId::64549:TempBuffer 142 3440x1440:3440x1440:R8_TYPELESS	ResourceId::61073
10787	ps	Hidden/Internal-StencilWrite	36	0	ResourceId::64533:TempBuffer 138 3440x1440:3440x1440:R10G10B10A2_TYPELESS;ResourceId::64537:TempBuffer 139 3440x1440:3440x1440:R8G8B8A8_TYPELESS;ResourceId::64541:TempBuffer 140 3440x1440:3440x1440:R8G8B8A8_TYPELESS;ResourceId::64545:TempBuffer 141 3440x1440:3440x1440:R8_TYPELESS;ResourceId::64553:TempBuffer 143 3440x1440:3440x1440:R8_TYPELESS;ResourceId::64549:TempBuffer 142 3440x1440:3440x1440:R8_TYPELESS	ResourceId::61073
10806	ps	Hidden/Internal-DeferredDecalPrepare	3	0	ResourceId::64879:TempBuffer 147 1720x720:1720x720:R10G10B10A2_TYPELESS	ResourceId::0
10848	ps	miHoYo/Decal/Deferred Decal	36	3	ResourceId::64533:TempBuffer 138 3440x1440:3440x1440:R10G10B10A2_TYPELESS;ResourceId::64537:TempBuffer 139 3440x1440:3440x1440:R8G8B8A8_TYPELESS;ResourceId::64541:TempBuffer 140 3440x1440:3440x1440:R8G8B8A8_TYPELESS;ResourceId::64545:TempBuffer 141 3440x1440:3440x1440:R8_TYPELESS;ResourceId::64553:TempBuffer 143 3440x1440:3440x1440:R8_TYPELESS	ResourceId::61073
10874	ps	miHoYo/Uber/Decal/Decal_Uber_Snow	36	3	ResourceId::64533:TempBuffer 138 3440x1440:3440x1440:R10G10B10A2_TYPELESS;ResourceId::64537:TempBuffer 139 3440x1440:3440x1440:R8G8B8A8_TYPELESS;ResourceId::64541:TempBuffer 140 3440x1440:3440x1440:R8G8B8A8_TYPELESS;ResourceId::64545:TempBuffer 141 3440x1440:3440x1440:R8_TYPELESS;ResourceId::64553:TempBuffer 143 3440x1440:3440x1440:R8_TYPELESS	ResourceId::61073
10890	ps	miHoYo/Uber/Decal/Decal_Uber_Snow	36	0	ResourceId::64533:TempBuffer 138 3440x1440:3440x1440:R10G10B10A2_TYPELESS;ResourceId::64537:TempBuffer 139 3440x1440:3440x1440:R8G8B8A8_TYPELESS;ResourceId::64541:TempBuffer 140 3440x1440:3440x1440:R8G8B8A8_TYPELESS;ResourceId::64545:TempBuffer 141 3440x1440:3440x1440:R8_TYPELESS;ResourceId::64553:TempBuffer 143 3440x1440:3440x1440:R8_TYPELESS	ResourceId::61073
10922	ps	Hidden/Internal-DepthDownSample	3	0	ResourceId::64886:TempBuffer 148 1720x720:1720x720:R32_TYPELESS;ResourceId::64879:TempBuffer 147 1720x720:1720x720:R10G10B10A2_TYPELESS;ResourceId::64894:TempBuffer 149 1720x720:1720x720:R8_TYPELESS	ResourceId::64890
10942	cs	ComputeShader-6412	0	0	ResourceId::64886:TempBuffer 148 1720x720:1720x720:R32_TYPELESS;ResourceId::64879:TempBuffer 147 1720x720:1720x720:R10G10B10A2_TYPELESS;ResourceId::64894:TempBuffer 149 1720x720:1720x720:R8_TYPELESS	ResourceId::64890
10964	cs	ComputeShader-6412	0	0	ResourceId::64886:TempBuffer 148 1720x720:1720x720:R32_TYPELESS;ResourceId::64879:TempBuffer 147 1720x720:1720x720:R10G10B10A2_TYPELESS;ResourceId::64894:TempBuffer 149 1720x720:1720x720:R8_TYPELESS	ResourceId::64890
10987	cs	ComputeShader-7000	0	0	ResourceId::23686:SwapChain-BackBuffer-Texture-3440x1440:3440x1440:R8G8B8A8_SRGB	ResourceId::23690
11004	cs	ComputeShader-6160	0	0	ResourceId::23686:SwapChain-BackBuffer-Texture-3440x1440:3440x1440:R8G8B8A8_SRGB	ResourceId::23690
11019	cs	ComputeShader-2552	0	0	ResourceId::23686:SwapChain-BackBuffer-Texture-3440x1440:3440x1440:R8G8B8A8_SRGB	ResourceId::23690
11034	cs	ComputeShader-2552	0	0	ResourceId::23686:SwapChain-BackBuffer-Texture-3440x1440:3440x1440:R8G8B8A8_SRGB	ResourceId::23690
11049	cs	ComputeShader-2552	0	0	ResourceId::23686:SwapChain-BackBuffer-Texture-3440x1440:3440x1440:R8G8B8A8_SRGB	ResourceId::23690
11064	cs	ComputeShader-2552	0	0	ResourceId::23686:SwapChain-BackBuffer-Texture-3440x1440:3440x1440:R8G8B8A8_SRGB	ResourceId::23690
11079	cs	ComputeShader-2552	0	0	ResourceId::23686:SwapChain-BackBuffer-Texture-3440x1440:3440x1440:R8G8B8A8_SRGB	ResourceId::23690
11094	cs	ComputeShader-2552	0	0	ResourceId::23686:SwapChain-BackBuffer-Texture-3440x1440:3440x1440:R8G8B8A8_SRGB	ResourceId::23690
11109	cs	ComputeShader-2552	0	0	ResourceId::23686:SwapChain-BackBuffer-Texture-3440x1440:3440x1440:R8G8B8A8_SRGB	ResourceId::23690
11124	cs	ComputeShader-2552	0	0	ResourceId::23686:SwapChain-BackBuffer-Texture-3440x1440:3440x1440:R8G8B8A8_SRGB	ResourceId::23690
11145	ps	Hidden/Internal-HIZ-Culling	6	0	ResourceId::64988:TempBuffer 152 1024x1024:1024x1024:R32_TYPELESS	ResourceId::0
11157	ps	Hidden/Internal-HIZ-Culling	6	0	ResourceId::64988:TempBuffer 152 1024x1024:1024x1024:R32_TYPELESS	ResourceId::0
11171	ps	Hidden/Internal-HIZ-Culling	6	0	ResourceId::64988:TempBuffer 152 1024x1024:1024x1024:R32_TYPELESS	ResourceId::0
11182	ps	Hidden/Internal-HIZ-Culling	6	0	ResourceId::64988:TempBuffer 152 1024x1024:1024x1024:R32_TYPELESS	ResourceId::0
11193	ps	Hidden/Internal-HIZ-Culling	6	0	ResourceId::64988:TempBuffer 152 1024x1024:1024x1024:R32_TYPELESS	ResourceId::0
11207	ps	Hidden/Internal-HIZ-Culling	6	0	ResourceId::64988:TempBuffer 152 1024x1024:1024x1024:R32_TYPELESS	ResourceId::0
11218	ps	Hidden/Internal-HIZ-Culling	6	0	ResourceId::64988:TempBuffer 152 1024x1024:1024x1024:R32_TYPELESS	ResourceId::0
11229	ps	Hidden/Internal-HIZ-Culling	6	0	ResourceId::64988:TempBuffer 152 1024x1024:1024x1024:R32_TYPELESS	ResourceId::0
11243	ps	Hidden/Internal-HIZ-Culling	6	0	ResourceId::64988:TempBuffer 152 1024x1024:1024x1024:R32_TYPELESS	ResourceId::0
11267	ps	Hidden/Internal-HIZ-Culling	3	0	ResourceId::62342:TempBuffer 102 256x256:256x256:R8G8B8A8_TYPELESS	ResourceId::0
11287	ps	Hidden/Internal-SSAO	3	0	ResourceId::64997:TempBuffer 154 1720x720:1720x720:R8_TYPELESS	ResourceId::0
11312	cs	ComputeShader-4592	0	0	ResourceId::64997:TempBuffer 154 1720x720:1720x720:R8_TYPELESS	ResourceId::0
11340	cs	ComputeShader-3044	0	0	ResourceId::23686:SwapChain-BackBuffer-Texture-3440x1440:3440x1440:R8G8B8A8_SRGB	ResourceId::23690
11367	ps	miHoYo/AOField/AmbientOcclusionField	36	4	ResourceId::64997:TempBuffer 154 1720x720:1720x720:R8_TYPELESS	ResourceId::0
11375	ps	miHoYo/AOField/AmbientOcclusionField	36	5	ResourceId::64997:TempBuffer 154 1720x720:1720x720:R8_TYPELESS	ResourceId::0
11391	cs	ComputeShader-7148	0	0	ResourceId::23686:SwapChain-BackBuffer-Texture-3440x1440:3440x1440:R8G8B8A8_SRGB	ResourceId::23690
11428	ps	miHoYo/Uber/Character/Character_Uber_FacialUVExpression	10620	0		ResourceId::65003
11441	ps	miHoYo/Character/Character_Base_Uber	3882	0		ResourceId::65003
11449	ps	miHoYo/Character/Character_Base_Uber	144	0		ResourceId::65003
11466	ps	miHoYo/Uber/Character/Character_Uber_Marionette_NewShining_Dress01_Flattened	29298	1		ResourceId::65003
11473	ps	miHoYo/Uber/Character/Character_Uber_Marionette_NewShining_Dress01_Flattened	18813	1		ResourceId::65003
11486	ps	miHoYo/Avatar/Character_Uber_Crystal	33903	1		ResourceId::65003
11499	ps	miHoYo/Uber/Character/Character_Uber_Marionette_NewShining_Dress01_Flattened	123369	1		ResourceId::65003
11511	ps	miHoYo/Uber/Character/Character_Uber_Marionette_NewShining_Dress01_Flattened	19842	1		ResourceId::65003
11520	ps	miHoYo/Uber/Character/Character_Uber_Marionette_NewShining_Dress01_Flattened	86766	1		ResourceId::65003
11551	ps	miHoYo/Character/Character_Crowds	16743	0		ResourceId::65003
11567	ps	miHoYo/Character/Character_Crowds	12375	0		ResourceId::65003
11582	ps	miHoYo/Character/Character_Crowds	9744	0		ResourceId::65003
11594	ps	miHoYo/Character/Character_Crowds	26073	0		ResourceId::65003
11612	ps	miHoYo/Character/Character_Crowds	17085	0		ResourceId::65003
11636	ps	miHoYo/Character/Character_Base_Uber	5940	0		ResourceId::65003
11660	ps	miHoYo/Character/Character_Crowds	13590	0		ResourceId::65003
11680	ps	miHoYo/Character/Character_Base_Uber	3552	0		ResourceId::65003
11704	ps	miHoYo/Character/Character_Crowds	19020	0		ResourceId::65003
11724	ps	miHoYo/Character/Character_Base_Uber	3552	0		ResourceId::65003
11745	ps	miHoYo/Character/Character_Crowds	5112	0		ResourceId::65003
11757	ps	miHoYo/Character/Character_Crowds	11565	0		ResourceId::65003
11774	ps	miHoYo/Character/Character_Crowds	9744	0		ResourceId::65003
11792	ps	miHoYo/Character/Character_Crowds	18588	0		ResourceId::65003
11813	ps	miHoYo/Avatar/Character_SRP_Crystal	9306	0		ResourceId::65003
11822	ps	miHoYo/Avatar/Character_SRP_Crystal	6042	0		ResourceId::65003
11828	ps	miHoYo/Avatar/Character_SRP_Crystal	21558	0		ResourceId::65003
11847	ps	miHoYo/Character/Character_Crowds	5112	0		ResourceId::65003
11857	ps	miHoYo/Character/Character_Crowds	16770	0		ResourceId::65003
11875	ps	miHoYo/Character/Character_Crowds	11523	0		ResourceId::65003
11897	ps	Hidden/InternalClear	6	0		ResourceId::65009
11917	ps	miHoYo/Uber/Scene/Scene_Uber_Snow	2106	7		ResourceId::65009
11930	ps	miHoYo/Uber/Scene/Scene_Uber_Snow	1062	0		ResourceId::65009
11945	ps	miHoYo/Uber/Scene/Scene_Uber_Snow	2094	35		ResourceId::65009
11956	ps	miHoYo/Uber/Scene/Scene_Uber_Snow	2853	0		ResourceId::65009
11963	ps	miHoYo/Uber/Scene/Scene_Uber_Snow	1260	0		ResourceId::65009
11978	ps	miHoYo/Uber/Scene/Scene_Uber_Snow	2082	4		ResourceId::65009
11988	ps	miHoYo/Uber/Scene/Scene_Uber_Snow	1191	2		ResourceId::65009
12001	ps	miHoYo/Uber/Scene/Scene_Uber_Snow	2094	0		ResourceId::65009
12013	ps	miHoYo/Uber/Scene/Scene_Uber_Snow	1662	4		ResourceId::65009
12025	ps	miHoYo/Uber/Scene/Scene_Uber_Snow	1866	0		ResourceId::65009
12038	ps	miHoYo/Uber/Scene/Scene_Uber_Snow	1740	2		ResourceId::65009
12055	ps	miHoYo/Scene/Login Base	1854	23		ResourceId::65009
12060	ps	miHoYo/Scene/Login Base	2034	0		ResourceId::65009
12065	ps	miHoYo/Scene/Login Base	1908	3		ResourceId::65009
12070	ps	miHoYo/Scene/Login Base	2163	3		ResourceId::65009
12075	ps	miHoYo/Scene/Login Base	2082	0		ResourceId::65009
12080	ps	miHoYo/Scene/Login Base	1611	2		ResourceId::65009
12085	ps	miHoYo/Scene/Login Base	1707	0		ResourceId::65009
12098	ps	miHoYo/Uber/Scene/Scene_Uber_Snow	1806	0		ResourceId::65009
12111	ps	miHoYo/Uber/Scene/Scene_Uber_Snow	1674	3		ResourceId::65009
12118	ps	miHoYo/Uber/Scene/Scene_Uber_Snow	1962	2		ResourceId::65009
12128	ps	miHoYo/Uber/Scene/Scene_Uber_Snow	2085	0		ResourceId::65009
12150	ps	Hidden/InternalClear	6	0		ResourceId::65015
12175	ps	miHoYo/Uber/Scene/PatternTexture	2748	1		ResourceId::65015
12197	ps	miHoYo/Scene/Login Base	3141	1		ResourceId::65015
12201	ps	miHoYo/Scene/Login Base	1521	1		ResourceId::65015
12205	ps	miHoYo/Scene/Login Base	3087	1		ResourceId::65015
12209	ps	miHoYo/Scene/Login Base	3585	1		ResourceId::65015
12230	ps	miHoYo/Uber/Scene/Scene_Uber_Snow	108	1		ResourceId::65015
12234	ps	miHoYo/Uber/Scene/Scene_Uber_Snow	282	1		ResourceId::65015
12250	ps	miHoYo/Uber/Scene/Scene_Uber_Snow	8610	1		ResourceId::65015
12264	ps	miHoYo/Uber/Scene/Scene_Uber_Snow	12993	1		ResourceId::65015
12278	ps	miHoYo/Uber/Scene/Scene_Uber_Snow	8643	1		ResourceId::65015
12291	ps	miHoYo/Uber/Scene/Scene_Uber_Snow	30	1		ResourceId::65015
12295	ps	miHoYo/Uber/Scene/Scene_Uber_Snow	4611	1		ResourceId::65015
12299	ps	miHoYo/Uber/Scene/Scene_Uber_Snow	6669	1		ResourceId::65015
12303	ps	miHoYo/Uber/Scene/Scene_Uber_Snow	5631	1		ResourceId::65015
12316	ps	miHoYo/Uber/Scene/Scene_Uber_Snow	3246	1		ResourceId::65015
12320	ps	miHoYo/Uber/Scene/Scene_Uber_Snow	972	1		ResourceId::65015
12324	ps	miHoYo/Uber/Scene/Scene_Uber_Snow	8370	1		ResourceId::65015
12328	ps	miHoYo/Uber/Scene/Scene_Uber_Snow	7566	1		ResourceId::65015
12332	ps	miHoYo/Uber/Scene/Scene_Uber_Snow	2418	1		ResourceId::65015
12363	ps	Nature/Afs Simple Tree v4 Snow	5730	1		ResourceId::65015
12386	ps	Hidden/InternalClear	6	0		ResourceId::65015
12409	ps	miHoYo/Uber/Scene/PatternTexture	2748	1		ResourceId::65015
12432	ps	miHoYo/Scene/Login Base	2613	1		ResourceId::65015
12436	ps	miHoYo/Scene/Login Base	3141	1		ResourceId::65015
12440	ps	miHoYo/Scene/Login Base	1521	1		ResourceId::65015
12444	ps	miHoYo/Scene/Login Base	2328	1		ResourceId::65015
12448	ps	miHoYo/Scene/Login Base	3087	1		ResourceId::65015
12452	ps	miHoYo/Scene/Login Base	3585	1		ResourceId::65015
12473	ps	miHoYo/Uber/Scene/Scene_Uber_Snow	39	2		ResourceId::65015
12486	ps	miHoYo/Uber/Scene/Scene_Uber_Snow	108	1		ResourceId::65015
12490	ps	miHoYo/Uber/Scene/Scene_Uber_Snow	282	1		ResourceId::65015
12506	ps	miHoYo/Uber/Scene/Scene_Uber_Snow	8610	1		ResourceId::65015
12520	ps	miHoYo/Uber/Scene/Scene_Uber_Snow	12993	1		ResourceId::65015
12534	ps	miHoYo/Uber/Scene/Scene_Uber_Snow	8643	1		ResourceId::65015
12547	ps	miHoYo/Uber/Scene/Scene_Uber_Snow	30	1		ResourceId::65015
12551	ps	miHoYo/Uber/Scene/Scene_Uber_Snow	4611	1		ResourceId::65015
12555	ps	miHoYo/Uber/Scene/Scene_Uber_Snow	6669	1		ResourceId::65015
12559	ps	miHoYo/Uber/Scene/Scene_Uber_Snow	5631	1		ResourceId::65015
12572	ps	miHoYo/Uber/Scene/Scene_Uber_Snow	3246	2		ResourceId::65015
12576	ps	miHoYo/Uber/Scene/Scene_Uber_Snow	972	1		ResourceId::65015
12580	ps	miHoYo/Uber/Scene/Scene_Uber_Snow	8370	2		ResourceId::65015
12584	ps	miHoYo/Uber/Scene/Scene_Uber_Snow	7566	2		ResourceId::65015
12588	ps	miHoYo/Uber/Scene/Scene_Uber_Snow	3216	2		ResourceId::65015
12592	ps	miHoYo/Uber/Scene/Scene_Uber_Snow	2418	1		ResourceId::65015
12605	ps	miHoYo/Uber/Scene/Scene_Uber_Snow	1104	2		ResourceId::65015
12635	ps	Nature/Afs Simple Tree v4 Snow	5730	1		ResourceId::65015
12658	ps	Hidden/InternalClear	6	0		ResourceId::65015
12679	ps	miHoYo/Scene/Login Base	2613	1		ResourceId::65015
12683	ps	miHoYo/Scene/Login Base	924	1		ResourceId::65015
12687	ps	miHoYo/Scene/Login Base	1590	4		ResourceId::65015
12691	ps	miHoYo/Scene/Login Base	1104	2		ResourceId::65015
12695	ps	miHoYo/Scene/Login Base	3141	1		ResourceId::65015
12699	ps	miHoYo/Scene/Login Base	1584	2		ResourceId::65015
12705	ps	miHoYo/Scene/Login Base	1521	1		ResourceId::65015
12709	ps	miHoYo/Scene/Login Base	1521	1		ResourceId::65015
12713	ps	miHoYo/Scene/Login Base	2328	1		ResourceId::65015
12717	ps	miHoYo/Scene/Login Base	2328	1		ResourceId::65015
12723	ps	miHoYo/Scene/Login Base	3087	1		ResourceId::65015
12727	ps	miHoYo/Scene/Login Base	3585	1		ResourceId::65015
12757	ps	miHoYo/Character/Character_Crowds	6279	1		ResourceId::65015
12780	ps	miHoYo/Uber/Scene/Scene_Uber_Snow	39	2		ResourceId::65015
12793	ps	miHoYo/Uber/Scene/Scene_Uber_Snow	108	1		ResourceId::65015
12797	ps	miHoYo/Uber/Scene/Scene_Uber_Snow	282	1		ResourceId::65015
12813	ps	miHoYo/Uber/Scene/Scene_Uber_Snow	8610	1		ResourceId::65015
12827	ps	miHoYo/Uber/Scene/Scene_Uber_Snow	690	1		ResourceId::65015
12831	ps	miHoYo/Uber/Scene/Scene_Uber_Snow	1446	2		ResourceId::65015
12844	ps	miHoYo/Uber/Scene/Scene_Uber_Snow	12993	1		ResourceId::65015
12858	ps	miHoYo/Uber/Scene/Scene_Uber_Snow	8643	1		ResourceId::65015
12871	ps	miHoYo/Uber/Scene/Scene_Uber_Snow	30	3		ResourceId::65015
12875	ps	miHoYo/Uber/Scene/Scene_Uber_Snow	4611	1		ResourceId::65015
12879	ps	miHoYo/Uber/Scene/Scene_Uber_Snow	6669	1		ResourceId::65015
12883	ps	miHoYo/Uber/Scene/Scene_Uber_Snow	5631	1		ResourceId::65015
12896	ps	miHoYo/Uber/Scene/Scene_Uber_Snow	3534	1		ResourceId::65015
12900	ps	miHoYo/Uber/Scene/Scene_Uber_Snow	1248	2		ResourceId::65015
12905	ps	miHoYo/Uber/Scene/Scene_Uber_Snow	3246	4		ResourceId::65015
12909	ps	miHoYo/Uber/Scene/Scene_Uber_Snow	972	1		ResourceId::65015
12913	ps	miHoYo/Uber/Scene/Scene_Uber_Snow	8370	3		ResourceId::65015
12917	ps	miHoYo/Uber/Scene/Scene_Uber_Snow	7566	2		ResourceId::65015
12921	ps	miHoYo/Uber/Scene/Scene_Uber_Snow	3216	2		ResourceId::65015
12925	ps	miHoYo/Uber/Scene/Scene_Uber_Snow	2418	1		ResourceId::65015
12938	ps	miHoYo/Uber/Scene/Scene_Uber_Snow	2892	1		ResourceId::65015
12942	ps	miHoYo/Uber/Scene/Scene_Uber_Snow	516	2		ResourceId::65015
12947	ps	miHoYo/Uber/Scene/Scene_Uber_Snow	1104	2		ResourceId::65015
12978	ps	Nature/Afs Simple Tree v4 Snow	2106	2		ResourceId::65015
13003	ps	Nature/Afs Simple Tree v4 Snow	3936	2		ResourceId::65015
13008	ps	Nature/Afs Simple Tree v4 Snow	1464	2		ResourceId::65015
13016	ps	Nature/Afs Simple Tree v4 Snow	780	2		ResourceId::65015
13038	ps	Nature/Afs Simple Tree v4 Snow	5730	1		ResourceId::65015
13061	ps	Hidden/InternalClear	6	0		ResourceId::65015
13090	ps	miHoYo/Uber/Scene/Scene_Uber_Base	216	1		ResourceId::65015
13111	ps	miHoYo/Uber/Scene/PatternTexture	1527	1		ResourceId::65015
13116	ps	miHoYo/Uber/Scene/PatternTexture	2016	1		ResourceId::65015
13120	ps	miHoYo/Uber/Scene/PatternTexture	1956	2		ResourceId::65015
13127	ps	miHoYo/Uber/Scene/PatternTexture	1560	1		ResourceId::65015
13150	ps	miHoYo/Scene/Login Base	1854	1		ResourceId::65015
13154	ps	miHoYo/Scene/Login Base	1908	1		ResourceId::65015
13158	ps	miHoYo/Scene/Login Base	2163	1		ResourceId::65015
13162	ps	miHoYo/Scene/Login Base	2613	3		ResourceId::65015
13166	ps	miHoYo/Scene/Login Base	924	2		ResourceId::65015
13170	ps	miHoYo/Scene/Login Base	1590	9		ResourceId::65015
13174	ps	miHoYo/Scene/Login Base	1104	2		ResourceId::65015
13178	ps	miHoYo/Scene/Login Base	3141	1		ResourceId::65015
13182	ps	miHoYo/Scene/Login Base	1620	1		ResourceId::65015
13186	ps	miHoYo/Scene/Login Base	1584	2		ResourceId::65015
13192	ps	miHoYo/Scene/Login Base	1521	1		ResourceId::65015
13196	ps	miHoYo/Scene/Login Base	1521	1		ResourceId::65015
13200	ps	miHoYo/Scene/Login Base	6150	1		ResourceId::65015
13204	ps	miHoYo/Scene/Login Base	2328	1		ResourceId::65015
13208	ps	miHoYo/Scene/Login Base	2328	1		ResourceId::65015
13214	ps	miHoYo/Scene/Login Base	2967	1		ResourceId::65015
13218	ps	miHoYo/Scene/Login Base	3087	1		ResourceId::65015
13222	ps	miHoYo/Scene/Login Base	3585	1		ResourceId::65015
13247	ps	miHoYo/Avatar/Character_SRP_Crystal	5442	1		ResourceId::65015
13274	ps	miHoYo/Character/Character_Crowds	684	1		ResourceId::65015
13279	ps	miHoYo/Character/Character_Crowds	1512	1		ResourceId::65015
13298	ps	miHoYo/Character/Character_Crowds	5112	1		ResourceId::65015
13303	ps	miHoYo/Character/Character_Crowds	5112	1		ResourceId::65015
13325	ps	miHoYo/Character/Character_Crowds	7785	1		ResourceId::65015
13333	ps	miHoYo/Character/Character_Crowds	8289	1		ResourceId::65015
13341	ps	miHoYo/Character/Character_Crowds	18588	1		ResourceId::65015
13350	ps	miHoYo/Character/Character_Crowds	8277	1		ResourceId::65015
13358	ps	miHoYo/Character/Character_Crowds	20043	1		ResourceId::65015
13366	ps	miHoYo/Character/Character_Crowds	16770	1		ResourceId::65015
13375	ps	miHoYo/Character/Character_Crowds	6279	1		ResourceId::65015
13397	ps	miHoYo/Character/Character_Crowds	9438	1		ResourceId::65015
13405	ps	miHoYo/Character/Character_Crowds	12027	1		ResourceId::65015
13427	ps	miHoYo/Character/Character_Crowds	4338	1		ResourceId::65015
13448	ps	miHoYo/Character/Character_Crowds	408	1		ResourceId::65015
13470	ps	miHoYo/Character/Character_Crowds	9744	1		ResourceId::65015
13479	ps	miHoYo/Character/Character_Crowds	7668	1		ResourceId::65015
13487	ps	miHoYo/Character/Character_Crowds	5886	1		ResourceId::65015
13495	ps	miHoYo/Character/Character_Crowds	4773	2		ResourceId::65015
13516	ps	miHoYo/Uber/Scene/Scene_Uber_Snow	39	2		ResourceId::65015
13531	ps	miHoYo/Uber/Scene/Scene_Uber_Snow	453	1		ResourceId::65015
13536	ps	miHoYo/Uber/Scene/Scene_Uber_Snow	108	1		ResourceId::65015
13540	ps	miHoYo/Uber/Scene/Scene_Uber_Snow	282	1		ResourceId::65015
13556	ps	miHoYo/Uber/Scene/Scene_Uber_Snow	8610	1		ResourceId::65015
13570	ps	miHoYo/Uber/Scene/Scene_Uber_Snow	690	3		ResourceId::65015
13574	ps	miHoYo/Uber/Scene/Scene_Uber_Snow	1446	4		ResourceId::65015
13587	ps	miHoYo/Uber/Scene/Scene_Uber_Snow	288	5		ResourceId::65015
13591	ps	miHoYo/Uber/Scene/Scene_Uber_Snow	606	4		ResourceId::65015
13595	ps	miHoYo/Uber/Scene/Scene_Uber_Snow	1320	1		ResourceId::65015
13600	ps	miHoYo/Uber/Scene/Scene_Uber_Snow	4632	1		ResourceId::65015
13605	ps	miHoYo/Uber/Scene/Scene_Uber_Snow	12993	2		ResourceId::65015
13618	ps	miHoYo/Uber/Scene/Scene_Uber_Snow	3255	2		ResourceId::65015
13622	ps	miHoYo/Uber/Scene/Scene_Uber_Snow	7026	3		ResourceId::65015
13647	ps	miHoYo/Uber/Scene/Scene_Uber_Snow	720	2		ResourceId::65015
13651	ps	miHoYo/Uber/Scene/Scene_Uber_Snow	780	1		ResourceId::65015
13671	ps	miHoYo/Uber/Scene/Scene_Uber_Snow	1044	6		ResourceId::65015
13675	ps	miHoYo/Uber/Scene/Scene_Uber_Snow	1764	1		ResourceId::65015
13680	ps	miHoYo/Uber/Scene/Scene_Uber_Snow	606	3		ResourceId::65015
13684	ps	miHoYo/Uber/Scene/Scene_Uber_Snow	1326	1		ResourceId::65015
13688	ps	miHoYo/Uber/Scene/Scene_Uber_Snow	6948	1		ResourceId::65015
13692	ps	miHoYo/Uber/Scene/Scene_Uber_Snow	7884	3		ResourceId::65015
13696	ps	miHoYo/Uber/Scene/Scene_Uber_Snow	5301	1		ResourceId::65015
13701	ps	miHoYo/Uber/Scene/Scene_Uber_Snow	8643	1		ResourceId::65015
13706	ps	miHoYo/Uber/Scene/Scene_Uber_Snow	1548	1		ResourceId::65015
13719	ps	miHoYo/Uber/Scene/Scene_Uber_Snow	30	2		ResourceId::65015
13723	ps	miHoYo/Uber/Scene/Scene_Uber_Snow	1386	1		ResourceId::65015
13727	ps	miHoYo/Uber/Scene/Scene_Uber_Snow	1920	2		ResourceId::65015
13731	ps	miHoYo/Uber/Scene/Scene_Uber_Snow	4611	1		ResourceId::65015
13735	ps	miHoYo/Uber/Scene/Scene_Uber_Snow	6669	1		ResourceId::65015
13739	ps	miHoYo/Uber/Scene/Scene_Uber_Snow	5631	1		ResourceId::65015
13754	ps	miHoYo/Uber/Scene/Scene_Uber_Snow	768	1		ResourceId::65015
13759	ps	miHoYo/Uber/Scene/Scene_Uber_Snow	768	2		ResourceId::65015
13773	ps	miHoYo/Uber/Scene/Scene_Uber_Snow	3534	3		ResourceId::65015
13777	ps	miHoYo/Uber/Scene/Scene_Uber_Snow	1248	4		ResourceId::65015
13782	ps	miHoYo/Uber/Scene/Scene_Uber_Snow	3246	5		ResourceId::65015
13786	ps	miHoYo/Uber/Scene/Scene_Uber_Snow	9126	1		ResourceId::65015
13790	ps	miHoYo/Uber/Scene/Scene_Uber_Snow	972	1		ResourceId::65015
13794	ps	miHoYo/Uber/Scene/Scene_Uber_Snow	8370	4		ResourceId::65015
13798	ps	miHoYo/Uber/Scene/Scene_Uber_Snow	7566	2		ResourceId::65015
13802	ps	miHoYo/Uber/Scene/Scene_Uber_Snow	3216	2		ResourceId::65015
13806	ps	miHoYo/Uber/Scene/Scene_Uber_Snow	2418	1		ResourceId::65015
13821	ps	miHoYo/Uber/Scene/Scene_Uber_Snow	768	3		ResourceId::65015
13826	ps	miHoYo/Uber/Scene/Scene_Uber_Snow	1404	2		ResourceId::65015
13840	ps	miHoYo/Uber/Scene/Scene_Uber_Snow	2892	3		ResourceId::65015
13844	ps	miHoYo/Uber/Scene/Scene_Uber_Snow	516	4		ResourceId::65015
13849	ps	miHoYo/Uber/Scene/Scene_Uber_Snow	1104	2		ResourceId::65015
13880	ps	Nature/Afs Simple Tree v4 Snow	2106	10		ResourceId::65015
13905	ps	Nature/Afs Simple Tree v4 Snow	3936	13		ResourceId::65015
13910	ps	Nature/Afs Simple Tree v4 Snow	1464	42		ResourceId::65015
13918	ps	Nature/Afs Simple Tree v4 Snow	780	8		ResourceId::65015
13940	ps	Nature/Afs Simple Tree v4 Snow	5730	1		ResourceId::65015
13949	ps	Nature/Afs Simple Tree v4 Snow	1110	4		ResourceId::65015
13954	ps	Nature/Afs Simple Tree v4 Snow	1110	1		ResourceId::65015
13979	ps	Nature/Afs Simple Tree v4 Snow	744	2		ResourceId::65015
14014	ps	Nature/Afs Broadleaf New	3795	1		ResourceId::65015
14034	ps	miHoYo/Scene/Login Base	3447	3		ResourceId::65015
14038	ps	miHoYo/Scene/Login Base	2802	3		ResourceId::65015
14042	ps	miHoYo/Scene/Login Base	3438	1		ResourceId::65015
14063	ps	miHoYo/Uber/Scene/Scene_Uber_Snow	372	1		ResourceId::65015
14066	ps	miHoYo/Uber/Scene/Scene_Uber_Snow	372	1		ResourceId::65015
14069	ps	miHoYo/Uber/Scene/Scene_Uber_Snow	372	2		ResourceId::65015
14074	ps	miHoYo/Uber/Scene/Scene_Uber_Snow	798	4		ResourceId::65015
14078	ps	miHoYo/Uber/Scene/Scene_Uber_Snow	606	4		ResourceId::65015
14084	ps	miHoYo/Uber/Scene/Scene_Uber_Snow	111	1		ResourceId::65015
14088	ps	miHoYo/Uber/Scene/Scene_Uber_Snow	111	2		ResourceId::65015
14092	ps	miHoYo/Uber/Scene/Scene_Uber_Snow	111	2		ResourceId::65015
14096	ps	miHoYo/Uber/Scene/Scene_Uber_Snow	111	2		ResourceId::65015
14100	ps	miHoYo/Uber/Scene/Scene_Uber_Snow	111	1		ResourceId::65015
14106	ps	miHoYo/Uber/Scene/Scene_Uber_Snow	876	10		ResourceId::65015
14110	ps	miHoYo/Uber/Scene/Scene_Uber_Snow	408	19		ResourceId::65015
14115	ps	miHoYo/Uber/Scene/Scene_Uber_Snow	5715	1		ResourceId::65015
14120	ps	miHoYo/Uber/Scene/Scene_Uber_Snow	1512	1		ResourceId::65015
14123	ps	miHoYo/Uber/Scene/Scene_Uber_Snow	1512	4		ResourceId::65015
14126	ps	miHoYo/Uber/Scene/Scene_Uber_Snow	1512	2		ResourceId::65015
14129	ps	miHoYo/Uber/Scene/Scene_Uber_Snow	1512	1		ResourceId::65015
14132	ps	miHoYo/Uber/Scene/Scene_Uber_Snow	1512	3		ResourceId::65015
14137	ps	miHoYo/Uber/Scene/Scene_Uber_Snow	2445	4		ResourceId::65015
14140	ps	miHoYo/Uber/Scene/Scene_Uber_Snow	2445	1		ResourceId::65015
14143	ps	miHoYo/Uber/Scene/Scene_Uber_Snow	2445	2		ResourceId::65015
14146	ps	miHoYo/Uber/Scene/Scene_Uber_Snow	2445	2		ResourceId::65015
14151	ps	miHoYo/Uber/Scene/Scene_Uber_Snow	6948	1		ResourceId::65015
14155	ps	miHoYo/Uber/Scene/Scene_Uber_Snow	6126	1		ResourceId::65015
14160	ps	miHoYo/Uber/Scene/Scene_Uber_Snow	1128	2		ResourceId::65015
14165	ps	miHoYo/Uber/Scene/Scene_Uber_Snow	864	6		ResourceId::65015
14170	ps	miHoYo/Uber/Scene/Scene_Uber_Snow	1977	2		ResourceId::65015
14173	ps	miHoYo/Uber/Scene/Scene_Uber_Snow	1977	5		ResourceId::65015
14176	ps	miHoYo/Uber/Scene/Scene_Uber_Snow	1977	3		ResourceId::65015
14179	ps	miHoYo/Uber/Scene/Scene_Uber_Snow	1977	2		ResourceId::65015
14184	ps	miHoYo/Uber/Scene/Scene_Uber_Snow	1746	1		ResourceId::65015
14206	ps	Hidden/InternalClear	6	0		ResourceId::65015
14227	ps	miHoYo/Uber/Scene/PatternTexture	612	1		ResourceId::65015
14251	ps	miHoYo/Uber/Scene/Scene_Uber_Base	216	1		ResourceId::65015
14257	ps	miHoYo/Uber/Scene/Scene_Uber_Base	48	1		ResourceId::65015
14277	ps	miHoYo/Uber/Scene/PatternTexture	240	1		ResourceId::65015
14283	ps	miHoYo/Uber/Scene/PatternTexture	1527	1		ResourceId::65015
14288	ps	miHoYo/Uber/Scene/PatternTexture	2016	2		ResourceId::65015
14292	ps	miHoYo/Uber/Scene/PatternTexture	1956	3		ResourceId::65015
14298	ps	miHoYo/Uber/Scene/PatternTexture	1710	2		ResourceId::65015
14304	ps	miHoYo/Uber/Scene/PatternTexture	8829	1		ResourceId::65015
14309	ps	miHoYo/Uber/Scene/PatternTexture	2832	1		ResourceId::65015
14315	ps	miHoYo/Uber/Scene/PatternTexture	1824	1		ResourceId::65015
14320	ps	miHoYo/Uber/Scene/PatternTexture	1560	1		ResourceId::65015
14326	ps	miHoYo/Uber/Scene/PatternTexture	51	1		ResourceId::65015
14332	ps	miHoYo/Uber/Scene/PatternTexture	1956	1		ResourceId::65015
14345	ps	miHoYo/Uber/Scene/PatternTexture	7818	1		ResourceId::65015
14367	ps	miHoYo/Scene/Login Base	1854	1		ResourceId::65015
14371	ps	miHoYo/Scene/Login Base	1908	2		ResourceId::65015
14375	ps	miHoYo/Scene/Login Base	2163	1		ResourceId::65015
14379	ps	miHoYo/Scene/Login Base	1650	1		ResourceId::65015
14383	ps	miHoYo/Scene/Login Base	1470	1		ResourceId::65015
14387	ps	miHoYo/Scene/Login Base	2613	5		ResourceId::65015
14391	ps	miHoYo/Scene/Login Base	924	4		ResourceId::65015
14395	ps	miHoYo/Scene/Login Base	1590	24		ResourceId::65015
14399	ps	miHoYo/Scene/Login Base	3690	1		ResourceId::65015
14403	ps	miHoYo/Scene/Login Base	1674	2		ResourceId::65015
14407	ps	miHoYo/Scene/Login Base	1104	3		ResourceId::65015
14411	ps	miHoYo/Scene/Login Base	3141	1		ResourceId::65015
14415	ps	miHoYo/Scene/Login Base	5040	1		ResourceId::65015
14419	ps	miHoYo/Scene/Login Base	1620	1		ResourceId::65015
14423	ps	miHoYo/Scene/Login Base	1584	1		ResourceId::65015
14427	ps	miHoYo/Scene/Login Base	1194	1		ResourceId::65015
14431	ps	miHoYo/Scene/Login Base	3066	4		ResourceId::65015
14437	ps	miHoYo/Scene/Login Base	1521	1		ResourceId::65015
14441	ps	miHoYo/Scene/Login Base	1521	1		ResourceId::65015
14445	ps	miHoYo/Scene/Login Base	1068	1		ResourceId::65015
14449	ps	miHoYo/Scene/Login Base	6150	1		ResourceId::65015
14453	ps	miHoYo/Scene/Login Base	3576	2		ResourceId::65015
14457	ps	miHoYo/Scene/Login Base	2619	1		ResourceId::65015
14461	ps	miHoYo/Scene/Login Base	2328	1		ResourceId::65015
14465	ps	miHoYo/Scene/Login Base	2328	1		ResourceId::65015
14471	ps	miHoYo/Scene/Login Base	2967	1		ResourceId::65015
14475	ps	miHoYo/Scene/Login Base	3087	1		ResourceId::65015
14479	ps	miHoYo/Scene/Login Base	3585	1		ResourceId::65015
14494	ps	miHoYo/Scene/Login Base	1428	1		ResourceId::65015
14498	ps	miHoYo/Scene/Login Base	996	1		ResourceId::65015
14511	ps	miHoYo/Scene/Login Base	1074	3		ResourceId::65015
14539	ps	miHoYo/Character/Character_Base_Uber	2268	0		ResourceId::65015
14558	ps	miHoYo/Avatar/Character_SRP_Crystal	5442	1		ResourceId::65015
14573	ps	miHoYo/Avatar/Character_SRP_Crystal	1476	1		ResourceId::65015
14594	ps	miHoYo/Scene/Login Base	13983	0		ResourceId::65015
14599	ps	miHoYo/Scene/Login Base	5832	0		ResourceId::65015
14604	ps	miHoYo/Scene/Login Base	18510	0		ResourceId::65015
14632	ps	miHoYo/Character/Character_Crowds	684	2		ResourceId::65015
14637	ps	miHoYo/Character/Character_Crowds	1512	2		ResourceId::65015
14656	ps	miHoYo/Character/Character_Crowds	126	1		ResourceId::65015
14675	ps	miHoYo/Character/Character_Crowds	5112	2		ResourceId::65015
14680	ps	miHoYo/Character/Character_Crowds	5112	1		ResourceId::65015
14685	ps	miHoYo/Character/Character_Crowds	5112	2		ResourceId::65015
14707	ps	miHoYo/Character/Character_Crowds	9783	1		ResourceId::65015
14715	ps	miHoYo/Character/Character_Crowds	7785	1		ResourceId::65015
14723	ps	miHoYo/Character/Character_Crowds	8289	1		ResourceId::65015
14731	ps	miHoYo/Character/Character_Crowds	18588	1		ResourceId::65015
14737	ps	miHoYo/Character/Character_Crowds	10353	2		ResourceId::65015
14745	ps	miHoYo/Character/Character_Crowds	2940	1		ResourceId::65015
14754	ps	miHoYo/Character/Character_Crowds	8277	1		ResourceId::65015
14762	ps	miHoYo/Character/Character_Crowds	20043	1		ResourceId::65015
14770	ps	miHoYo/Character/Character_Crowds	7881	1		ResourceId::65015
14779	ps	miHoYo/Character/Character_Crowds	10353	1		ResourceId::65015
14787	ps	miHoYo/Character/Character_Crowds	10353	1		ResourceId::65015
14796	ps	miHoYo/Character/Character_Crowds	16770	1		ResourceId::65015
14804	ps	miHoYo/Character/Character_Crowds	16770	1		ResourceId::65015
14813	ps	miHoYo/Character/Character_Crowds	6279	1		ResourceId::65015
14819	ps	miHoYo/Character/Character_Crowds	2940	2		ResourceId::65015
14828	ps	miHoYo/Character/Character_Crowds	8277	1		ResourceId::65015
14835	ps	miHoYo/Character/Character_Crowds	7905	1		ResourceId::65015
14843	ps	miHoYo/Character/Character_Crowds	7905	1		ResourceId::65015
14865	ps	miHoYo/Character/Character_Crowds	3534	1		ResourceId::65015
14874	ps	miHoYo/Character/Character_Crowds	9438	1		ResourceId::65015
14882	ps	miHoYo/Character/Character_Crowds	12027	2		ResourceId::65015
14904	ps	miHoYo/Character/Character_Crowds	4338	1		ResourceId::65015
14925	ps	miHoYo/Character/Character_Crowds	408	1		ResourceId::65015
14947	ps	miHoYo/Character/Character_Crowds	5838	1		ResourceId::65015
14954	ps	miHoYo/Character/Character_Crowds	9744	2		ResourceId::65015
14960	ps	miHoYo/Character/Character_Crowds	5322	2		ResourceId::65015
14969	ps	miHoYo/Character/Character_Crowds	6825	1		ResourceId::65015
14977	ps	miHoYo/Character/Character_Crowds	7668	2		ResourceId::65015
14985	ps	miHoYo/Character/Character_Crowds	5886	1		ResourceId::65015
14993	ps	miHoYo/Character/Character_Crowds	8358	1		ResourceId::65015
15001	ps	miHoYo/Character/Character_Crowds	5145	1		ResourceId::65015
15009	ps	miHoYo/Character/Character_Crowds	5331	2		ResourceId::65015
15017	ps	miHoYo/Character/Character_Crowds	5886	2		ResourceId::65015
15025	ps	miHoYo/Character/Character_Crowds	5529	1		ResourceId::65015
15032	ps	miHoYo/Character/Character_Crowds	4773	2		ResourceId::65015
15053	ps	miHoYo/Uber/Scene/Scene_Uber_Snow	2220	1		ResourceId::65015
15068	ps	miHoYo/Uber/Scene/Scene_Uber_Snow	1956	1		ResourceId::65015
15073	ps	miHoYo/Uber/Scene/Scene_Uber_Snow	4998	1		ResourceId::65015
15086	ps	miHoYo/Uber/Scene/Scene_Uber_Snow	11094	1		ResourceId::65015
15091	ps	miHoYo/Uber/Scene/Scene_Uber_Snow	39	2		ResourceId::65015
15106	ps	miHoYo/Uber/Scene/Scene_Uber_Snow	453	1		ResourceId::65015
15111	ps	miHoYo/Uber/Scene/Scene_Uber_Snow	108	1		ResourceId::65015
15115	ps	miHoYo/Uber/Scene/Scene_Uber_Snow	282	1		ResourceId::65015
15131	ps	miHoYo/Uber/Scene/Scene_Uber_Snow	885	1		ResourceId::65015
15137	ps	miHoYo/Uber/Scene/Scene_Uber_Snow	5403	1		ResourceId::65015
15151	ps	miHoYo/Uber/Scene/Scene_Uber_Snow	690	4		ResourceId::65015
15156	ps	miHoYo/Uber/Scene/Scene_Uber_Snow	234	1		ResourceId::65015
15161	ps	miHoYo/Uber/Scene/Scene_Uber_Snow	1446	4		ResourceId::65015
15165	ps	miHoYo/Uber/Scene/Scene_Uber_Snow	1446	1		ResourceId::65015
15178	ps	miHoYo/Uber/Scene/Scene_Uber_Snow	288	6		ResourceId::65015
15182	ps	miHoYo/Uber/Scene/Scene_Uber_Snow	2946	2		ResourceId::65015
15186	ps	miHoYo/Uber/Scene/Scene_Uber_Snow	606	9		ResourceId::65015
15190	ps	miHoYo/Uber/Scene/Scene_Uber_Snow	1320	1		ResourceId::65015
15194	ps	miHoYo/Uber/Scene/Scene_Uber_Snow	2568	2		ResourceId::65015
15198	ps	miHoYo/Uber/Scene/Scene_Uber_Snow	2370	2		ResourceId::65015
15203	ps	miHoYo/Uber/Scene/Scene_Uber_Snow	4632	3		ResourceId::65015
15208	ps	miHoYo/Uber/Scene/Scene_Uber_Snow	12993	1		ResourceId::65015
15221	ps	miHoYo/Uber/Scene/Scene_Uber_Snow	3255	6		ResourceId::65015
15225	ps	miHoYo/Uber/Scene/Scene_Uber_Snow	7026	3		ResourceId::65015
15250	ps	miHoYo/Uber/Scene/Scene_Uber_Snow	360	1		ResourceId::65015
15254	ps	miHoYo/Uber/Scene/Scene_Uber_Snow	720	2		ResourceId::65015
15258	ps	miHoYo/Uber/Scene/Scene_Uber_Snow	780	1		ResourceId::65015
15278	ps	miHoYo/Uber/Scene/Scene_Uber_Snow	1044	10		ResourceId::65015
15284	ps	miHoYo/Uber/Scene/Scene_Uber_Snow	864	2		ResourceId::65015
15289	ps	miHoYo/Uber/Scene/Scene_Uber_Snow	1764	1		ResourceId::65015
15293	ps	miHoYo/Uber/Scene/Scene_Uber_Snow	606	2		ResourceId::65015
15297	ps	miHoYo/Uber/Scene/Scene_Uber_Snow	606	3		ResourceId::65015
15302	ps	miHoYo/Uber/Scene/Scene_Uber_Snow	606	3		ResourceId::65015
15306	ps	miHoYo/Uber/Scene/Scene_Uber_Snow	1848	1		ResourceId::65015
15310	ps	miHoYo/Uber/Scene/Scene_Uber_Snow	2454	1		ResourceId::65015
15314	ps	miHoYo/Uber/Scene/Scene_Uber_Snow	372	3		ResourceId::65015
15318	ps	miHoYo/Uber/Scene/Scene_Uber_Snow	1089	2		ResourceId::65015
15322	ps	miHoYo/Uber/Scene/Scene_Uber_Snow	1326	2		ResourceId::65015
15327	ps	miHoYo/Uber/Scene/Scene_Uber_Snow	6984	2		ResourceId::65015
15331	ps	miHoYo/Uber/Scene/Scene_Uber_Snow	4107	1		ResourceId::65015
15336	ps	miHoYo/Uber/Scene/Scene_Uber_Snow	2484	2		ResourceId::65015
15341	ps	miHoYo/Uber/Scene/Scene_Uber_Snow	4944	1		ResourceId::65015
15346	ps	miHoYo/Uber/Scene/Scene_Uber_Snow	6948	1		ResourceId::65015
15350	ps	miHoYo/Uber/Scene/Scene_Uber_Snow	864	1		ResourceId::65015
15355	ps	miHoYo/Uber/Scene/Scene_Uber_Snow	1239	2		ResourceId::65015
15359	ps	miHoYo/Uber/Scene/Scene_Uber_Snow	5382	1		ResourceId::65015
15364	ps	miHoYo/Uber/Scene/Scene_Uber_Snow	7884	4		ResourceId::65015
15369	ps	miHoYo/Uber/Scene/Scene_Uber_Snow	4674	2		ResourceId::65015
15374	ps	miHoYo/Uber/Scene/Scene_Uber_Snow	8724	1		ResourceId::65015
15378	ps	miHoYo/Uber/Scene/Scene_Uber_Snow	5301	2		ResourceId::65015
15383	ps	miHoYo/Uber/Scene/Scene_Uber_Snow	2088	1		ResourceId::65015
15387	ps	miHoYo/Uber/Scene/Scene_Uber_Snow	8643	1		ResourceId::65015
15391	ps	miHoYo/Uber/Scene/Scene_Uber_Snow	6348	1		ResourceId::65015
15396	ps	miHoYo/Uber/Scene/Scene_Uber_Snow	1548	2		ResourceId::65015
15400	ps	miHoYo/Uber/Scene/Scene_Uber_Snow	2976	1		ResourceId::65015
15413	ps	miHoYo/Uber/Scene/Scene_Uber_Snow	30	1		ResourceId::65015
15417	ps	miHoYo/Uber/Scene/Scene_Uber_Snow	1386	1		ResourceId::65015
15421	ps	miHoYo/Uber/Scene/Scene_Uber_Snow	1920	3		ResourceId::65015
15427	ps	miHoYo/Uber/Scene/Scene_Uber_Snow	1260	1		ResourceId::65015
15432	ps	miHoYo/Uber/Scene/Scene_Uber_Snow	7134	1		ResourceId::65015
15437	ps	miHoYo/Uber/Scene/Scene_Uber_Snow	4611	1		ResourceId::65015
15441	ps	miHoYo/Uber/Scene/Scene_Uber_Snow	6669	1		ResourceId::65015
15445	ps	miHoYo/Uber/Scene/Scene_Uber_Snow	5631	1		ResourceId::65015
15460	ps	miHoYo/Uber/Scene/Scene_Uber_Snow	768	1		ResourceId::65015
15465	ps	miHoYo/Uber/Scene/Scene_Uber_Snow	768	3		ResourceId::65015
15470	ps	miHoYo/Uber/Scene/Scene_Uber_Snow	1284	1		ResourceId::65015
15475	ps	miHoYo/Uber/Scene/Scene_Uber_Snow	2376	1		ResourceId::65015
15489	ps	miHoYo/Uber/Scene/Scene_Uber_Snow	570	1		ResourceId::65015
15494	ps	miHoYo/Uber/Scene/Scene_Uber_Snow	3534	4		ResourceId::65015
15498	ps	miHoYo/Uber/Scene/Scene_Uber_Snow	1248	4		ResourceId::65015
15503	ps	miHoYo/Uber/Scene/Scene_Uber_Snow	3246	6		ResourceId::65015
15507	ps	miHoYo/Uber/Scene/Scene_Uber_Snow	9126	4		ResourceId::65015
15511	ps	miHoYo/Uber/Scene/Scene_Uber_Snow	9360	1		ResourceId::65015
15516	ps	miHoYo/Uber/Scene/Scene_Uber_Snow	1248	1		ResourceId::65015
15521	ps	miHoYo/Uber/Scene/Scene_Uber_Snow	972	1		ResourceId::65015
15525	ps	miHoYo/Uber/Scene/Scene_Uber_Snow	8370	4		ResourceId::65015
15529	ps	miHoYo/Uber/Scene/Scene_Uber_Snow	7566	2		ResourceId::65015
15533	ps	miHoYo/Uber/Scene/Scene_Uber_Snow	10374	2		ResourceId::65015
15537	ps	miHoYo/Uber/Scene/Scene_Uber_Snow	3216	2		ResourceId::65015
15541	ps	miHoYo/Uber/Scene/Scene_Uber_Snow	2418	1		ResourceId::65015
15556	ps	miHoYo/Uber/Scene/Scene_Uber_Snow	768	6		ResourceId::65015
15561	ps	miHoYo/Uber/Scene/Scene_Uber_Snow	1404	6		ResourceId::65015
15566	ps	miHoYo/Uber/Scene/Scene_Uber_Snow	1284	1		ResourceId::65015
15580	ps	miHoYo/Uber/Scene/Scene_Uber_Snow	1734	1		ResourceId::65015
15586	ps	miHoYo/Uber/Scene/Scene_Uber_Snow	2892	4		ResourceId::65015
15590	ps	miHoYo/Uber/Scene/Scene_Uber_Snow	516	4		ResourceId::65015
15594	ps	miHoYo/Uber/Scene/Scene_Uber_Snow	468	1		ResourceId::65015
15599	ps	miHoYo/Uber/Scene/Scene_Uber_Snow	1104	2		ResourceId::65015
15619	ps	miHoYo/Uber/Scene/Scene_Uber_Snow	954	3		ResourceId::65015
15624	ps	miHoYo/Uber/Scene/Scene_Uber_Snow	960	5		ResourceId::65015
15648	ps	Nature/Afs Simple Tree v4 Snow	2106	18		ResourceId::65015
15673	ps	Nature/Afs Simple Tree v4 Snow	3936	26		ResourceId::65015
15678	ps	Nature/Afs Simple Tree v4 Snow	1464	41		ResourceId::65015
15686	ps	Nature/Afs Simple Tree v4 Snow	780	8		ResourceId::65015
15708	ps	Nature/Afs Simple Tree v4 Snow	5730	1		ResourceId::65015
15717	ps	Nature/Afs Simple Tree v4 Snow	1110	9		ResourceId::65015
15722	ps	Nature/Afs Simple Tree v4 Snow	1110	1		ResourceId::65015
15747	ps	Nature/Afs Simple Tree v4 Snow	1680	1		ResourceId::65015
15752	ps	Nature/Afs Simple Tree v4 Snow	744	39		ResourceId::65015
15760	ps	Nature/Afs Simple Tree v4 Snow	1047	1		ResourceId::65015
15779	ps	Nature/Afs Simple Tree v4 Snow	2049	2		ResourceId::65015
15812	ps	Nature/Afs Broadleaf New	3795	1		ResourceId::65015
15837	ps	Nature/Afs Broadleaf New	1626	1		ResourceId::65015
15857	ps	miHoYo/Scene/Login Base	3447	9		ResourceId::65015
15861	ps	miHoYo/Scene/Login Base	2802	9		ResourceId::65015
15865	ps	miHoYo/Scene/Login Base	3654	2		ResourceId::65015
15869	ps	miHoYo/Scene/Login Base	3438	4		ResourceId::65015
15884	ps	miHoYo/Scene/Login Base	378	9		ResourceId::65015
15888	ps	miHoYo/Scene/Login Base	429	1		ResourceId::65015
15909	ps	miHoYo/Uber/Scene/Scene_Uber_Snow	372	1		ResourceId::65015
15912	ps	miHoYo/Uber/Scene/Scene_Uber_Snow	372	3		ResourceId::65015
15915	ps	miHoYo/Uber/Scene/Scene_Uber_Snow	372	1		ResourceId::65015
15918	ps	miHoYo/Uber/Scene/Scene_Uber_Snow	372	3		ResourceId::65015
15923	ps	miHoYo/Uber/Scene/Scene_Uber_Snow	1089	2		ResourceId::65015
15926	ps	miHoYo/Uber/Scene/Scene_Uber_Snow	1089	2		ResourceId::65015
15929	ps	miHoYo/Uber/Scene/Scene_Uber_Snow	1089	2		ResourceId::65015
15932	ps	miHoYo/Uber/Scene/Scene_Uber_Snow	1089	1		ResourceId::65015
15935	ps	miHoYo/Uber/Scene/Scene_Uber_Snow	1089	2		ResourceId::65015
15938	ps	miHoYo/Uber/Scene/Scene_Uber_Snow	1089	5		ResourceId::65015
15941	ps	miHoYo/Uber/Scene/Scene_Uber_Snow	1089	3		ResourceId::65015
15944	ps	miHoYo/Uber/Scene/Scene_Uber_Snow	1089	2		ResourceId::65015
15947	ps	miHoYo/Uber/Scene/Scene_Uber_Snow	1089	1		ResourceId::65015
15950	ps	miHoYo/Uber/Scene/Scene_Uber_Snow	1089	1		ResourceId::65015
15953	ps	miHoYo/Uber/Scene/Scene_Uber_Snow	1089	1		ResourceId::65015
15956	ps	miHoYo/Uber/Scene/Scene_Uber_Snow	1089	1		ResourceId::65015
15959	ps	miHoYo/Uber/Scene/Scene_Uber_Snow	1089	2		ResourceId::65015
15962	ps	miHoYo/Uber/Scene/Scene_Uber_Snow	1089	1		ResourceId::65015
15965	ps	miHoYo/Uber/Scene/Scene_Uber_Snow	1089	1		ResourceId::65015
15969	ps	miHoYo/Uber/Scene/Scene_Uber_Snow	798	17		ResourceId::65015
15973	ps	miHoYo/Uber/Scene/Scene_Uber_Snow	606	18		ResourceId::65015
15977	ps	miHoYo/Uber/Scene/Scene_Uber_Snow	1239	1		ResourceId::65015
15980	ps	miHoYo/Uber/Scene/Scene_Uber_Snow	1239	8		ResourceId::65015
15983	ps	miHoYo/Uber/Scene/Scene_Uber_Snow	1239	1		ResourceId::65015
15986	ps	miHoYo/Uber/Scene/Scene_Uber_Snow	1239	1		ResourceId::65015
15989	ps	miHoYo/Uber/Scene/Scene_Uber_Snow	1239	1		ResourceId::65015
15992	ps	miHoYo/Uber/Scene/Scene_Uber_Snow	1239	4		ResourceId::65015
15999	ps	miHoYo/Uber/Scene/Scene_Uber_Snow	111	1		ResourceId::65015
16003	ps	miHoYo/Uber/Scene/Scene_Uber_Snow	111	1		ResourceId::65015
16007	ps	miHoYo/Uber/Scene/Scene_Uber_Snow	111	1		ResourceId::65015
16011	ps	miHoYo/Uber/Scene/Scene_Uber_Snow	111	1		ResourceId::65015
16015	ps	miHoYo/Uber/Scene/Scene_Uber_Snow	111	1		ResourceId::65015
16019	ps	miHoYo/Uber/Scene/Scene_Uber_Snow	111	2		ResourceId::65015
16023	ps	miHoYo/Uber/Scene/Scene_Uber_Snow	111	2		ResourceId::65015
16027	ps	miHoYo/Uber/Scene/Scene_Uber_Snow	111	1		ResourceId::65015
16031	ps	miHoYo/Uber/Scene/Scene_Uber_Snow	111	1		ResourceId::65015
16035	ps	miHoYo/Uber/Scene/Scene_Uber_Snow	111	1		ResourceId::65015
16039	ps	miHoYo/Uber/Scene/Scene_Uber_Snow	111	1		ResourceId::65015
16043	ps	miHoYo/Uber/Scene/Scene_Uber_Snow	111	1		ResourceId::65015
16047	ps	miHoYo/Uber/Scene/Scene_Uber_Snow	111	1		ResourceId::65015
16051	ps	miHoYo/Uber/Scene/Scene_Uber_Snow	111	1		ResourceId::65015
16055	ps	miHoYo/Uber/Scene/Scene_Uber_Snow	111	2		ResourceId::65015
16059	ps	miHoYo/Uber/Scene/Scene_Uber_Snow	111	2		ResourceId::65015
16063	ps	miHoYo/Uber/Scene/Scene_Uber_Snow	111	1		ResourceId::65015
16067	ps	miHoYo/Uber/Scene/Scene_Uber_Snow	111	1		ResourceId::65015
16071	ps	miHoYo/Uber/Scene/Scene_Uber_Snow	111	1		ResourceId::65015
16075	ps	miHoYo/Uber/Scene/Scene_Uber_Snow	111	2		ResourceId::65015
16079	ps	miHoYo/Uber/Scene/Scene_Uber_Snow	111	2		ResourceId::65015
16083	ps	miHoYo/Uber/Scene/Scene_Uber_Snow	111	3		ResourceId::65015
16087	ps	miHoYo/Uber/Scene/Scene_Uber_Snow	111	3		ResourceId::65015
16091	ps	miHoYo/Uber/Scene/Scene_Uber_Snow	111	1		ResourceId::65015
16095	ps	miHoYo/Uber/Scene/Scene_Uber_Snow	111	1		ResourceId::65015
16099	ps	miHoYo/Uber/Scene/Scene_Uber_Snow	111	3		ResourceId::65015
16103	ps	miHoYo/Uber/Scene/Scene_Uber_Snow	111	3		ResourceId::65015
16107	ps	miHoYo/Uber/Scene/Scene_Uber_Snow	111	1		ResourceId::65015
16111	ps	miHoYo/Uber/Scene/Scene_Uber_Snow	111	1		ResourceId::65015
16115	ps	miHoYo/Uber/Scene/Scene_Uber_Snow	111	2		ResourceId::65015
16119	ps	miHoYo/Uber/Scene/Scene_Uber_Snow	111	2		ResourceId::65015
16126	ps	miHoYo/Uber/Scene/Scene_Uber_Snow	750	1		ResourceId::65015
16129	ps	miHoYo/Uber/Scene/Scene_Uber_Snow	750	1		ResourceId::65015
16132	ps	miHoYo/Uber/Scene/Scene_Uber_Snow	750	1		ResourceId::65015
16135	ps	miHoYo/Uber/Scene/Scene_Uber_Snow	750	1		ResourceId::65015
16138	ps	miHoYo/Uber/Scene/Scene_Uber_Snow	750	4		ResourceId::65015
16143	ps	miHoYo/Uber/Scene/Scene_Uber_Snow	876	61		ResourceId::65015
16147	ps	miHoYo/Uber/Scene/Scene_Uber_Snow	408	76		ResourceId::65015
16152	ps	miHoYo/Uber/Scene/Scene_Uber_Snow	5715	3		ResourceId::65015
16157	ps	miHoYo/Uber/Scene/Scene_Uber_Snow	1782	1		ResourceId::65015
16161	ps	miHoYo/Uber/Scene/Scene_Uber_Snow	1512	3		ResourceId::65015
16164	ps	miHoYo/Uber/Scene/Scene_Uber_Snow	1512	9		ResourceId::65015
16167	ps	miHoYo/Uber/Scene/Scene_Uber_Snow	1512	1		ResourceId::65015
16170	ps	miHoYo/Uber/Scene/Scene_Uber_Snow	1512	1		ResourceId::65015
16173	ps	miHoYo/Uber/Scene/Scene_Uber_Snow	1512	1		ResourceId::65015
16176	ps	miHoYo/Uber/Scene/Scene_Uber_Snow	1512	9		ResourceId::65015
16179	ps	miHoYo/Uber/Scene/Scene_Uber_Snow	1512	1		ResourceId::65015
16182	ps	miHoYo/Uber/Scene/Scene_Uber_Snow	1512	1		ResourceId::65015
16185	ps	miHoYo/Uber/Scene/Scene_Uber_Snow	1512	3		ResourceId::65015
16188	ps	miHoYo/Uber/Scene/Scene_Uber_Snow	1512	1		ResourceId::65015
16191	ps	miHoYo/Uber/Scene/Scene_Uber_Snow	1512	1		ResourceId::65015
16194	ps	miHoYo/Uber/Scene/Scene_Uber_Snow	1512	1		ResourceId::65015
16197	ps	miHoYo/Uber/Scene/Scene_Uber_Snow	1512	2		ResourceId::65015
16200	ps	miHoYo/Uber/Scene/Scene_Uber_Snow	1512	1		ResourceId::65015
16203	ps	miHoYo/Uber/Scene/Scene_Uber_Snow	1512	1		ResourceId::65015
16206	ps	miHoYo/Uber/Scene/Scene_Uber_Snow	1512	2		ResourceId::65015
16210	ps	miHoYo/Uber/Scene/Scene_Uber_Snow	2445	8		ResourceId::65015
16213	ps	miHoYo/Uber/Scene/Scene_Uber_Snow	2445	1		ResourceId::65015
16216	ps	miHoYo/Uber/Scene/Scene_Uber_Snow	2445	3		ResourceId::65015
16219	ps	miHoYo/Uber/Scene/Scene_Uber_Snow	2445	2		ResourceId::65015
16222	ps	miHoYo/Uber/Scene/Scene_Uber_Snow	2445	1		ResourceId::65015
16226	ps	miHoYo/Uber/Scene/Scene_Uber_Snow	5547	1		ResourceId::65015
16229	ps	miHoYo/Uber/Scene/Scene_Uber_Snow	5547	1		ResourceId::65015
16234	ps	miHoYo/Uber/Scene/Scene_Uber_Snow	6948	2		ResourceId::65015
16238	ps	miHoYo/Uber/Scene/Scene_Uber_Snow	6126	1		ResourceId::65015
16243	ps	miHoYo/Uber/Scene/Scene_Uber_Snow	1128	6		ResourceId::65015
16248	ps	miHoYo/Uber/Scene/Scene_Uber_Snow	864	37		ResourceId::65015
16253	ps	miHoYo/Uber/Scene/Scene_Uber_Snow	5280	3		ResourceId::65015
16259	ps	miHoYo/Uber/Scene/Scene_Uber_Snow	1977	3		ResourceId::65015
16262	ps	miHoYo/Uber/Scene/Scene_Uber_Snow	1977	4		ResourceId::65015
16265	ps	miHoYo/Uber/Scene/Scene_Uber_Snow	1977	2		ResourceId::65015
16268	ps	miHoYo/Uber/Scene/Scene_Uber_Snow	1977	3		ResourceId::65015
16271	ps	miHoYo/Uber/Scene/Scene_Uber_Snow	1977	4		ResourceId::65015
16274	ps	miHoYo/Uber/Scene/Scene_Uber_Snow	1977	2		ResourceId::65015
16278	ps	miHoYo/Uber/Scene/Scene_Uber_Snow	5754	1		ResourceId::65015
16283	ps	miHoYo/Uber/Scene/Scene_Uber_Snow	1746	8		ResourceId::65015
16288	ps	miHoYo/Uber/Scene/Scene_Uber_Snow	3003	2		ResourceId::65015
16293	ps	miHoYo/Uber/Scene/Scene_Uber_Snow	2904	1		ResourceId::65015
16324	ps	Hidden/ShadowMapDecompress	6	0		ResourceId::61629
16357	ps	miHoYo/Uber/Character/Character_Uber_Marionette_NewShining_Dress01_Flattened	123369	1		ResourceId::61629
16369	ps	miHoYo/Uber/Character/Character_Uber_Marionette_NewShining_Dress01_Flattened	19842	1		ResourceId::61629
16378	ps	miHoYo/Uber/Character/Character_Uber_Marionette_NewShining_Dress01_Flattened	86766	1		ResourceId::61629
16395	ps	miHoYo/Character/Character_Base_Uber	3882	0		ResourceId::61629
16403	ps	miHoYo/Character/Character_Base_Uber	144	0		ResourceId::61629
16426	ps	miHoYo/Character/Character_Crowds	9744	1		ResourceId::61629
16448	ps	miHoYo/Character/Character_Crowds	26073	1		ResourceId::61629
16457	ps	miHoYo/Character/Character_Crowds	12375	1		ResourceId::61629
16479	ps	miHoYo/Character/Character_Crowds	16743	1		ResourceId::61629
16500	ps	miHoYo/Uber/Character/Character_Uber_FacialUVExpression	10620	0		ResourceId::61629
16516	ps	miHoYo/Avatar/Character_Uber_Crystal	33903	1		ResourceId::61629
16529	ps	miHoYo/Uber/Character/Character_Uber_Marionette_NewShining_Dress01_Flattened	18813	1		ResourceId::61629
16536	ps	miHoYo/Uber/Character/Character_Uber_Marionette_NewShining_Dress01_Flattened	29298	1		ResourceId::61629
16563	ps	Hidden/ShadowMapDecompress	6	0		ResourceId::61629
16593	ps	miHoYo/Character/Character_Crowds	126	1		ResourceId::61629
16612	ps	miHoYo/Character/Character_Crowds	5112	1		ResourceId::61629
16634	ps	miHoYo/Character/Character_Crowds	18588	1		ResourceId::61629
16643	ps	miHoYo/Character/Character_Crowds	16770	1		ResourceId::61629
16652	ps	miHoYo/Character/Character_Crowds	6144	1		ResourceId::61629
16660	ps	miHoYo/Character/Character_Crowds	18588	1		ResourceId::61629
16669	ps	miHoYo/Character/Character_Crowds	16770	1		ResourceId::61629
16691	ps	miHoYo/Character/Character_Crowds	9744	2		ResourceId::61629
16700	ps	miHoYo/Character/Character_Crowds	7668	1		ResourceId::61629
16708	ps	miHoYo/Character/Character_Crowds	11523	1		ResourceId::61629
16736	ps	Hidden/ShadowMapDecompress	6	0		ResourceId::61629
16767	ps	Nature/Afs Simple Tree v4 Snow	2106	1		ResourceId::61629
16792	ps	Nature/Afs Simple Tree v4 Snow	3936	6		ResourceId::61629
16797	ps	Nature/Afs Simple Tree v4 Snow	1464	1		ResourceId::61629
16821	ps	Nature/Afs Simple Tree v4 Snow	1110	1		ResourceId::61629
16855	ps	Hidden/ShadowMapDecompress	6	0		ResourceId::61629
16885	ps	miHoYo/Character/Character_Crowds	126	1		ResourceId::61629
16907	ps	miHoYo/Character/Character_Crowds	16770	1		ResourceId::61629
16929	ps	miHoYo/Character/Character_Crowds	9744	1		ResourceId::61629
16957	ps	Hidden/ShadowMapDecompress	6	0		ResourceId::61629
16987	ps	miHoYo/Uber/Scene/Scene_Uber_Snow	720	1		ResourceId::61629
16991	ps	miHoYo/Uber/Scene/Scene_Uber_Snow	435	1		ResourceId::61629
16995	ps	miHoYo/Uber/Scene/Scene_Uber_Snow	780	2		ResourceId::61629
17025	ps	Hidden/ShadowMapDecompress	6	0		ResourceId::61629
17051	ps	miHoYo/Uber/Scene/Scene_Uber_Snow	780	1		ResourceId::61629
17067	ps	miHoYo/Uber/Scene/PatternTexture	2124	0		ResourceId::61629
17091	ps	Nature/Afs Simple Tree v4 Snow	1110	2		ResourceId::61629
17127	ps	Hidden/ShadowMapDecompress	6	0		ResourceId::61629
17161	ps	miHoYo/Character/Character_Base_Uber	2268	0		ResourceId::61629
17178	ps	miHoYo/Avatar/Character_SRP_Crystal	5442	1		ResourceId::61629
17193	ps	miHoYo/Avatar/Character_SRP_Crystal	1476	1		ResourceId::61629
17219	ps	miHoYo/Character/Character_Crowds	5112	1		ResourceId::61629
17224	ps	miHoYo/Character/Character_Crowds	5112	1		ResourceId::61629
17246	ps	miHoYo/Character/Character_Crowds	7785	1		ResourceId::61629
17254	ps	miHoYo/Character/Character_Crowds	8289	1		ResourceId::61629
17263	ps	miHoYo/Character/Character_Crowds	8277	1		ResourceId::61629
17284	ps	miHoYo/Character/Character_Crowds	4338	1		ResourceId::61629
17306	ps	miHoYo/Character/Character_Crowds	7668	1		ResourceId::61629
17314	ps	miHoYo/Character/Character_Crowds	5886	1		ResourceId::61629
17322	ps	miHoYo/Character/Character_Crowds	4773	1		ResourceId::61629
17346	ps	miHoYo/Uber/Scene/Scene_Uber_Snow	720	2		ResourceId::61629
17350	ps	miHoYo/Uber/Scene/Scene_Uber_Snow	780	1		ResourceId::61629
17382	ps	Hidden/ShadowMapDecompress	6	0		ResourceId::61629
17410	ps	miHoYo/Uber/Scene/Scene_Uber_Snow	720	1		ResourceId::61629
17414	ps	miHoYo/Uber/Scene/Scene_Uber_Snow	780	2		ResourceId::61629
17447	ps	Hidden/ShadowMapDecompress	6	0		ResourceId::61629
17476	ps	miHoYo/Character/Character_Base_Uber	2268	0		ResourceId::61629
17493	ps	miHoYo/Avatar/Character_SRP_Crystal	5442	1		ResourceId::61629
17508	ps	miHoYo/Avatar/Character_SRP_Crystal	1476	1		ResourceId::61629
17534	ps	miHoYo/Character/Character_Crowds	5112	1		ResourceId::61629
17539	ps	miHoYo/Character/Character_Crowds	5112	1		ResourceId::61629
17561	ps	miHoYo/Character/Character_Crowds	7785	1		ResourceId::61629
17570	ps	miHoYo/Character/Character_Crowds	8277	1		ResourceId::61629
17591	ps	miHoYo/Character/Character_Crowds	4338	1		ResourceId::61629
17613	ps	miHoYo/Character/Character_Crowds	5886	1		ResourceId::61629
17643	ps	Hidden/ShadowMapDecompress	6	0		ResourceId::61629
17672	ps	miHoYo/Character/Character_Base_Uber	2268	0		ResourceId::61629
17689	ps	miHoYo/Avatar/Character_SRP_Crystal	5442	1		ResourceId::61629
17704	ps	miHoYo/Avatar/Character_SRP_Crystal	1476	1		ResourceId::61629
17729	ps	miHoYo/Character/Character_Crowds	5112	1		ResourceId::61629
17751	ps	miHoYo/Character/Character_Crowds	2940	1		ResourceId::61629
17773	ps	miHoYo/Character/Character_Crowds	5838	1		ResourceId::61629
17782	ps	miHoYo/Character/Character_Crowds	8358	1		ResourceId::61629
17790	ps	miHoYo/Character/Character_Crowds	5886	1		ResourceId::61629
17820	ps	Hidden/ShadowMapDecompress	6	0		ResourceId::61629
17847	ps	miHoYo/Uber/Scene/Scene_Uber_Snow	360	2		ResourceId::61629
17851	ps	miHoYo/Uber/Scene/Scene_Uber_Snow	720	1		ResourceId::61629
17878	ps	Nature/Afs Simple Tree v4 Snow	2106	2		ResourceId::61629
17903	ps	Nature/Afs Simple Tree v4 Snow	3936	6		ResourceId::61629
17908	ps	Nature/Afs Simple Tree v4 Snow	1464	1		ResourceId::61629
17916	ps	Nature/Afs Simple Tree v4 Snow	780	1		ResourceId::61629
17940	ps	Nature/Afs Simple Tree v4 Snow	1110	1		ResourceId::61629
17974	ps	Hidden/ShadowMapDecompress	6	0		ResourceId::61629
18004	ps	miHoYo/Character/Character_Crowds	126	1		ResourceId::61629
18026	ps	miHoYo/Character/Character_Crowds	8277	1		ResourceId::61629
18034	ps	miHoYo/Character/Character_Crowds	16770	1		ResourceId::61629
18043	ps	miHoYo/Character/Character_Crowds	2940	1		ResourceId::61629
18065	ps	miHoYo/Character/Character_Crowds	9744	1		ResourceId::61629
18074	ps	miHoYo/Character/Character_Crowds	7668	1		ResourceId::61629
18099	ps	miHoYo/Uber/Scene/Scene_Uber_Snow	360	1		ResourceId::61629
18129	ps	Hidden/ShadowMapDecompress	6	0		ResourceId::61629
18161	ps	miHoYo/Character/Character_Crowds	2940	1		ResourceId::61629
18168	ps	miHoYo/Character/Character_Crowds	2940	1		ResourceId::61629
18190	ps	miHoYo/Character/Character_Crowds	3534	1		ResourceId::61629
18211	ps	miHoYo/Character/Character_Crowds	5322	1		ResourceId::61629
18234	ps	miHoYo/Uber/Scene/Scene_Uber_Snow	2568	1		ResourceId::61629
18259	ps	miHoYo/Uber/Scene/Scene_Uber_Snow	360	4		ResourceId::61629
18263	ps	miHoYo/Uber/Scene/Scene_Uber_Snow	720	1		ResourceId::61629
18267	ps	miHoYo/Uber/Scene/Scene_Uber_Snow	780	1		ResourceId::61629
18294	ps	Nature/Afs Simple Tree v4 Snow	2106	1		ResourceId::61629
18319	ps	Nature/Afs Simple Tree v4 Snow	1110	2		ResourceId::61629
18353	ps	Hidden/ShadowMapDecompress	6	0		ResourceId::61629
18385	ps	miHoYo/Character/Character_Crowds	10353	1		ResourceId::61629
18394	ps	miHoYo/Character/Character_Crowds	8277	1		ResourceId::61629
18416	ps	miHoYo/Character/Character_Crowds	5886	1		ResourceId::61629
18444	ps	Hidden/ShadowMapDecompress	6	0		ResourceId::61629
18474	ps	miHoYo/Uber/Scene/Scene_Uber_Snow	780	1		ResourceId::61629
18490	ps	miHoYo/Uber/Scene/PatternTexture	2124	0		ResourceId::61629
18514	ps	Nature/Afs Simple Tree v4 Snow	1110	3		ResourceId::61629
18553	ps	Hidden/ShadowMapDecompress	6	0		ResourceId::61629
18576	ps	miHoYo/Uber/Scene/PatternTexture	1956	1		ResourceId::61629
18607	ps	miHoYo/Character/Character_Crowds	5112	1		ResourceId::61629
18629	ps	miHoYo/Character/Character_Crowds	10353	1		ResourceId::61629
18637	ps	miHoYo/Character/Character_Crowds	2940	1		ResourceId::61629
18645	ps	miHoYo/Character/Character_Crowds	10353	1		ResourceId::61629
18653	ps	miHoYo/Character/Character_Crowds	2940	1		ResourceId::61629
18662	ps	miHoYo/Character/Character_Crowds	8277	1		ResourceId::61629
18669	ps	miHoYo/Character/Character_Crowds	7905	1		ResourceId::61629
18691	ps	miHoYo/Character/Character_Crowds	5838	1		ResourceId::61629
18698	ps	miHoYo/Character/Character_Crowds	5322	1		ResourceId::61629
18707	ps	miHoYo/Character/Character_Crowds	7668	1		ResourceId::61629
18715	ps	miHoYo/Character/Character_Crowds	5886	2		ResourceId::61629
18723	ps	miHoYo/Character/Character_Crowds	8358	1		ResourceId::61629
18731	ps	miHoYo/Character/Character_Crowds	5331	1		ResourceId::61629
18739	ps	miHoYo/Character/Character_Crowds	5886	1		ResourceId::61629
18747	ps	miHoYo/Character/Character_Crowds	4773	1		ResourceId::61629
18768	ps	miHoYo/Uber/Scene/Scene_Uber_Snow	2568	1		ResourceId::61629
18801	ps	Nature/Afs Simple Tree v4 Snow	1110	2		ResourceId::61629
18837	ps	Hidden/ShadowMapDecompress	6	0		ResourceId::61629
18867	ps	miHoYo/Character/Character_Crowds	7785	1		ResourceId::61629
18875	ps	miHoYo/Character/Character_Crowds	2940	2		ResourceId::61629
18897	ps	miHoYo/Character/Character_Crowds	3534	1		ResourceId::61629
18918	ps	miHoYo/Character/Character_Crowds	5322	1		ResourceId::61629
18927	ps	miHoYo/Character/Character_Crowds	5145	1		ResourceId::61629
18952	ps	miHoYo/Uber/Scene/Scene_Uber_Snow	360	4		ResourceId::61629
18956	ps	miHoYo/Uber/Scene/Scene_Uber_Snow	780	1		ResourceId::61629
18983	ps	Nature/Afs Simple Tree v4 Snow	1110	2		ResourceId::61629
19017	ps	Hidden/ShadowMapDecompress	6	0		ResourceId::61629
19048	ps	miHoYo/Character/Character_Crowds	684	1		ResourceId::61629
19053	ps	miHoYo/Character/Character_Crowds	1512	1		ResourceId::61629
19075	ps	miHoYo/Character/Character_Crowds	12027	1		ResourceId::61629
19103	ps	Hidden/ShadowMapDecompress	6	0		ResourceId::61629
19133	ps	miHoYo/Character/Character_Crowds	126	1		ResourceId::61629
19152	ps	miHoYo/Character/Character_Crowds	5112	1		ResourceId::61629
19174	ps	miHoYo/Character/Character_Crowds	13590	1		ResourceId::61629
19183	ps	miHoYo/Character/Character_Crowds	10059	1		ResourceId::61629
19192	ps	miHoYo/Character/Character_Crowds	7785	1		ResourceId::61629
19201	ps	miHoYo/Character/Character_Crowds	7905	1		ResourceId::61629
19209	ps	miHoYo/Character/Character_Crowds	19020	1		ResourceId::61629
19218	ps	miHoYo/Character/Character_Crowds	7785	1		ResourceId::61629
19226	ps	miHoYo/Character/Character_Crowds	6279	1		ResourceId::61629
19232	ps	miHoYo/Character/Character_Crowds	2940	2		ResourceId::61629
19254	ps	miHoYo/Character/Character_Crowds	3534	1		ResourceId::61629
19275	ps	miHoYo/Character/Character_Crowds	5322	1		ResourceId::61629
19284	ps	miHoYo/Character/Character_Crowds	5145	1		ResourceId::61629
19292	ps	miHoYo/Character/Character_Crowds	5886	1		ResourceId::61629
19300	ps	miHoYo/Character/Character_Crowds	7506	1		ResourceId::61629
19308	ps	miHoYo/Character/Character_Crowds	4773	2		ResourceId::61629
19316	ps	miHoYo/Character/Character_Crowds	5145	1		ResourceId::61629
19341	ps	miHoYo/Uber/Scene/Scene_Uber_Snow	780	1		ResourceId::61629
19368	ps	Nature/Afs Simple Tree v4 Snow	2106	10		ResourceId::61629
19393	ps	Nature/Afs Simple Tree v4 Snow	3936	13		ResourceId::61629
19398	ps	Nature/Afs Simple Tree v4 Snow	1464	18		ResourceId::61629
19406	ps	Nature/Afs Simple Tree v4 Snow	780	5		ResourceId::61629
19414	ps	Nature/Afs Simple Tree v4 Snow	702	3		ResourceId::61629
19438	ps	Nature/Afs Simple Tree v4 Snow	1110	4		ResourceId::61629
19472	ps	Hidden/ShadowMapDecompress	6	0		ResourceId::61629
19505	ps	miHoYo/Character/Character_Crowds	6825	1		ResourceId::61629
19536	ps	Nature/Afs Simple Tree v4 Snow	3936	4		ResourceId::61629
19560	ps	Nature/Afs Simple Tree v4 Snow	1110	1		ResourceId::61629
19594	ps	Hidden/ShadowMapDecompress	6	0		ResourceId::61629
19620	ps	miHoYo/Scene/Login Base	4083	1		ResourceId::61629
19651	ps	miHoYo/Character/Character_Crowds	7905	1		ResourceId::61629
19673	ps	miHoYo/Character/Character_Crowds	6825	1		ResourceId::61629
19681	ps	miHoYo/Character/Character_Crowds	7668	1		ResourceId::61629
19706	ps	miHoYo/Uber/Scene/Scene_Uber_Snow	360	2		ResourceId::61629
19710	ps	miHoYo/Uber/Scene/Scene_Uber_Snow	720	2		ResourceId::61629
19726	ps	miHoYo/Uber/Scene/PatternTexture	2124	0		ResourceId::61629
19750	ps	Nature/Afs Simple Tree v4 Snow	1110	3		ResourceId::61629
19786	ps	Hidden/ShadowMapDecompress	6	0		ResourceId::61629
19816	ps	miHoYo/Character/Character_Crowds	10353	1		ResourceId::61629
19838	ps	miHoYo/Character/Character_Crowds	6825	1		ResourceId::61629
19866	ps	Hidden/ShadowMapDecompress	6	0		ResourceId::61629
19889	ps	miHoYo/Uber/Scene/Scene_Uber_Snow	2568	2		ResourceId::61629
19915	ps	miHoYo/Uber/Scene/Scene_Uber_Snow	360	1		ResourceId::61629
19919	ps	miHoYo/Uber/Scene/Scene_Uber_Snow	720	1		ResourceId::61629
19923	ps	miHoYo/Uber/Scene/Scene_Uber_Snow	780	1		ResourceId::61629
19950	ps	Nature/Afs Simple Tree v4 Snow	1110	2		ResourceId::61629
19984	ps	Hidden/ShadowMapDecompress	6	0		ResourceId::61629
20012	ps	miHoYo/Character/Character_Crowds	10353	1		ResourceId::61629
20034	ps	miHoYo/Character/Character_Crowds	6825	1		ResourceId::61629
20062	ps	Hidden/ShadowMapDecompress	6	0		ResourceId::61629
20092	ps	miHoYo/Character/Character_Crowds	126	1		ResourceId::61629
20114	ps	miHoYo/Character/Character_Crowds	10353	1		ResourceId::61629
20136	ps	miHoYo/Character/Character_Crowds	6825	1		ResourceId::61629
20144	ps	miHoYo/Character/Character_Crowds	7506	1		ResourceId::61629
20172	ps	Hidden/ShadowMapDecompress	6	0		ResourceId::61629
20197	ps	miHoYo/Uber/Scene/Scene_Uber_Snow	2568	1		ResourceId::61629
20226	ps	Hidden/ShadowMapDecompress	6	0		ResourceId::61629
20260	ps	Nature/Afs Simple Tree v4 Snow	1110	1		ResourceId::61629
20294	ps	Hidden/ShadowMapDecompress	6	0		ResourceId::61629
20324	ps	Nature/Afs Simple Tree v4 Snow	1110	4		ResourceId::61629
20358	ps	Hidden/ShadowMapDecompress	6	0		ResourceId::61629
20390	ps	Nature/Afs Simple Tree v4 Snow	1110	3		ResourceId::61629
20429	ps	miHoYo/Hidden/UpdateClipmap2D	3	0	ResourceId::65048:TempBuffer 155 1720x720:1720x720:R8_TYPELESS;ResourceId::65052:TempBuffer 156 1720x720:1720x720:R16_TYPELESS	ResourceId::0
20451	cs	ComputeShader-20780	0	0	ResourceId::65048:TempBuffer 155 1720x720:1720x720:R8_TYPELESS;ResourceId::65052:TempBuffer 156 1720x720:1720x720:R16_TYPELESS	ResourceId::0
20483	ps	Hidden/Internal-ScreenSpaceShadows-PCF-Specify	3	0	ResourceId::65167:TempBuffer 160 860x360:860x360:R8_TYPELESS	ResourceId::0
20496	cs	ComputeShader-1396	0	0	ResourceId::23686:SwapChain-BackBuffer-Texture-3440x1440:3440x1440:R8G8B8A8_SRGB	ResourceId::23690
20510	cs	ComputeShader-1324	0	0	ResourceId::23686:SwapChain-BackBuffer-Texture-3440x1440:3440x1440:R8G8B8A8_SRGB	ResourceId::23690
20528	ps	Hidden/Internal-ScreenSpaceShadows-PCF-Specify	3	0	ResourceId::65173:TempBuffer 161 430x180:430x180:R8_TYPELESS	ResourceId::0
20541	cs	ComputeShader-1396	0	0	ResourceId::23686:SwapChain-BackBuffer-Texture-3440x1440:3440x1440:R8G8B8A8_SRGB	ResourceId::23690
20555	cs	ComputeShader-1324	0	0	ResourceId::23686:SwapChain-BackBuffer-Texture-3440x1440:3440x1440:R8G8B8A8_SRGB	ResourceId::23690
20575	ps	Hidden/Internal-ScreenSpaceShadows-PCF-Specify	3	0	ResourceId::65178:TempBuffer 162 860x360:860x360:R8_TYPELESS	ResourceId::0
20597	ps	Hidden/Internal-ScreenSpaceShadows-PCF-Specify	36	16	ResourceId::72840:TempBuffer 250 430x180:430x180:R16_TYPELESS	ResourceId::0
20621	cs	ComputeShader-6664	0	0	ResourceId::23686:SwapChain-BackBuffer-Texture-3440x1440:3440x1440:R8G8B8A8_SRGB	ResourceId::23690
20635	cs	ComputeShader-1396	0	0	ResourceId::23686:SwapChain-BackBuffer-Texture-3440x1440:3440x1440:R8G8B8A8_SRGB	ResourceId::23690
20649	cs	ComputeShader-1324	0	0	ResourceId::23686:SwapChain-BackBuffer-Texture-3440x1440:3440x1440:R8G8B8A8_SRGB	ResourceId::23690
20675	cs	ComputeShader-8860	0	0	ResourceId::23686:SwapChain-BackBuffer-Texture-3440x1440:3440x1440:R8G8B8A8_SRGB	ResourceId::23690
20691	cs	ComputeShader-4696	0	0	ResourceId::23686:SwapChain-BackBuffer-Texture-3440x1440:3440x1440:R8G8B8A8_SRGB	ResourceId::23690
20707	cs	ComputeShader-3512	0	0	ResourceId::23686:SwapChain-BackBuffer-Texture-3440x1440:3440x1440:R8G8B8A8_SRGB	ResourceId::23690
20736	ps	Hidden/Internal-ScreenSpaceShadows-PCF-Specify	3	0	ResourceId::64992:TempBuffer 153 3440x1440:3440x1440:R8G8_TYPELESS	ResourceId::61073
20755	ps	Hidden/Internal-ScreenSpaceShadows-PCF-Specify	36	16	ResourceId::72840:TempBuffer 250 430x180:430x180:R16_TYPELESS	ResourceId::0
20779	cs	ComputeShader-6256	0	0	ResourceId::23686:SwapChain-BackBuffer-Texture-3440x1440:3440x1440:R8G8B8A8_SRGB	ResourceId::23690
20793	cs	ComputeShader-1396	0	0	ResourceId::23686:SwapChain-BackBuffer-Texture-3440x1440:3440x1440:R8G8B8A8_SRGB	ResourceId::23690
20807	cs	ComputeShader-1324	0	0	ResourceId::23686:SwapChain-BackBuffer-Texture-3440x1440:3440x1440:R8G8B8A8_SRGB	ResourceId::23690
20832	cs	ComputeShader-3136	0	0	ResourceId::23686:SwapChain-BackBuffer-Texture-3440x1440:3440x1440:R8G8B8A8_SRGB	ResourceId::23690
20861	cs	ComputeShader-4656	0	0	ResourceId::72840:TempBuffer 250 430x180:430x180:R16_TYPELESS	ResourceId::0
20876	cs	ComputeShader-1508	0	0	ResourceId::72840:TempBuffer 250 430x180:430x180:R16_TYPELESS	ResourceId::0
20889	cs	ComputeShader-984	0	0	ResourceId::72840:TempBuffer 250 430x180:430x180:R16_TYPELESS	ResourceId::0
20908	cs	ComputeShader-7448	0	0	ResourceId::72840:TempBuffer 250 430x180:430x180:R16_TYPELESS	ResourceId::0
20927	cs	ComputeShader-14868	0	0	ResourceId::72840:TempBuffer 250 430x180:430x180:R16_TYPELESS	ResourceId::0
20938	cs	ComputeShader-620	0	0	ResourceId::72840:TempBuffer 250 430x180:430x180:R16_TYPELESS	ResourceId::0
20950	cs	ComputeShader-408	0	0	ResourceId::72840:TempBuffer 250 430x180:430x180:R16_TYPELESS	ResourceId::0
20961	cs	ComputeShader-2080	0	0	ResourceId::72840:TempBuffer 250 430x180:430x180:R16_TYPELESS	ResourceId::0
20974	cs	ComputeShader-7440	0	0	ResourceId::72840:TempBuffer 250 430x180:430x180:R16_TYPELESS	ResourceId::0
20985	cs	ComputeShader-604	0	0	ResourceId::72840:TempBuffer 250 430x180:430x180:R16_TYPELESS	ResourceId::0
21004	cs	ComputeShader-6080	0	0	ResourceId::72840:TempBuffer 250 430x180:430x180:R16_TYPELESS	ResourceId::0
21031	cs	ComputeShader-21420	0	0	ResourceId::72840:TempBuffer 250 430x180:430x180:R16_TYPELESS	ResourceId::0
21049	cs	ComputeShader-4556	0	0	ResourceId::72840:TempBuffer 250 430x180:430x180:R16_TYPELESS	ResourceId::0
21060	cs	ComputeShader-968	0	0	ResourceId::72840:TempBuffer 250 430x180:430x180:R16_TYPELESS	ResourceId::0
21072	cs	ComputeShader-440	0	0	ResourceId::72840:TempBuffer 250 430x180:430x180:R16_TYPELESS	ResourceId::0
21120	cs	ComputeShader-32228	0	0	ResourceId::72840:TempBuffer 250 430x180:430x180:R16_TYPELESS	ResourceId::0
21135	cs	ComputeShader-11900	0	0	ResourceId::72840:TempBuffer 250 430x180:430x180:R16_TYPELESS	ResourceId::0
21166	cs	ComputeShader-1416	0	0	ResourceId::65192:TempBuffer 164 3440x1440:3440x1440:R11G11B10_FLOAT;ResourceId::65196:TempBuffer 165 3440x1440:3440x1440:R11G11B10_FLOAT	ResourceId::0
21182	cs	ComputeShader-6600	0	0	ResourceId::65192:TempBuffer 164 3440x1440:3440x1440:R11G11B10_FLOAT;ResourceId::65196:TempBuffer 165 3440x1440:3440x1440:R11G11B10_FLOAT	ResourceId::0
21217	ps	Hidden/DeferredReflections	3	0	ResourceId::65192:TempBuffer 164 3440x1440:3440x1440:R11G11B10_FLOAT	ResourceId::61073
21230	ps	Hidden/DeferredReflections	3	0	ResourceId::65192:TempBuffer 164 3440x1440:3440x1440:R11G11B10_FLOAT	ResourceId::61073
21248	cs	ComputeShader-1516	0	0	ResourceId::65192:TempBuffer 164 3440x1440:3440x1440:R11G11B10_FLOAT	ResourceId::61073
21265	cs	ComputeShader-6588	0	0	ResourceId::65192:TempBuffer 164 3440x1440:3440x1440:R11G11B10_FLOAT	ResourceId::61073
21291	cs	ComputeShader-92044	0	0	ResourceId::65192:TempBuffer 164 3440x1440:3440x1440:R11G11B10_FLOAT	ResourceId::61073
21312	cs	ComputeShader-15020	0	0	ResourceId::65192:TempBuffer 164 3440x1440:3440x1440:R11G11B10_FLOAT	ResourceId::61073
21340	ps	miHoYo/Misc/CharacterAmbientSensors	6	0	ResourceId::65250:Character Ambient Sensor Immediate:70x5:R16G16B16A16_TYPELESS	ResourceId::0
21355	ps	miHoYo/Misc/CharacterAmbientSensors	6	0	ResourceId::65250:Character Ambient Sensor Immediate:70x5:R16G16B16A16_TYPELESS	ResourceId::0
21374	ps	miHoYo/Misc/CharacterAmbientSensors	6	0	ResourceId::65258:Character Ambient Sensor Result 1:70x1:R16G16B16A16_TYPELESS	ResourceId::0
21389	ps	miHoYo/Misc/CharacterAmbientSensors	6	0	ResourceId::65258:Character Ambient Sensor Result 1:70x1:R16G16B16A16_TYPELESS	ResourceId::0
21453	ps	Hidden/Internal-DeferredShading	3	0	ResourceId::61069:InnerTarget of MainCamera(Clone):3440x1440:R11G11B10_FLOAT	ResourceId::61073
21493	ps	Hidden/Internal-DeferredShading	3	0	ResourceId::61069:InnerTarget of MainCamera(Clone):3440x1440:R11G11B10_FLOAT	ResourceId::61073
21536	ps	Hidden/Internal-DeferredShading	3	0	ResourceId::61069:InnerTarget of MainCamera(Clone):3440x1440:R11G11B10_FLOAT	ResourceId::61073
21582	ps	Hidden/Internal-DeferredShading	3	0	ResourceId::61069:InnerTarget of MainCamera(Clone):3440x1440:R11G11B10_FLOAT;ResourceId::65271:TempBuffer 169 3440x1440:3440x1440:R32_TYPELESS	ResourceId::61073
21621	ps	Hidden/Internal-DeferredShading	3	0	ResourceId::61069:InnerTarget of MainCamera(Clone):3440x1440:R11G11B10_FLOAT;ResourceId::65271:TempBuffer 169 3440x1440:3440x1440:R32_TYPELESS	ResourceId::61073
21638	cs	ComputeShader-5172	0	0	ResourceId::23686:SwapChain-BackBuffer-Texture-3440x1440:3440x1440:R8G8B8A8_SRGB	ResourceId::23690
21651	cs	ComputeShader-984	0	0	ResourceId::23686:SwapChain-BackBuffer-Texture-3440x1440:3440x1440:R8G8B8A8_SRGB	ResourceId::23690
21664	cs	ComputeShader-984	0	0	ResourceId::23686:SwapChain-BackBuffer-Texture-3440x1440:3440x1440:R8G8B8A8_SRGB	ResourceId::23690
21677	cs	ComputeShader-984	0	0	ResourceId::23686:SwapChain-BackBuffer-Texture-3440x1440:3440x1440:R8G8B8A8_SRGB	ResourceId::23690
21700	ps	Hidden/MiHoYoSSSDiffusion	3	0	ResourceId::61069:InnerTarget of MainCamera(Clone):3440x1440:R11G11B10_FLOAT	ResourceId::61073
21739	ps	miHoYo/Scene/Glass Interior	9	0	ResourceId::61069:InnerTarget of MainCamera(Clone):3440x1440:R11G11B10_FLOAT	ResourceId::61073
21748	ps	miHoYo/Scene/Glass Interior	291	0	ResourceId::61069:InnerTarget of MainCamera(Clone):3440x1440:R11G11B10_FLOAT	ResourceId::61073
21772	ps	miHoYo/Scene/Glass Interior	36	6	ResourceId::61069:InnerTarget of MainCamera(Clone):3440x1440:R11G11B10_FLOAT	ResourceId::61073
21785	ps	miHoYo/Scene/Glass Interior	1032	2	ResourceId::61069:InnerTarget of MainCamera(Clone):3440x1440:R11G11B10_FLOAT	ResourceId::61073
21790	ps	miHoYo/Scene/Glass Interior	624	0	ResourceId::61069:InnerTarget of MainCamera(Clone):3440x1440:R11G11B10_FLOAT	ResourceId::61073
21795	ps	miHoYo/Scene/Glass Interior	162	0	ResourceId::61069:InnerTarget of MainCamera(Clone):3440x1440:R11G11B10_FLOAT	ResourceId::61073
21800	ps	miHoYo/Scene/Glass Interior	1776	0	ResourceId::61069:InnerTarget of MainCamera(Clone):3440x1440:R11G11B10_FLOAT	ResourceId::61073
21805	ps	miHoYo/Scene/Glass Interior	222	0	ResourceId::61069:InnerTarget of MainCamera(Clone):3440x1440:R11G11B10_FLOAT	ResourceId::61073
21810	ps	miHoYo/Scene/Glass Interior	393	2	ResourceId::61069:InnerTarget of MainCamera(Clone):3440x1440:R11G11B10_FLOAT	ResourceId::61073
21815	ps	miHoYo/Scene/Glass Interior	108	2	ResourceId::61069:InnerTarget of MainCamera(Clone):3440x1440:R11G11B10_FLOAT	ResourceId::61073
21820	ps	miHoYo/Scene/Glass Interior	378	0	ResourceId::61069:InnerTarget of MainCamera(Clone):3440x1440:R11G11B10_FLOAT	ResourceId::61073
21825	ps	miHoYo/Scene/Glass Interior	354	0	ResourceId::61069:InnerTarget of MainCamera(Clone):3440x1440:R11G11B10_FLOAT	ResourceId::61073
21839	ps	miHoYo/Scene/Glass Interior	156	0	ResourceId::61069:InnerTarget of MainCamera(Clone):3440x1440:R11G11B10_FLOAT	ResourceId::61073
21844	ps	miHoYo/Scene/Glass Interior	204	6	ResourceId::61069:InnerTarget of MainCamera(Clone):3440x1440:R11G11B10_FLOAT	ResourceId::61073
21850	ps	miHoYo/Scene/Glass Interior	18	0	ResourceId::61069:InnerTarget of MainCamera(Clone):3440x1440:R11G11B10_FLOAT	ResourceId::61073
21856	ps	miHoYo/Scene/Glass Interior	162	5	ResourceId::61069:InnerTarget of MainCamera(Clone):3440x1440:R11G11B10_FLOAT	ResourceId::61073
21861	ps	miHoYo/Scene/Glass Interior	1776	2	ResourceId::61069:InnerTarget of MainCamera(Clone):3440x1440:R11G11B10_FLOAT	ResourceId::61073
21866	ps	miHoYo/Scene/Glass Interior	2274	2	ResourceId::61069:InnerTarget of MainCamera(Clone):3440x1440:R11G11B10_FLOAT	ResourceId::61073
21871	ps	miHoYo/Scene/Glass Interior	471	4	ResourceId::61069:InnerTarget of MainCamera(Clone):3440x1440:R11G11B10_FLOAT	ResourceId::61073
21876	ps	miHoYo/Scene/Glass Interior	222	7	ResourceId::61069:InnerTarget of MainCamera(Clone):3440x1440:R11G11B10_FLOAT	ResourceId::61073
21881	ps	miHoYo/Scene/Glass Interior	2328	0	ResourceId::61069:InnerTarget of MainCamera(Clone):3440x1440:R11G11B10_FLOAT	ResourceId::61073
21886	ps	miHoYo/Scene/Glass Interior	1122	0	ResourceId::61069:InnerTarget of MainCamera(Clone):3440x1440:R11G11B10_FLOAT	ResourceId::61073
21891	ps	miHoYo/Scene/Glass Interior	12	0	ResourceId::61069:InnerTarget of MainCamera(Clone):3440x1440:R11G11B10_FLOAT	ResourceId::61073
21896	ps	miHoYo/Scene/Glass Interior	108	4	ResourceId::61069:InnerTarget of MainCamera(Clone):3440x1440:R11G11B10_FLOAT	ResourceId::61073
21901	ps	miHoYo/Scene/Glass Interior	207	3	ResourceId::61069:InnerTarget of MainCamera(Clone):3440x1440:R11G11B10_FLOAT	ResourceId::61073
21915	ps	miHoYo/Scene/Glass Interior	516	2	ResourceId::61069:InnerTarget of MainCamera(Clone):3440x1440:R11G11B10_FLOAT	ResourceId::61073
21926	ps	miHoYo/Scene/Glass Interior	108	9	ResourceId::61069:InnerTarget of MainCamera(Clone):3440x1440:R11G11B10_FLOAT	ResourceId::61073
21948	ps	miHoYo/Scene/Glass Interior	228	0	ResourceId::61069:InnerTarget of MainCamera(Clone):3440x1440:R11G11B10_FLOAT	ResourceId::61073
21964	ps	miHoYo/Scene/Glass Interior	18	0	ResourceId::61069:InnerTarget of MainCamera(Clone):3440x1440:R11G11B10_FLOAT	ResourceId::61073
21986	ps	miHoYo/Scene/Glass Interior	354	0	ResourceId::61069:InnerTarget of MainCamera(Clone):3440x1440:R11G11B10_FLOAT	ResourceId::61073
21991	ps	miHoYo/Scene/Glass Interior	456	0	ResourceId::61069:InnerTarget of MainCamera(Clone):3440x1440:R11G11B10_FLOAT	ResourceId::61073
22014	ps	miHoYo/Scene/Glass Interior	24	2	ResourceId::61069:InnerTarget of MainCamera(Clone):3440x1440:R11G11B10_FLOAT	ResourceId::61073
22032	ps	miHoYo/Scene/Glass Interior	453	5	ResourceId::61069:InnerTarget of MainCamera(Clone):3440x1440:R11G11B10_FLOAT	ResourceId::61073
22064	ps	miHoYo/Scene/Glass Interior	336	2	ResourceId::61069:InnerTarget of MainCamera(Clone):3440x1440:R11G11B10_FLOAT	ResourceId::61073
22087	ps	Dynamic Sky/Atmosphere Layer	9480	0	ResourceId::61069:InnerTarget of MainCamera(Clone):3440x1440:R11G11B10_FLOAT	ResourceId::61073
22114	ps	Dynamic Sky/Galaxy_Multiply	864	0	ResourceId::61069:InnerTarget of MainCamera(Clone):3440x1440:R11G11B10_FLOAT	ResourceId::61073
22141	ps	miHoYo/EffectUberMerge/Effect_Uber_Zd_General_SunnySky_Tint_01_Flatten	2640	0	ResourceId::61069:InnerTarget of MainCamera(Clone):3440x1440:R11G11B10_FLOAT	ResourceId::61073
22159	ps	miHoYo/Uber/EffectStages/Effect_Uber_Zd_General_SunnySky_Tint_01	534	0	ResourceId::61069:InnerTarget of MainCamera(Clone):3440x1440:R11G11B10_FLOAT	ResourceId::61073
22182	cs	ComputeShader-3536	0	0	ResourceId::61069:InnerTarget of MainCamera(Clone):3440x1440:R11G11B10_FLOAT	ResourceId::61073
22194	cs	ComputeShader-740	0	0	ResourceId::61069:InnerTarget of MainCamera(Clone):3440x1440:R11G11B10_FLOAT	ResourceId::61073
22205	cs	ComputeShader-172	0	0	ResourceId::61069:InnerTarget of MainCamera(Clone):3440x1440:R11G11B10_FLOAT	ResourceId::61073
22223	cs	ComputeShader-1712	0	0	ResourceId::61069:InnerTarget of MainCamera(Clone):3440x1440:R11G11B10_FLOAT	ResourceId::61073
22235	cs	ComputeShader-972	0	0	ResourceId::61069:InnerTarget of MainCamera(Clone):3440x1440:R11G11B10_FLOAT	ResourceId::61073
22288	cs	ComputeShader-18704	0	0	ResourceId::61069:InnerTarget of MainCamera(Clone):3440x1440:R11G11B10_FLOAT	ResourceId::61073
22300	cs	ComputeShader-448	0	0	ResourceId::61069:InnerTarget of MainCamera(Clone):3440x1440:R11G11B10_FLOAT	ResourceId::61073
22318	cs	ComputeShader-1764	0	0	ResourceId::61069:InnerTarget of MainCamera(Clone):3440x1440:R11G11B10_FLOAT	ResourceId::61073
22336	cs	ComputeShader-716	0	0	ResourceId::61069:InnerTarget of MainCamera(Clone):3440x1440:R11G11B10_FLOAT	ResourceId::61073
22352	cs	ComputeShader-1936	0	0	ResourceId::61069:InnerTarget of MainCamera(Clone):3440x1440:R11G11B10_FLOAT	ResourceId::61073
22365	cs	ComputeShader-2064	0	0	ResourceId::61069:InnerTarget of MainCamera(Clone):3440x1440:R11G11B10_FLOAT	ResourceId::61073
22383	cs	ComputeShader-1008	0	0	ResourceId::61069:InnerTarget of MainCamera(Clone):3440x1440:R11G11B10_FLOAT	ResourceId::61073
22393	cs	ComputeShader-168	0	0	ResourceId::61069:InnerTarget of MainCamera(Clone):3440x1440:R11G11B10_FLOAT	ResourceId::61073
22416	cs	ComputeShader-4864	0	0	ResourceId::61069:InnerTarget of MainCamera(Clone):3440x1440:R11G11B10_FLOAT	ResourceId::61073
22427	cs	ComputeShader-400	0	0	ResourceId::61069:InnerTarget of MainCamera(Clone):3440x1440:R11G11B10_FLOAT	ResourceId::61073
22455	cs	ComputeShader-3272	0	0	ResourceId::61069:InnerTarget of MainCamera(Clone):3440x1440:R11G11B10_FLOAT	ResourceId::61073
22468	cs	ComputeShader-960	0	0	ResourceId::61069:InnerTarget of MainCamera(Clone):3440x1440:R11G11B10_FLOAT	ResourceId::61073
22491	cs	ComputeShader-6216	0	0	ResourceId::61069:InnerTarget of MainCamera(Clone):3440x1440:R11G11B10_FLOAT	ResourceId::61073
22502	cs	ComputeShader-400	0	0	ResourceId::61069:InnerTarget of MainCamera(Clone):3440x1440:R11G11B10_FLOAT	ResourceId::61073
22528	cs	ComputeShader-3376	0	0	ResourceId::61069:InnerTarget of MainCamera(Clone):3440x1440:R11G11B10_FLOAT	ResourceId::61073
22561	ps	Hidden/Internal-HeightFog	3	0	ResourceId::61069:InnerTarget of MainCamera(Clone):3440x1440:R11G11B10_FLOAT	ResourceId::61073
22578	ps	Hidden/BlitCopyDepth	3	0	ResourceId::67485:TempBuffer 193 3440x1440:3440x1440:R16_TYPELESS	ResourceId::67489
22610	ps	miHoYo/Effects/GaussianSplattingMeshOccluder	4860	0	ResourceId::61069:InnerTarget of MainCamera(Clone):3440x1440:R11G11B10_FLOAT;ResourceId::64549:TempBuffer 142 3440x1440:3440x1440:R8_TYPELESS	ResourceId::61073
22636	ps	miHoYo/Uber/EffectStages/Effect_Uber_Zd70_POI_Zhongxin_04	3240	0	ResourceId::61069:InnerTarget of MainCamera(Clone):3440x1440:R11G11B10_FLOAT;ResourceId::64549:TempBuffer 142 3440x1440:3440x1440:R8_TYPELESS	ResourceId::61073
22669	ps	miHoYo/Effects/GaussianSplattingMeshCardsHQVAT	15360	0	ResourceId::61069:InnerTarget of MainCamera(Clone):3440x1440:R11G11B10_FLOAT;ResourceId::64549:TempBuffer 142 3440x1440:3440x1440:R8_TYPELESS	ResourceId::61073
22720	ps	miHoYo/EffectUberMerge/Effect_Uber_Zd_HugeNerveFar_01_Flatten	1881	0	ResourceId::61069:InnerTarget of MainCamera(Clone):3440x1440:R11G11B10_FLOAT;ResourceId::64549:TempBuffer 142 3440x1440:3440x1440:R8_TYPELESS	ResourceId::61073
22740	ps	miHoYo/EffectUberMerge/Effect_Uber_Zd_HugeNerveFar_01_Flatten	2625	0	ResourceId::61069:InnerTarget of MainCamera(Clone):3440x1440:R11G11B10_FLOAT;ResourceId::64549:TempBuffer 142 3440x1440:3440x1440:R8_TYPELESS	ResourceId::61073
22759	ps	miHoYo/Effects/GPUParticle/Render/StandardTemplate	6144	0	ResourceId::61069:InnerTarget of MainCamera(Clone):3440x1440:R11G11B10_FLOAT;ResourceId::64549:TempBuffer 142 3440x1440:3440x1440:R8_TYPELESS	ResourceId::61073
22771	ps	miHoYo/Effects/GPUParticle/Render/StandardTemplate	6144	2	ResourceId::61069:InnerTarget of MainCamera(Clone):3440x1440:R11G11B10_FLOAT;ResourceId::64549:TempBuffer 142 3440x1440:3440x1440:R8_TYPELESS	ResourceId::61073
22803	ps	miHoYo/EffectUberMerge/Effect_Uber_Zd_HugeNerveFar_01_Flatten	4029	0	ResourceId::61069:InnerTarget of MainCamera(Clone):3440x1440:R11G11B10_FLOAT;ResourceId::64549:TempBuffer 142 3440x1440:3440x1440:R8_TYPELESS	ResourceId::61073
22844	ps	miHoYo/EffectUberMerge/Eff_Stages_Domain_Zd_ZDB_BigSmoke_MPB_01_Flatten	120	0	ResourceId::61069:InnerTarget of MainCamera(Clone):3440x1440:R11G11B10_FLOAT;ResourceId::64549:TempBuffer 142 3440x1440:3440x1440:R8_TYPELESS	ResourceId::61073
22864	ps	miHoYo/EffectUberMerge/Eff_Stages_Domain_Zd_ZDB_BigSmoke_MPB_01_Flatten	120	0	ResourceId::61069:InnerTarget of MainCamera(Clone):3440x1440:R11G11B10_FLOAT;ResourceId::64549:TempBuffer 142 3440x1440:3440x1440:R8_TYPELESS	ResourceId::61073
22884	ps	miHoYo/EffectUberMerge/Eff_Stages_Domain_Zd_ZDB_BigSmoke_MPB_01_Flatten	120	0	ResourceId::61069:InnerTarget of MainCamera(Clone):3440x1440:R11G11B10_FLOAT;ResourceId::64549:TempBuffer 142 3440x1440:3440x1440:R8_TYPELESS	ResourceId::61073
22904	ps	miHoYo/EffectUberMerge/Eff_Stages_Domain_Zd_ZDB_BigSmoke_MPB_01_Flatten	120	0	ResourceId::61069:InnerTarget of MainCamera(Clone):3440x1440:R11G11B10_FLOAT;ResourceId::64549:TempBuffer 142 3440x1440:3440x1440:R8_TYPELESS	ResourceId::61073
22924	ps	miHoYo/EffectUberMerge/Eff_Stages_Domain_Zd_ZDB_BigSmoke_MPB_01_Flatten	120	0	ResourceId::61069:InnerTarget of MainCamera(Clone):3440x1440:R11G11B10_FLOAT;ResourceId::64549:TempBuffer 142 3440x1440:3440x1440:R8_TYPELESS	ResourceId::61073
22943	ps	miHoYo/Effects/GaussianSplattingMeshCardsHQVAT	15360	0	ResourceId::61069:InnerTarget of MainCamera(Clone):3440x1440:R11G11B10_FLOAT;ResourceId::64549:TempBuffer 142 3440x1440:3440x1440:R8_TYPELESS	ResourceId::61073
22983	ps	miHoYo/Effects/Effect_Uber	4710	0	ResourceId::61069:InnerTarget of MainCamera(Clone):3440x1440:R11G11B10_FLOAT;ResourceId::64549:TempBuffer 142 3440x1440:3440x1440:R8_TYPELESS	ResourceId::61073
23028	ps	miHoYo/Uber/EffectStages/Effect_Uber_Zd_SnowWind_01	288	5	ResourceId::61069:InnerTarget of MainCamera(Clone):3440x1440:R11G11B10_FLOAT;ResourceId::64549:TempBuffer 142 3440x1440:3440x1440:R8_TYPELESS	ResourceId::61073
23083	ps	miHoYo/Effects/Effect_CloudPlane_Soft_MPB	384	0	ResourceId::61069:InnerTarget of MainCamera(Clone):3440x1440:R11G11B10_FLOAT;ResourceId::64549:TempBuffer 142 3440x1440:3440x1440:R8_TYPELESS	ResourceId::61073
23134	ps	miHoYo/Enviro/LightQuad	108	2	ResourceId::61069:InnerTarget of MainCamera(Clone):3440x1440:R11G11B10_FLOAT;ResourceId::64549:TempBuffer 142 3440x1440:3440x1440:R8_TYPELESS	ResourceId::61073
23182	ps	miHoYo/Effects/Effect_CloudPlane_Soft_MPB	192	0	ResourceId::61069:InnerTarget of MainCamera(Clone):3440x1440:R11G11B10_FLOAT;ResourceId::64549:TempBuffer 142 3440x1440:3440x1440:R8_TYPELESS	ResourceId::61073
23227	ps	miHoYo/Enviro/LightQuad	108	0	ResourceId::61069:InnerTarget of MainCamera(Clone):3440x1440:R11G11B10_FLOAT;ResourceId::64549:TempBuffer 142 3440x1440:3440x1440:R8_TYPELESS	ResourceId::61073
23248	ps	miHoYo/Enviro/LightQuad	108	0	ResourceId::61069:InnerTarget of MainCamera(Clone):3440x1440:R11G11B10_FLOAT;ResourceId::64549:TempBuffer 142 3440x1440:3440x1440:R8_TYPELESS	ResourceId::61073
23270	ps	miHoYo/Enviro/LightQuad	108	0	ResourceId::61069:InnerTarget of MainCamera(Clone):3440x1440:R11G11B10_FLOAT;ResourceId::64549:TempBuffer 142 3440x1440:3440x1440:R8_TYPELESS	ResourceId::61073
23296	ps	miHoYo/Enviro/LightQuad	108	2	ResourceId::61069:InnerTarget of MainCamera(Clone):3440x1440:R11G11B10_FLOAT;ResourceId::64549:TempBuffer 142 3440x1440:3440x1440:R8_TYPELESS	ResourceId::61073
23318	ps	miHoYo/Enviro/LightQuad	108	0	ResourceId::61069:InnerTarget of MainCamera(Clone):3440x1440:R11G11B10_FLOAT;ResourceId::64549:TempBuffer 142 3440x1440:3440x1440:R8_TYPELESS	ResourceId::61073
23342	ps	miHoYo/Enviro/LightQuad	108	0	ResourceId::61069:InnerTarget of MainCamera(Clone):3440x1440:R11G11B10_FLOAT;ResourceId::64549:TempBuffer 142 3440x1440:3440x1440:R8_TYPELESS	ResourceId::61073
23368	ps	miHoYo/Enviro/LightQuad	108	2	ResourceId::61069:InnerTarget of MainCamera(Clone):3440x1440:R11G11B10_FLOAT;ResourceId::64549:TempBuffer 142 3440x1440:3440x1440:R8_TYPELESS	ResourceId::61073
23390	ps	miHoYo/Enviro/LightQuad	108	0	ResourceId::61069:InnerTarget of MainCamera(Clone):3440x1440:R11G11B10_FLOAT;ResourceId::64549:TempBuffer 142 3440x1440:3440x1440:R8_TYPELESS	ResourceId::61073
23410	ps	miHoYo/Enviro/LightQuad	108	0	ResourceId::61069:InnerTarget of MainCamera(Clone):3440x1440:R11G11B10_FLOAT;ResourceId::64549:TempBuffer 142 3440x1440:3440x1440:R8_TYPELESS	ResourceId::61073
23440	ps	miHoYo/EffectUberMerge/Eff_Stages_Domain_Zd_Steam_MPB_01_Flatten	126	0	ResourceId::61069:InnerTarget of MainCamera(Clone):3440x1440:R11G11B10_FLOAT;ResourceId::64549:TempBuffer 142 3440x1440:3440x1440:R8_TYPELESS	ResourceId::61073
23479	ps	miHoYo/Enviro/LightQuad	108	0	ResourceId::61069:InnerTarget of MainCamera(Clone):3440x1440:R11G11B10_FLOAT;ResourceId::64549:TempBuffer 142 3440x1440:3440x1440:R8_TYPELESS	ResourceId::61073
23505	ps	miHoYo/EffectUberMerge/Eff_Stages_Domain_Zd_Steam_MPB_01_Flatten	126	0	ResourceId::61069:InnerTarget of MainCamera(Clone):3440x1440:R11G11B10_FLOAT;ResourceId::64549:TempBuffer 142 3440x1440:3440x1440:R8_TYPELESS	ResourceId::61073
23543	ps	miHoYo/Enviro/LightQuad	108	0	ResourceId::61069:InnerTarget of MainCamera(Clone):3440x1440:R11G11B10_FLOAT;ResourceId::64549:TempBuffer 142 3440x1440:3440x1440:R8_TYPELESS	ResourceId::61073
23570	ps	miHoYo/EffectUberMerge/Eff_Stages_Domain_Zd_Steam_MPB_01_Flatten	162	0	ResourceId::61069:InnerTarget of MainCamera(Clone):3440x1440:R11G11B10_FLOAT;ResourceId::64549:TempBuffer 142 3440x1440:3440x1440:R8_TYPELESS	ResourceId::61073
23571	ps	miHoYo/EffectUberMerge/Eff_Stages_Domain_Zd_Steam_MPB_01_Flatten	180	0	ResourceId::61069:InnerTarget of MainCamera(Clone):3440x1440:R11G11B10_FLOAT;ResourceId::64549:TempBuffer 142 3440x1440:3440x1440:R8_TYPELESS	ResourceId::61073
23612	ps	miHoYo/Enviro/LightQuad	108	2	ResourceId::61069:InnerTarget of MainCamera(Clone):3440x1440:R11G11B10_FLOAT;ResourceId::64549:TempBuffer 142 3440x1440:3440x1440:R8_TYPELESS	ResourceId::61073
23631	ps	miHoYo/Particles/UVmove_New	96	0	ResourceId::61069:InnerTarget of MainCamera(Clone):3440x1440:R11G11B10_FLOAT;ResourceId::64549:TempBuffer 142 3440x1440:3440x1440:R8_TYPELESS	ResourceId::61073
23637	ps	miHoYo/Particles/UVmove_New	96	0	ResourceId::61069:InnerTarget of MainCamera(Clone):3440x1440:R11G11B10_FLOAT;ResourceId::64549:TempBuffer 142 3440x1440:3440x1440:R8_TYPELESS	ResourceId::61073
23654	ps	miHoYo/Particles/UVmove_New	96	0	ResourceId::61069:InnerTarget of MainCamera(Clone):3440x1440:R11G11B10_FLOAT;ResourceId::64549:TempBuffer 142 3440x1440:3440x1440:R8_TYPELESS	ResourceId::61073
23665	ps	miHoYo/Particles/UVmove_New	360	0	ResourceId::61069:InnerTarget of MainCamera(Clone):3440x1440:R11G11B10_FLOAT;ResourceId::64549:TempBuffer 142 3440x1440:3440x1440:R8_TYPELESS	ResourceId::61073
23689	ps	miHoYo/EffectUberMerge/Eff_Stages_Domain_Zd_Steam_MPB_01_Flatten	162	0	ResourceId::61069:InnerTarget of MainCamera(Clone):3440x1440:R11G11B10_FLOAT;ResourceId::64549:TempBuffer 142 3440x1440:3440x1440:R8_TYPELESS	ResourceId::61073
23727	ps	miHoYo/Uber/EffectStages/Eff_Uber_Weather_Zd_JMXS_Blizzard_01	4986	0	ResourceId::61069:InnerTarget of MainCamera(Clone):3440x1440:R11G11B10_FLOAT;ResourceId::64549:TempBuffer 142 3440x1440:3440x1440:R8_TYPELESS	ResourceId::61073
23752	ps	miHoYo/EffectUberMerge/Eff_Stages_Domain_Zd_Steam_MPB_01_Flatten	162	0	ResourceId::61069:InnerTarget of MainCamera(Clone):3440x1440:R11G11B10_FLOAT;ResourceId::64549:TempBuffer 142 3440x1440:3440x1440:R8_TYPELESS	ResourceId::61073
23753	ps	miHoYo/EffectUberMerge/Eff_Stages_Domain_Zd_Steam_MPB_01_Flatten	144	0	ResourceId::61069:InnerTarget of MainCamera(Clone):3440x1440:R11G11B10_FLOAT;ResourceId::64549:TempBuffer 142 3440x1440:3440x1440:R8_TYPELESS	ResourceId::61073
23783	ps	miHoYo/Uber/EffectStages/Eff_Uber_Weather_Zd_JMXS_Blizzard_01	1206	0	ResourceId::61069:InnerTarget of MainCamera(Clone):3440x1440:R11G11B10_FLOAT;ResourceId::64549:TempBuffer 142 3440x1440:3440x1440:R8_TYPELESS	ResourceId::61073
23808	ps	miHoYo/EffectUberMerge/Eff_Stages_Domain_Zd_Steam_MPB_01_Flatten	144	0	ResourceId::61069:InnerTarget of MainCamera(Clone):3440x1440:R11G11B10_FLOAT;ResourceId::64549:TempBuffer 142 3440x1440:3440x1440:R8_TYPELESS	ResourceId::61073
23809	ps	miHoYo/EffectUberMerge/Eff_Stages_Domain_Zd_Steam_MPB_01_Flatten	180	0	ResourceId::61069:InnerTarget of MainCamera(Clone):3440x1440:R11G11B10_FLOAT;ResourceId::64549:TempBuffer 142 3440x1440:3440x1440:R8_TYPELESS	ResourceId::61073
23831	ps	miHoYo/Particles/Ice_New	1236	0	ResourceId::61069:InnerTarget of MainCamera(Clone):3440x1440:R11G11B10_FLOAT;ResourceId::64549:TempBuffer 142 3440x1440:3440x1440:R8_TYPELESS	ResourceId::61073
23847	ps	miHoYo/Particles/OneChannel_New	198	0	ResourceId::61069:InnerTarget of MainCamera(Clone):3440x1440:R11G11B10_FLOAT;ResourceId::64549:TempBuffer 142 3440x1440:3440x1440:R8_TYPELESS	ResourceId::61073
23862	ps	miHoYo/Particles/Ice_New	90	0	ResourceId::61069:InnerTarget of MainCamera(Clone):3440x1440:R11G11B10_FLOAT;ResourceId::64549:TempBuffer 142 3440x1440:3440x1440:R8_TYPELESS	ResourceId::61073
23894	ps	miHoYo/Uber/EffectStages/Eff_Uber_Weather_Zd_JMXS_Blizzard_01	792	0	ResourceId::61069:InnerTarget of MainCamera(Clone):3440x1440:R11G11B10_FLOAT;ResourceId::64549:TempBuffer 142 3440x1440:3440x1440:R8_TYPELESS	ResourceId::61073
23918	ps	miHoYo/Particles/Dissolve_4Texs_New	18	0	ResourceId::61069:InnerTarget of MainCamera(Clone):3440x1440:R11G11B10_FLOAT;ResourceId::64549:TempBuffer 142 3440x1440:3440x1440:R8_TYPELESS	ResourceId::61073
23933	ps	miHoYo/Particles/OneChannel_New	18	0	ResourceId::61069:InnerTarget of MainCamera(Clone):3440x1440:R11G11B10_FLOAT;ResourceId::64549:TempBuffer 142 3440x1440:3440x1440:R8_TYPELESS	ResourceId::61073
23960	ps	Hidden/Internal-MotionVectors	3	0	ResourceId::64533:TempBuffer 138 3440x1440:3440x1440:R10G10B10A2_TYPELESS	ResourceId::61073
23983	ps	miHoYo/Avatar/Character_Eye_Uber	1608	0	ResourceId::64533:TempBuffer 138 3440x1440:3440x1440:R10G10B10A2_TYPELESS	ResourceId::61073
24004	ps	miHoYo/Avatar/Character_Uber_Crystal	33903	1	ResourceId::64533:TempBuffer 138 3440x1440:3440x1440:R10G10B10A2_TYPELESS	ResourceId::61073
24022	ps	miHoYo/Character/Base	5676	0	ResourceId::64533:TempBuffer 138 3440x1440:3440x1440:R10G10B10A2_TYPELESS	ResourceId::61073
24039	ps	miHoYo/Uber/Character/Character_Uber_FacialUVExpression	10620	0	ResourceId::64533:TempBuffer 138 3440x1440:3440x1440:R10G10B10A2_TYPELESS	ResourceId::61073
24055	ps	miHoYo/Uber/Character/Character_Uber_Marionette_NewShining_Hair_Flattened	19842	1	ResourceId::64533:TempBuffer 138 3440x1440:3440x1440:R10G10B10A2_TYPELESS	ResourceId::61073
24067	ps	miHoYo/Uber/Character/Character_Uber_Marionette_NewShining_Hair_Flattened	86766	1	ResourceId::64533:TempBuffer 138 3440x1440:3440x1440:R10G10B10A2_TYPELESS	ResourceId::61073
24085	ps	miHoYo/Character/Character_Base_Uber	144	0	ResourceId::64533:TempBuffer 138 3440x1440:3440x1440:R10G10B10A2_TYPELESS	ResourceId::61073
24094	ps	miHoYo/Character/Character_Base_Uber	3882	0	ResourceId::64533:TempBuffer 138 3440x1440:3440x1440:R10G10B10A2_TYPELESS	ResourceId::61073
24107	ps	miHoYo/Character/Character_Base_Uber	2268	0	ResourceId::64533:TempBuffer 138 3440x1440:3440x1440:R10G10B10A2_TYPELESS	ResourceId::61073
24125	ps	miHoYo/Uber/Character/Character_Uber_Marionette_NewShining_Hair_Flattened	18813	1	ResourceId::64533:TempBuffer 138 3440x1440:3440x1440:R10G10B10A2_TYPELESS	ResourceId::61073
24135	ps	miHoYo/Uber/Character/Character_Uber_Marionette_NewShining_Hair_Flattened	29298	1	ResourceId::64533:TempBuffer 138 3440x1440:3440x1440:R10G10B10A2_TYPELESS	ResourceId::61073
24152	ps	miHoYo/Character/Character_Base_Uber	3552	0	ResourceId::64533:TempBuffer 138 3440x1440:3440x1440:R10G10B10A2_TYPELESS	ResourceId::61073
24163	ps	miHoYo/Character/Character_Base_Uber	3552	0	ResourceId::64533:TempBuffer 138 3440x1440:3440x1440:R10G10B10A2_TYPELESS	ResourceId::61073
24174	ps	miHoYo/Character/Character_Base_Uber	5940	0	ResourceId::64533:TempBuffer 138 3440x1440:3440x1440:R10G10B10A2_TYPELESS	ResourceId::61073
24191	ps	miHoYo/Uber/Character/Character_Uber_Marionette_NewShining_Hair_Flattened	123369	1	ResourceId::64533:TempBuffer 138 3440x1440:3440x1440:R10G10B10A2_TYPELESS	ResourceId::61073
24217	ps	miHoYo/Avatar/Character_SRP_Crystal	9306	1	ResourceId::64533:TempBuffer 138 3440x1440:3440x1440:R10G10B10A2_TYPELESS	ResourceId::61073
24227	ps	miHoYo/Avatar/Character_SRP_Crystal	6042	1	ResourceId::64533:TempBuffer 138 3440x1440:3440x1440:R10G10B10A2_TYPELESS	ResourceId::61073
24236	ps	miHoYo/Avatar/Character_SRP_Crystal	21558	1	ResourceId::64533:TempBuffer 138 3440x1440:3440x1440:R10G10B10A2_TYPELESS	ResourceId::61073
24260	ps	miHoYo/Avatar/Character_SRP_Crystal	5442	1	ResourceId::64533:TempBuffer 138 3440x1440:3440x1440:R10G10B10A2_TYPELESS	ResourceId::61073
24290	ps	miHoYo/Avatar/Character_Uber_Crystal	33903	1	ResourceId::64533:TempBuffer 138 3440x1440:3440x1440:R10G10B10A2_TYPELESS	ResourceId::61073
24307	ps	miHoYo/Character/Base	5676	0	ResourceId::64533:TempBuffer 138 3440x1440:3440x1440:R10G10B10A2_TYPELESS	ResourceId::61073
24324	ps	miHoYo/Uber/Character/Character_Uber_FacialUVExpression	10620	0	ResourceId::64533:TempBuffer 138 3440x1440:3440x1440:R10G10B10A2_TYPELESS	ResourceId::61073
24340	ps	miHoYo/Uber/Character/Character_Uber_Marionette_NewShining_Hair_Flattened	19842	1	ResourceId::64533:TempBuffer 138 3440x1440:3440x1440:R10G10B10A2_TYPELESS	ResourceId::61073
24351	ps	miHoYo/Uber/Character/Character_Uber_Marionette_NewShining_Hair_Flattened	86766	1	ResourceId::64533:TempBuffer 138 3440x1440:3440x1440:R10G10B10A2_TYPELESS	ResourceId::61073
24369	ps	miHoYo/Character/Character_Base_Uber	3882	0	ResourceId::64533:TempBuffer 138 3440x1440:3440x1440:R10G10B10A2_TYPELESS	ResourceId::61073
24387	ps	miHoYo/Uber/Character/Character_Uber_Marionette_NewShining_Hair_Flattened	18813	1	ResourceId::64533:TempBuffer 138 3440x1440:3440x1440:R10G10B10A2_TYPELESS	ResourceId::61073
24397	ps	miHoYo/Uber/Character/Character_Uber_Marionette_NewShining_Hair_Flattened	29298	1	ResourceId::64533:TempBuffer 138 3440x1440:3440x1440:R10G10B10A2_TYPELESS	ResourceId::61073
24414	ps	miHoYo/Character/Character_Base_Uber	3552	0	ResourceId::64533:TempBuffer 138 3440x1440:3440x1440:R10G10B10A2_TYPELESS	ResourceId::61073
24425	ps	miHoYo/Character/Character_Base_Uber	3552	0	ResourceId::64533:TempBuffer 138 3440x1440:3440x1440:R10G10B10A2_TYPELESS	ResourceId::61073
24436	ps	miHoYo/Character/Character_Base_Uber	5940	0	ResourceId::64533:TempBuffer 138 3440x1440:3440x1440:R10G10B10A2_TYPELESS	ResourceId::61073
24454	ps	miHoYo/Uber/Character/Character_Uber_Marionette_NewShining_Hair_Flattened	123369	1	ResourceId::64533:TempBuffer 138 3440x1440:3440x1440:R10G10B10A2_TYPELESS	ResourceId::61073
24480	ps	miHoYo/Avatar/Character_SRP_Crystal	9306	1	ResourceId::64533:TempBuffer 138 3440x1440:3440x1440:R10G10B10A2_TYPELESS	ResourceId::61073
24491	ps	miHoYo/Avatar/Character_SRP_Crystal	6042	1	ResourceId::64533:TempBuffer 138 3440x1440:3440x1440:R10G10B10A2_TYPELESS	ResourceId::61073
24501	ps	miHoYo/Avatar/Character_SRP_Crystal	21558	1	ResourceId::64533:TempBuffer 138 3440x1440:3440x1440:R10G10B10A2_TYPELESS	ResourceId::61073
24537	ps	miHoYo/Character/Character_Crowds	1512	1	ResourceId::64533:TempBuffer 138 3440x1440:3440x1440:R10G10B10A2_TYPELESS	ResourceId::61073
24543	ps	miHoYo/Character/Character_Crowds	684	1	ResourceId::64533:TempBuffer 138 3440x1440:3440x1440:R10G10B10A2_TYPELESS	ResourceId::61073
24571	ps	miHoYo/Character/Character_Crowds	7881	1	ResourceId::64533:TempBuffer 138 3440x1440:3440x1440:R10G10B10A2_TYPELESS	ResourceId::61073
24581	ps	miHoYo/Character/Character_Crowds	12375	1	ResourceId::64533:TempBuffer 138 3440x1440:3440x1440:R10G10B10A2_TYPELESS	ResourceId::61073
24588	ps	miHoYo/Character/Character_Crowds	6279	1	ResourceId::64533:TempBuffer 138 3440x1440:3440x1440:R10G10B10A2_TYPELESS	ResourceId::61073
24595	ps	miHoYo/Character/Character_Crowds	2940	3	ResourceId::64533:TempBuffer 138 3440x1440:3440x1440:R10G10B10A2_TYPELESS	ResourceId::61073
24605	ps	miHoYo/Character/Character_Crowds	19020	1	ResourceId::64533:TempBuffer 138 3440x1440:3440x1440:R10G10B10A2_TYPELESS	ResourceId::61073
24614	ps	miHoYo/Character/Character_Crowds	16770	1	ResourceId::64533:TempBuffer 138 3440x1440:3440x1440:R10G10B10A2_TYPELESS	ResourceId::61073
24623	ps	miHoYo/Character/Character_Crowds	20043	1	ResourceId::64533:TempBuffer 138 3440x1440:3440x1440:R10G10B10A2_TYPELESS	ResourceId::61073
24633	ps	miHoYo/Character/Character_Crowds	10353	1	ResourceId::64533:TempBuffer 138 3440x1440:3440x1440:R10G10B10A2_TYPELESS	ResourceId::61073
24643	ps	miHoYo/Character/Character_Crowds	8277	1	ResourceId::64533:TempBuffer 138 3440x1440:3440x1440:R10G10B10A2_TYPELESS	ResourceId::61073
24653	ps	miHoYo/Character/Character_Crowds	2940	1	ResourceId::64533:TempBuffer 138 3440x1440:3440x1440:R10G10B10A2_TYPELESS	ResourceId::61073
24662	ps	miHoYo/Character/Character_Crowds	13590	1	ResourceId::64533:TempBuffer 138 3440x1440:3440x1440:R10G10B10A2_TYPELESS	ResourceId::61073
24671	ps	miHoYo/Character/Character_Crowds	7785	1	ResourceId::64533:TempBuffer 138 3440x1440:3440x1440:R10G10B10A2_TYPELESS	ResourceId::61073
24681	ps	miHoYo/Character/Character_Crowds	7905	1	ResourceId::64533:TempBuffer 138 3440x1440:3440x1440:R10G10B10A2_TYPELESS	ResourceId::61073
24691	ps	miHoYo/Character/Character_Crowds	8289	1	ResourceId::64533:TempBuffer 138 3440x1440:3440x1440:R10G10B10A2_TYPELESS	ResourceId::61073
24700	ps	miHoYo/Character/Character_Crowds	18588	1	ResourceId::64533:TempBuffer 138 3440x1440:3440x1440:R10G10B10A2_TYPELESS	ResourceId::61073
24707	ps	miHoYo/Character/Character_Crowds	10353	2	ResourceId::64533:TempBuffer 138 3440x1440:3440x1440:R10G10B10A2_TYPELESS	ResourceId::61073
24716	ps	miHoYo/Character/Character_Crowds	18588	1	ResourceId::64533:TempBuffer 138 3440x1440:3440x1440:R10G10B10A2_TYPELESS	ResourceId::61073
24723	ps	miHoYo/Character/Character_Crowds	10353	1	ResourceId::64533:TempBuffer 138 3440x1440:3440x1440:R10G10B10A2_TYPELESS	ResourceId::61073
24733	ps	miHoYo/Character/Character_Crowds	8277	1	ResourceId::64533:TempBuffer 138 3440x1440:3440x1440:R10G10B10A2_TYPELESS	ResourceId::61073
24759	ps	miHoYo/Character/Character_Crowds	5112	2	ResourceId::64533:TempBuffer 138 3440x1440:3440x1440:R10G10B10A2_TYPELESS	ResourceId::61073
24765	ps	miHoYo/Character/Character_Crowds	5112	1	ResourceId::64533:TempBuffer 138 3440x1440:3440x1440:R10G10B10A2_TYPELESS	ResourceId::61073
24771	ps	miHoYo/Character/Character_Crowds	5112	2	ResourceId::64533:TempBuffer 138 3440x1440:3440x1440:R10G10B10A2_TYPELESS	ResourceId::61073
24798	ps	miHoYo/Character/Character_Crowds	5838	1	ResourceId::64533:TempBuffer 138 3440x1440:3440x1440:R10G10B10A2_TYPELESS	ResourceId::61073
24808	ps	miHoYo/Character/Character_Crowds	11565	1	ResourceId::64533:TempBuffer 138 3440x1440:3440x1440:R10G10B10A2_TYPELESS	ResourceId::61073
24815	ps	miHoYo/Character/Character_Crowds	5886	1	ResourceId::64533:TempBuffer 138 3440x1440:3440x1440:R10G10B10A2_TYPELESS	ResourceId::61073
24824	ps	miHoYo/Character/Character_Crowds	7668	1	ResourceId::64533:TempBuffer 138 3440x1440:3440x1440:R10G10B10A2_TYPELESS	ResourceId::61073
24833	ps	miHoYo/Character/Character_Crowds	4773	2	ResourceId::64533:TempBuffer 138 3440x1440:3440x1440:R10G10B10A2_TYPELESS	ResourceId::61073
24843	ps	miHoYo/Character/Character_Crowds	16743	1	ResourceId::64533:TempBuffer 138 3440x1440:3440x1440:R10G10B10A2_TYPELESS	ResourceId::61073
24850	ps	miHoYo/Character/Character_Crowds	9744	1	ResourceId::64533:TempBuffer 138 3440x1440:3440x1440:R10G10B10A2_TYPELESS	ResourceId::61073
24857	ps	miHoYo/Character/Character_Crowds	5322	2	ResourceId::64533:TempBuffer 138 3440x1440:3440x1440:R10G10B10A2_TYPELESS	ResourceId::61073
24867	ps	miHoYo/Character/Character_Crowds	5886	1	ResourceId::64533:TempBuffer 138 3440x1440:3440x1440:R10G10B10A2_TYPELESS	ResourceId::61073
24876	ps	miHoYo/Character/Character_Crowds	8358	1	ResourceId::64533:TempBuffer 138 3440x1440:3440x1440:R10G10B10A2_TYPELESS	ResourceId::61073
24885	ps	miHoYo/Character/Character_Crowds	17085	1	ResourceId::64533:TempBuffer 138 3440x1440:3440x1440:R10G10B10A2_TYPELESS	ResourceId::61073
24894	ps	miHoYo/Character/Character_Crowds	5331	1	ResourceId::64533:TempBuffer 138 3440x1440:3440x1440:R10G10B10A2_TYPELESS	ResourceId::61073
24920	ps	miHoYo/Character/Character_Crowds	408	1	ResourceId::64533:TempBuffer 138 3440x1440:3440x1440:R10G10B10A2_TYPELESS	ResourceId::61073
24947	ps	miHoYo/Character/Character_Crowds	4338	1	ResourceId::64533:TempBuffer 138 3440x1440:3440x1440:R10G10B10A2_TYPELESS	ResourceId::61073
24973	ps	miHoYo/Character/Character_Crowds	12027	1	ResourceId::64533:TempBuffer 138 3440x1440:3440x1440:R10G10B10A2_TYPELESS	ResourceId::61073
24983	ps	miHoYo/Character/Character_Crowds	3534	1	ResourceId::64533:TempBuffer 138 3440x1440:3440x1440:R10G10B10A2_TYPELESS	ResourceId::61073
24993	ps	miHoYo/Character/Character_Crowds	9438	1	ResourceId::64533:TempBuffer 138 3440x1440:3440x1440:R10G10B10A2_TYPELESS	ResourceId::61073
25018	ps	Hidden/Internal-MotionVectors	90	0	ResourceId::64533:TempBuffer 138 3440x1440:3440x1440:R10G10B10A2_TYPELESS	ResourceId::61073
25027	ps	Hidden/Internal-MotionVectors	1236	0	ResourceId::64533:TempBuffer 138 3440x1440:3440x1440:R10G10B10A2_TYPELESS	ResourceId::61073
25046	ps	Hidden/PostProcessing/miHoYo/Motion Blur	3	0	ResourceId::71618:TempBuffer 239 1720x720:1720x720:R8G8B8A8_TYPELESS	ResourceId::0
25058	ps	Hidden/PostProcessing/miHoYo/Motion Blur	3	0	ResourceId::64299:TempBuffer 125 1720x720:1720x720:R8G8B8A8_TYPELESS	ResourceId::0
25071	ps	Hidden/PostProcessing/miHoYo/Motion Blur	3	0	ResourceId::67458:TempBuffer 189 1720x720:1720x720:R16G16B16A16_TYPELESS	ResourceId::0
25085	ps	Hidden/PostProcessing/miHoYo/Motion Blur	3	0	ResourceId::67586:Half Color Buffer:1720x720:R11G11B10_FLOAT;ResourceId::67590:Half Alpha Buffer:1720x720:R8_TYPELESS	ResourceId::0
25093	cs	ComputeShader-220	0	0	ResourceId::67586:Half Color Buffer:1720x720:R11G11B10_FLOAT;ResourceId::67590:Half Alpha Buffer:1720x720:R8_TYPELESS	ResourceId::0
25108	cs	ComputeShader-1052	0	0	ResourceId::23686:SwapChain-BackBuffer-Texture-3440x1440:3440x1440:R8G8B8A8_SRGB	ResourceId::23690
25126	cs	ComputeShader-2804	0	0	ResourceId::23686:SwapChain-BackBuffer-Texture-3440x1440:3440x1440:R8G8B8A8_SRGB	ResourceId::23690
25147	ps	Hidden/PostProcessing/miHoYo/Bloom	3	0	ResourceId::67594:TempBuffer 194 860x360:860x360:R11G11B10_FLOAT	ResourceId::0
25161	ps	Hidden/PostProcessing/miHoYo/MultipleGaussPassFilter	3	0	ResourceId::67602:TempBuffer 196 860x360:860x360:R11G11B10_FLOAT	ResourceId::0
25171	ps	Hidden/PostProcessing/miHoYo/MultipleGaussPassFilter	3	0	ResourceId::67594:TempBuffer 194 860x360:860x360:R11G11B10_FLOAT	ResourceId::0
25184	ps	Hidden/PostProcessing/miHoYo/Bloom	6	0	ResourceId::67610:TempBuffer 198 204x158:204x158:R11G11B10_FLOAT	ResourceId::0
25189	ps	Hidden/PostProcessing/miHoYo/Bloom	6	0	ResourceId::67610:TempBuffer 198 204x158:204x158:R11G11B10_FLOAT	ResourceId::0
25194	ps	Hidden/PostProcessing/miHoYo/Bloom	6	0	ResourceId::67610:TempBuffer 198 204x158:204x158:R11G11B10_FLOAT	ResourceId::0
25207	ps	Hidden/PostProcessing/miHoYo/MultipleGaussPassFilter	6	0	ResourceId::67606:TempBuffer 197 204x158:204x158:R11G11B10_FLOAT	ResourceId::0
25213	ps	Hidden/PostProcessing/miHoYo/MultipleGaussPassFilter	6	0	ResourceId::67606:TempBuffer 197 204x158:204x158:R11G11B10_FLOAT	ResourceId::0
25219	ps	Hidden/PostProcessing/miHoYo/MultipleGaussPassFilter	6	0	ResourceId::67606:TempBuffer 197 204x158:204x158:R11G11B10_FLOAT	ResourceId::0
25231	ps	Hidden/PostProcessing/miHoYo/MultipleGaussPassFilter	6	0	ResourceId::67610:TempBuffer 198 204x158:204x158:R11G11B10_FLOAT	ResourceId::0
25237	ps	Hidden/PostProcessing/miHoYo/MultipleGaussPassFilter	6	0	ResourceId::67610:TempBuffer 198 204x158:204x158:R11G11B10_FLOAT	ResourceId::0
25243	ps	Hidden/PostProcessing/miHoYo/MultipleGaussPassFilter	6	0	ResourceId::67610:TempBuffer 198 204x158:204x158:R11G11B10_FLOAT	ResourceId::0
25258	ps	Hidden/PostProcessing/miHoYo/Bloom	3	0	ResourceId::67614:_MHYBloomTex:860x360:R11G11B10_FLOAT	ResourceId::0
25275	ps	Hidden/PostProcessing/miHoYo/UnderWaterScreenPara	3	0	ResourceId::67618:UnderWaterScreenParaRT:860x360:R8_TYPELESS	ResourceId::0
25302	ps	Hidden/PostProcessing/Uber	3	0	ResourceId::67582:Context Medium Buffer 1:3440x1440:R8G8B8A8_TYPELESS	ResourceId::0
25325	ps	Hidden/PostProcessing/FSR2.0	3	0	ResourceId::67622:TempBuffer 199 3440x1440:3440x1440:R8G8_TYPELESS	ResourceId::61073
25339	ps	Hidden/PostProcessing/FSR2.0	3	0	ResourceId::67626:TempBuffer 200 3440x1440:3440x1440:R8G8B8A8_TYPELESS	ResourceId::61073
25352	ps	Hidden/PostProcessing/FSR2.0	3	0	ResourceId::67630:TempBuffer 201 3440x1440:3440x1440:R8G8B8A8_TYPELESS	ResourceId::61073
25362	ps	Hidden/PostProcessing/FSR2.0	3	0	ResourceId::67582:Context Medium Buffer 1:3440x1440:R8G8B8A8_TYPELESS	ResourceId::61073
25381	ps	Hidden/PostProcessing/FSR2.0	3	0	ResourceId::61427:HistoryStatus1:3440x1440:R8G8_TYPELESS;ResourceId::61437:HistoryColor1:3440x1440:R8G8B8A8_TYPELESS	ResourceId::0
25393	ps	Hidden/PostProcessing/Copy	3	0	ResourceId::23686:SwapChain-BackBuffer-Texture-3440x1440:3440x1440:R8G8B8A8_SRGB	ResourceId::23690
25421	ps	miHoYo/UI/Particle_OneChannel_New	18	0	ResourceId::23686:SwapChain-BackBuffer-Texture-3440x1440:3440x1440:R8G8B8A8_SRGB	ResourceId::23690
25442	ps	miHoYo/UI/Particle_UVmove_New	960	0	ResourceId::23686:SwapChain-BackBuffer-Texture-3440x1440:3440x1440:R8G8B8A8_SRGB	ResourceId::23690
25455	ps	miHoYo/UI/Particle_OneChannel_New	18	0	ResourceId::23686:SwapChain-BackBuffer-Texture-3440x1440:3440x1440:R8G8B8A8_SRGB	ResourceId::23690
25460	ps	miHoYo/UI/Particle_OneChannel_New	18	0	ResourceId::23686:SwapChain-BackBuffer-Texture-3440x1440:3440x1440:R8G8B8A8_SRGB	ResourceId::23690
25474	ps	miHoYo/UI/Particle_UVmove_New	1200	0	ResourceId::23686:SwapChain-BackBuffer-Texture-3440x1440:3440x1440:R8G8B8A8_SRGB	ResourceId::23690
25491	ps	miHoYo/UI/Particle_Dissolve_4Texs	1800	0	ResourceId::23686:SwapChain-BackBuffer-Texture-3440x1440:3440x1440:R8G8B8A8_SRGB	ResourceId::23690
25506	ps	miHoYo/UI/Particle_UVmove_TwoColor	2400	0	ResourceId::23686:SwapChain-BackBuffer-Texture-3440x1440:3440x1440:R8G8B8A8_SRGB	ResourceId::23690
25517	ps	miHoYo/UI/Particle_OneChannel_New	18	0	ResourceId::23686:SwapChain-BackBuffer-Texture-3440x1440:3440x1440:R8G8B8A8_SRGB	ResourceId::23690
25520	ps	miHoYo/UI/Particle_OneChannel_New	18	0	ResourceId::23686:SwapChain-BackBuffer-Texture-3440x1440:3440x1440:R8G8B8A8_SRGB	ResourceId::23690
25538	ps	miHoYo/UI/UI_Minimap_Fog_OpenArea_BaseMap	6	0	ResourceId::23686:SwapChain-BackBuffer-Texture-3440x1440:3440x1440:R8G8B8A8_SRGB	ResourceId::23690
25568	ps	miHoYo/UI/UI_Minimap_UV_Noise_flattened	6	0	ResourceId::23686:SwapChain-BackBuffer-Texture-3440x1440:3440x1440:R8G8B8A8_SRGB	ResourceId::23690
25586	ps	miHoYo/UI/UI_Dissolve_Common_Particle	48	0	ResourceId::23686:SwapChain-BackBuffer-Texture-3440x1440:3440x1440:R8G8B8A8_SRGB	ResourceId::23690
25592	ps	miHoYo/UI/UI_Dissolve_Common_Particle	24	0	ResourceId::23686:SwapChain-BackBuffer-Texture-3440x1440:3440x1440:R8G8B8A8_SRGB	ResourceId::23690
25598	ps	miHoYo/UI/UI_Dissolve_Common_Particle	42	0	ResourceId::23686:SwapChain-BackBuffer-Texture-3440x1440:3440x1440:R8G8B8A8_SRGB	ResourceId::23690
25615	ps	miHoYo/UI/UI_Minimap_Fog_OpenArea_ClipMask	6	0	ResourceId::23686:SwapChain-BackBuffer-Texture-3440x1440:3440x1440:R8G8B8A8_SRGB	ResourceId::23690
25621	ps	miHoYo/UI/UI_Minimap_Fog_OpenArea_ClipMask	6	0	ResourceId::23686:SwapChain-BackBuffer-Texture-3440x1440:3440x1440:R8G8B8A8_SRGB	ResourceId::23690
25625	ps	miHoYo/UI/UI_Minimap_Fog_OpenArea_ClipMask	6	0	ResourceId::23686:SwapChain-BackBuffer-Texture-3440x1440:3440x1440:R8G8B8A8_SRGB	ResourceId::23690
25645	ps	miHoYo/UI/UI_Minimap_Fog_OpenArea_GlobalFog	6	0	ResourceId::23686:SwapChain-BackBuffer-Texture-3440x1440:3440x1440:R8G8B8A8_SRGB	ResourceId::23690
25660	ps	miHoYo/UI/UI_Minimap_Fog_OpenArea_OutLine	6	0	ResourceId::23686:SwapChain-BackBuffer-Texture-3440x1440:3440x1440:R8G8B8A8_SRGB	ResourceId::23690
25666	ps	miHoYo/UI/UI_Minimap_Fog_OpenArea_OutLine	6	0	ResourceId::23686:SwapChain-BackBuffer-Texture-3440x1440:3440x1440:R8G8B8A8_SRGB	ResourceId::23690
25672	ps	miHoYo/UI/UI_Minimap_Fog_OpenArea_OutLine	6	0	ResourceId::23686:SwapChain-BackBuffer-Texture-3440x1440:3440x1440:R8G8B8A8_SRGB	ResourceId::23690
25694	ps	miHoYo/UI/UI_SDF_Colorize	6	0	ResourceId::23686:SwapChain-BackBuffer-Texture-3440x1440:3440x1440:R8G8B8A8_SRGB	ResourceId::23690
25710	ps	miHoYo/UI/Base	6225	0	ResourceId::23686:SwapChain-BackBuffer-Texture-3440x1440:3440x1440:R8G8B8A8_SRGB	ResourceId::23690
25727	ps	miHoYo/UI/Particle_UVmove_New	1200	0	ResourceId::23686:SwapChain-BackBuffer-Texture-3440x1440:3440x1440:R8G8B8A8_SRGB	ResourceId::23690
25730	ps	miHoYo/UI/Particle_UVmove_New	1200	0	ResourceId::23686:SwapChain-BackBuffer-Texture-3440x1440:3440x1440:R8G8B8A8_SRGB	ResourceId::23690
25741	ps	miHoYo/UI/Particle_OneChannel_New	12	0	ResourceId::23686:SwapChain-BackBuffer-Texture-3440x1440:3440x1440:R8G8B8A8_SRGB	ResourceId::23690
25748	ps	miHoYo/UI/Particle_OneChannel_New	18	0	ResourceId::23686:SwapChain-BackBuffer-Texture-3440x1440:3440x1440:R8G8B8A8_SRGB	ResourceId::23690
25756	ps	miHoYo/UI/Particle_OneChannel_New	6	0	ResourceId::23686:SwapChain-BackBuffer-Texture-3440x1440:3440x1440:R8G8B8A8_SRGB	ResourceId::23690
25776	ps	UI/Default	42	0	ResourceId::23686:SwapChain-BackBuffer-Texture-3440x1440:3440x1440:R8G8B8A8_SRGB	ResourceId::23690
25780	ps	UI/Default	6	0	ResourceId::23686:SwapChain-BackBuffer-Texture-3440x1440:3440x1440:R8G8B8A8_SRGB	ResourceId::23690
25784	ps	UI/Default	6	0	ResourceId::23686:SwapChain-BackBuffer-Texture-3440x1440:3440x1440:R8G8B8A8_SRGB	ResourceId::23690
25788	ps	UI/Default	6	0	ResourceId::23686:SwapChain-BackBuffer-Texture-3440x1440:3440x1440:R8G8B8A8_SRGB	ResourceId::23690
25793	ps	UI/Default	6	0	ResourceId::23686:SwapChain-BackBuffer-Texture-3440x1440:3440x1440:R8G8B8A8_SRGB	ResourceId::23690
25797	ps	UI/Default	6	0	ResourceId::23686:SwapChain-BackBuffer-Texture-3440x1440:3440x1440:R8G8B8A8_SRGB	ResourceId::23690
25801	ps	UI/Default	6	0	ResourceId::23686:SwapChain-BackBuffer-Texture-3440x1440:3440x1440:R8G8B8A8_SRGB	ResourceId::23690
25805	ps	UI/Default	6	0	ResourceId::23686:SwapChain-BackBuffer-Texture-3440x1440:3440x1440:R8G8B8A8_SRGB	ResourceId::23690
25818	ps	miHoYo/UI/Base	36	0	ResourceId::23686:SwapChain-BackBuffer-Texture-3440x1440:3440x1440:R8G8B8A8_SRGB	ResourceId::23690
25829	ps	UI/Default	12	0	ResourceId::23686:SwapChain-BackBuffer-Texture-3440x1440:3440x1440:R8G8B8A8_SRGB	ResourceId::23690
25833	ps	UI/Default	24	0	ResourceId::23686:SwapChain-BackBuffer-Texture-3440x1440:3440x1440:R8G8B8A8_SRGB	ResourceId::23690
25838	ps	UI/Default	6	0	ResourceId::23686:SwapChain-BackBuffer-Texture-3440x1440:3440x1440:R8G8B8A8_SRGB	ResourceId::23690
25851	ps	UI/Default	6	0	ResourceId::23686:SwapChain-BackBuffer-Texture-3440x1440:3440x1440:R8G8B8A8_SRGB	ResourceId::23690
25859	ps	UI/Default	6	0	ResourceId::23686:SwapChain-BackBuffer-Texture-3440x1440:3440x1440:R8G8B8A8_SRGB	ResourceId::23690
25875	ps	miHoYo/UI/Base	6	0	ResourceId::23686:SwapChain-BackBuffer-Texture-3440x1440:3440x1440:R8G8B8A8_SRGB	ResourceId::23690
25886	ps	UI/Default	6	0	ResourceId::23686:SwapChain-BackBuffer-Texture-3440x1440:3440x1440:R8G8B8A8_SRGB	ResourceId::23690
25899	ps	miHoYo/UI/Base 4x HDR	6	0	ResourceId::23686:SwapChain-BackBuffer-Texture-3440x1440:3440x1440:R8G8B8A8_SRGB	ResourceId::23690
25910	ps	UI/Default	18	0	ResourceId::23686:SwapChain-BackBuffer-Texture-3440x1440:3440x1440:R8G8B8A8_SRGB	ResourceId::23690
25914	ps	UI/Default	6	0	ResourceId::23686:SwapChain-BackBuffer-Texture-3440x1440:3440x1440:R8G8B8A8_SRGB	ResourceId::23690
25919	ps	UI/Default	6	0	ResourceId::23686:SwapChain-BackBuffer-Texture-3440x1440:3440x1440:R8G8B8A8_SRGB	ResourceId::23690
25935	ps	miHoYo/UI/Base	6	0	ResourceId::23686:SwapChain-BackBuffer-Texture-3440x1440:3440x1440:R8G8B8A8_SRGB	ResourceId::23690
25946	ps	UI/Default	6	0	ResourceId::23686:SwapChain-BackBuffer-Texture-3440x1440:3440x1440:R8G8B8A8_SRGB	ResourceId::23690
25950	ps	UI/Default	102	0	ResourceId::23686:SwapChain-BackBuffer-Texture-3440x1440:3440x1440:R8G8B8A8_SRGB	ResourceId::23690
25954	ps	UI/Default	12	0	ResourceId::23686:SwapChain-BackBuffer-Texture-3440x1440:3440x1440:R8G8B8A8_SRGB	ResourceId::23690
25959	ps	UI/Default	6	0	ResourceId::23686:SwapChain-BackBuffer-Texture-3440x1440:3440x1440:R8G8B8A8_SRGB	ResourceId::23690
25963	ps	UI/Default	6	0	ResourceId::23686:SwapChain-BackBuffer-Texture-3440x1440:3440x1440:R8G8B8A8_SRGB	ResourceId::23690
25967	ps	UI/Default	6	0	ResourceId::23686:SwapChain-BackBuffer-Texture-3440x1440:3440x1440:R8G8B8A8_SRGB	ResourceId::23690
25980	ps	miHoYo/UI/Simple Text	600	0	ResourceId::23686:SwapChain-BackBuffer-Texture-3440x1440:3440x1440:R8G8B8A8_SRGB	ResourceId::23690
25991	ps	UI/Default	60	0	ResourceId::23686:SwapChain-BackBuffer-Texture-3440x1440:3440x1440:R8G8B8A8_SRGB	ResourceId::23690
25995	ps	UI/Default	12	0	ResourceId::23686:SwapChain-BackBuffer-Texture-3440x1440:3440x1440:R8G8B8A8_SRGB	ResourceId::23690
25999	ps	UI/Default	6	0	ResourceId::23686:SwapChain-BackBuffer-Texture-3440x1440:3440x1440:R8G8B8A8_SRGB	ResourceId::23690
26004	ps	UI/Default	6	0	ResourceId::23686:SwapChain-BackBuffer-Texture-3440x1440:3440x1440:R8G8B8A8_SRGB	ResourceId::23690
26009	ps	UI/Default	36	0	ResourceId::23686:SwapChain-BackBuffer-Texture-3440x1440:3440x1440:R8G8B8A8_SRGB	ResourceId::23690
26013	ps	UI/Default	216	0	ResourceId::23686:SwapChain-BackBuffer-Texture-3440x1440:3440x1440:R8G8B8A8_SRGB	ResourceId::23690
26017	ps	UI/Default	216	0	ResourceId::23686:SwapChain-BackBuffer-Texture-3440x1440:3440x1440:R8G8B8A8_SRGB	ResourceId::23690
26024	ps	UI/Default	540	0	ResourceId::23686:SwapChain-BackBuffer-Texture-3440x1440:3440x1440:R8G8B8A8_SRGB	ResourceId::23690
26031	ps	UI/Default	324	0	ResourceId::23686:SwapChain-BackBuffer-Texture-3440x1440:3440x1440:R8G8B8A8_SRGB	ResourceId::23690
26035	ps	UI/Default	12	0	ResourceId::23686:SwapChain-BackBuffer-Texture-3440x1440:3440x1440:R8G8B8A8_SRGB	ResourceId::23690
26039	ps	UI/Default	18	0	ResourceId::23686:SwapChain-BackBuffer-Texture-3440x1440:3440x1440:R8G8B8A8_SRGB	ResourceId::23690
26044	ps	UI/Default	6	0	ResourceId::23686:SwapChain-BackBuffer-Texture-3440x1440:3440x1440:R8G8B8A8_SRGB	ResourceId::23690
26048	ps	UI/Default	6	0	ResourceId::23686:SwapChain-BackBuffer-Texture-3440x1440:3440x1440:R8G8B8A8_SRGB	ResourceId::23690
26052	ps	UI/Default	6	0	ResourceId::23686:SwapChain-BackBuffer-Texture-3440x1440:3440x1440:R8G8B8A8_SRGB	ResourceId::23690
26056	ps	UI/Default	6	0	ResourceId::23686:SwapChain-BackBuffer-Texture-3440x1440:3440x1440:R8G8B8A8_SRGB	ResourceId::23690
26069	ps	UI/Default	54	0	ResourceId::23686:SwapChain-BackBuffer-Texture-3440x1440:3440x1440:R8G8B8A8_SRGB	ResourceId::23690
26078	ps	UI/Default	54	0	ResourceId::23686:SwapChain-BackBuffer-Texture-3440x1440:3440x1440:R8G8B8A8_SRGB	ResourceId::23690
26087	ps	UI/Default	54	0	ResourceId::23686:SwapChain-BackBuffer-Texture-3440x1440:3440x1440:R8G8B8A8_SRGB	ResourceId::23690
26095	ps	UI/Default	120	0	ResourceId::23686:SwapChain-BackBuffer-Texture-3440x1440:3440x1440:R8G8B8A8_SRGB	ResourceId::23690
26099	ps	UI/Default	6	0	ResourceId::23686:SwapChain-BackBuffer-Texture-3440x1440:3440x1440:R8G8B8A8_SRGB	ResourceId::23690
26103	ps	UI/Default	144	0	ResourceId::23686:SwapChain-BackBuffer-Texture-3440x1440:3440x1440:R8G8B8A8_SRGB	ResourceId::23690
26116	ps	miHoYo/UI/Base	12	0	ResourceId::23686:SwapChain-BackBuffer-Texture-3440x1440:3440x1440:R8G8B8A8_SRGB	ResourceId::23690
26127	ps	UI/Default	6	0	ResourceId::23686:SwapChain-BackBuffer-Texture-3440x1440:3440x1440:R8G8B8A8_SRGB	ResourceId::23690
26131	ps	UI/Default	6	0	ResourceId::23686:SwapChain-BackBuffer-Texture-3440x1440:3440x1440:R8G8B8A8_SRGB	ResourceId::23690
26147	ps	miHoYo/UI/Base	54	0	ResourceId::23686:SwapChain-BackBuffer-Texture-3440x1440:3440x1440:R8G8B8A8_SRGB	ResourceId::23690
26156	ps	miHoYo/UI/Base	54	0	ResourceId::23686:SwapChain-BackBuffer-Texture-3440x1440:3440x1440:R8G8B8A8_SRGB	ResourceId::23690
26167	ps	UI/Default	12	0	ResourceId::23686:SwapChain-BackBuffer-Texture-3440x1440:3440x1440:R8G8B8A8_SRGB	ResourceId::23690
26171	ps	UI/Default	108	0	ResourceId::23686:SwapChain-BackBuffer-Texture-3440x1440:3440x1440:R8G8B8A8_SRGB	ResourceId::23690
26184	ps	UI/Default	54	0	ResourceId::23686:SwapChain-BackBuffer-Texture-3440x1440:3440x1440:R8G8B8A8_SRGB	ResourceId::23690
26192	ps	UI/Default	6	0	ResourceId::23686:SwapChain-BackBuffer-Texture-3440x1440:3440x1440:R8G8B8A8_SRGB	ResourceId::23690
26211	ps	miHoYo/UI/UI_Dissolve_Common_Particle	6	0	ResourceId::23686:SwapChain-BackBuffer-Texture-3440x1440:3440x1440:R8G8B8A8_SRGB	ResourceId::23690
26233	ps	miHoYo/UI/UI_Dissolve_Common_Particle	6	0	ResourceId::23686:SwapChain-BackBuffer-Texture-3440x1440:3440x1440:R8G8B8A8_SRGB	ResourceId::23690
26239	ps	miHoYo/UI/UI_Dissolve_Common_Particle	6	0	ResourceId::23686:SwapChain-BackBuffer-Texture-3440x1440:3440x1440:R8G8B8A8_SRGB	ResourceId::23690
26257	ps	UI/Default	54	0	ResourceId::23686:SwapChain-BackBuffer-Texture-3440x1440:3440x1440:R8G8B8A8_SRGB	ResourceId::23690
26265	ps	UI/Default	6	0	ResourceId::23686:SwapChain-BackBuffer-Texture-3440x1440:3440x1440:R8G8B8A8_SRGB	ResourceId::23690
26290	ps	miHoYo/UI/UI_Dissolve_Common_Particle	6	0	ResourceId::23686:SwapChain-BackBuffer-Texture-3440x1440:3440x1440:R8G8B8A8_SRGB	ResourceId::23690
26307	ps	miHoYo/UI/UI_Dissolve_Common_Particle	6	0	ResourceId::23686:SwapChain-BackBuffer-Texture-3440x1440:3440x1440:R8G8B8A8_SRGB	ResourceId::23690
26320	ps	miHoYo/UI/UI_Dissolve_Common_Particle	6	0	ResourceId::23686:SwapChain-BackBuffer-Texture-3440x1440:3440x1440:R8G8B8A8_SRGB	ResourceId::23690
26337	ps	UI/Default	6	0	ResourceId::23686:SwapChain-BackBuffer-Texture-3440x1440:3440x1440:R8G8B8A8_SRGB	ResourceId::23690
26350	ps	miHoYo/UI/Simple Text	600	0	ResourceId::23686:SwapChain-BackBuffer-Texture-3440x1440:3440x1440:R8G8B8A8_SRGB	ResourceId::23690
26361	ps	UI/Default	18	0	ResourceId::23686:SwapChain-BackBuffer-Texture-3440x1440:3440x1440:R8G8B8A8_SRGB	ResourceId::23690
26365	ps	UI/Default	54	0	ResourceId::23686:SwapChain-BackBuffer-Texture-3440x1440:3440x1440:R8G8B8A8_SRGB	ResourceId::23690
26378	ps	UI/Default	54	0	ResourceId::23686:SwapChain-BackBuffer-Texture-3440x1440:3440x1440:R8G8B8A8_SRGB	ResourceId::23690
26385	ps	UI/Default	54	0	ResourceId::23686:SwapChain-BackBuffer-Texture-3440x1440:3440x1440:R8G8B8A8_SRGB	ResourceId::23690
26393	ps	UI/Default	48	0	ResourceId::23686:SwapChain-BackBuffer-Texture-3440x1440:3440x1440:R8G8B8A8_SRGB	ResourceId::23690
26406	ps	miHoYo/UI/Simple Text	600	0	ResourceId::23686:SwapChain-BackBuffer-Texture-3440x1440:3440x1440:R8G8B8A8_SRGB	ResourceId::23690
26415	ps	miHoYo/UI/Simple Text	600	0	ResourceId::23686:SwapChain-BackBuffer-Texture-3440x1440:3440x1440:R8G8B8A8_SRGB	ResourceId::23690
26426	ps	UI/Default	6	0	ResourceId::23686:SwapChain-BackBuffer-Texture-3440x1440:3440x1440:R8G8B8A8_SRGB	ResourceId::23690
26431	ps	UI/Default	6	0	ResourceId::23686:SwapChain-BackBuffer-Texture-3440x1440:3440x1440:R8G8B8A8_SRGB	ResourceId::23690
26435	ps	UI/Default	6	0	ResourceId::23686:SwapChain-BackBuffer-Texture-3440x1440:3440x1440:R8G8B8A8_SRGB	ResourceId::23690
26440	ps	UI/Default	6	0	ResourceId::23686:SwapChain-BackBuffer-Texture-3440x1440:3440x1440:R8G8B8A8_SRGB	ResourceId::23690
26444	ps	UI/Default	6	0	ResourceId::23686:SwapChain-BackBuffer-Texture-3440x1440:3440x1440:R8G8B8A8_SRGB	ResourceId::23690
26448	ps	UI/Default	12	0	ResourceId::23686:SwapChain-BackBuffer-Texture-3440x1440:3440x1440:R8G8B8A8_SRGB	ResourceId::23690
26452	ps	UI/Default	6	0	ResourceId::23686:SwapChain-BackBuffer-Texture-3440x1440:3440x1440:R8G8B8A8_SRGB	ResourceId::23690
26456	ps	UI/Default	6	0	ResourceId::23686:SwapChain-BackBuffer-Texture-3440x1440:3440x1440:R8G8B8A8_SRGB	ResourceId::23690
26461	ps	UI/Default	6	0	ResourceId::23686:SwapChain-BackBuffer-Texture-3440x1440:3440x1440:R8G8B8A8_SRGB	ResourceId::23690
26466	ps	UI/Default	12	0	ResourceId::23686:SwapChain-BackBuffer-Texture-3440x1440:3440x1440:R8G8B8A8_SRGB	ResourceId::23690
26470	ps	UI/Default	6	0	ResourceId::23686:SwapChain-BackBuffer-Texture-3440x1440:3440x1440:R8G8B8A8_SRGB	ResourceId::23690
26474	ps	UI/Default	6	0	ResourceId::23686:SwapChain-BackBuffer-Texture-3440x1440:3440x1440:R8G8B8A8_SRGB	ResourceId::23690
26478	ps	UI/Default	12	0	ResourceId::23686:SwapChain-BackBuffer-Texture-3440x1440:3440x1440:R8G8B8A8_SRGB	ResourceId::23690
26485	ps	UI/Default	60	0	ResourceId::23686:SwapChain-BackBuffer-Texture-3440x1440:3440x1440:R8G8B8A8_SRGB	ResourceId::23690
26492	ps	UI/Default	6	0	ResourceId::23686:SwapChain-BackBuffer-Texture-3440x1440:3440x1440:R8G8B8A8_SRGB	ResourceId::23690
26509	ps	UI/Default	420	0	ResourceId::23686:SwapChain-BackBuffer-Texture-3440x1440:3440x1440:R8G8B8A8_SRGB	ResourceId::23690