eid	stage	shader	indices	instances	color_targets	depth
394	ps	Shader Module 1129	3	1	ResourceId::1118:2D Color Attachment 1118:256x64:R11G11B10_FLOAT	ResourceId::0
403	ps	Shader Module 1134	3	1	ResourceId::1121:2D Color Attachment 1121:32x32:R11G11B10_FLOAT	ResourceId::0
412	ps	Shader Module 1141	3	1	ResourceId::1115:2D Color Attachment 1115:128x128:R11G11B10_FLOAT	ResourceId::0
417	cs	Shader Module 81524	0	0		ResourceId::0
421	cs	Shader Module 1671	0	0		ResourceId::0
424	cs	Shader Module 1673	0	0		ResourceId::0
428	cs	Shader Module 81548	0	0		ResourceId::0
432	cs	Shader Module 1678	0	0		ResourceId::0
435	cs	Shader Module 1680	0	0		ResourceId::0
439	cs	Shader Module 1697	0	0		ResourceId::0
442	cs	Shader Module 82642	0	0		ResourceId::0
452	ps	Shader Module 1702	3	1	ResourceId::121720:2D Color Attachment 121720:256x256:R16G16_UNORM	ResourceId::0
458	ps	Shader Module 95107	2496	4	ResourceId::121720:2D Color Attachment 121720:256x256:R16G16_UNORM	ResourceId::0
469	ps	Shader Module 81568	3	1		ResourceId::80936
475	ps	Shader Module 81570	3	1		ResourceId::80936
481	ps	Shader Module 61708	6	1		ResourceId::80936
486	ps	Shader Module 62258	20223	1		ResourceId::80936
490	ps	Shader Module 62258	17055	1		ResourceId::80936
495	ps	Shader Module 62258	22332	1		ResourceId::80936
499	ps	Shader Module 62258	14994	4		ResourceId::80936
503	ps	Shader Module 62258	17160	2		ResourceId::80936
507	ps	Shader Module 62258	23853	1		ResourceId::80936
511	ps	Shader Module 62258	5784	1		ResourceId::80936
516	ps	Shader Module 62258	8664	5		ResourceId::80936
520	ps	Shader Module 62258	4620	1		ResourceId::80936
524	ps	Shader Module 62258	10320	1		ResourceId::80936
528	ps	Shader Module 62258	6873	2		ResourceId::80936
534	ps	Shader Module 81573	1536	6		ResourceId::80936
549	ps	Shader Module 62258	5808	4		ResourceId::80918
553	ps	Shader Module 62258	2556	2		ResourceId::80918
557	ps	Shader Module 62258	6282	1		ResourceId::80918
561	ps	Shader Module 62258	5646	1		ResourceId::80918
565	ps	Shader Module 62258	2160	1		ResourceId::80918
570	ps	Shader Module 61708	6	1		ResourceId::80918
575	ps	Shader Module 61708	2997	5		ResourceId::80918
580	ps	Shader Module 61708	1710	1		ResourceId::80918
585	ps	Shader Module 62258	10692	1		ResourceId::80918
590	ps	Shader Module 62258	20223	2		ResourceId::80918
594	ps	Shader Module 62258	17055	10		ResourceId::80918
599	ps	Shader Module 62258	22332	1		ResourceId::80918
603	ps	Shader Module 62258	10566	1		ResourceId::80918
607	ps	Shader Module 62258	14994	3		ResourceId::80918
612	ps	Shader Module 62258	12708	2		ResourceId::80918
617	ps	Shader Module 62258	5526	3		ResourceId::80918
621	ps	Shader Module 62258	11910	2		ResourceId::80918
625	ps	Shader Module 62258	12780	7		ResourceId::80918
629	ps	Shader Module 62258	17160	4		ResourceId::80918
633	ps	Shader Module 62258	36	1		ResourceId::80918
638	ps	Shader Module 81583	810	15		ResourceId::80918
642	ps	Shader Module 81583	144	2		ResourceId::80918
646	ps	Shader Module 81583	252	2		ResourceId::80918
651	ps	Shader Module 62258	23208	3		ResourceId::80918
656	ps	Shader Module 62258	23853	2		ResourceId::80918
660	ps	Shader Module 62258	11811	3		ResourceId::80918
665	ps	Shader Module 62258	8664	1		ResourceId::80918
669	ps	Shader Module 62258	10320	1		ResourceId::80918
674	ps	Shader Module 61708	28104	1		ResourceId::80918
677	ps	Shader Module 61708	4290	1		ResourceId::80918
682	ps	Shader Module 14578	1368	1		ResourceId::80918
686	ps	Shader Module 14578	18642	1		ResourceId::80918
691	ps	Shader Module 14578	4500	1		ResourceId::80918
696	ps	Shader Module 14578	33846	1		ResourceId::80918
700	ps	Shader Module 14578	2280	1		ResourceId::80918
704	ps	Shader Module 14578	11520	1		ResourceId::80918
709	ps	Shader Module 14575	3132	1		ResourceId::80918
713	ps	Shader Module 14575	7596	1		ResourceId::80918
717	ps	Shader Module 14575	6537	1		ResourceId::80918
721	ps	Shader Module 14575	9804	1		ResourceId::80918
726	ps	Shader Module 14584	4797	1		ResourceId::80918
731	ps	Shader Module 14575	9282	1		ResourceId::80918
735	ps	Shader Module 14575	8718	1		ResourceId::80918
739	ps	Shader Module 14575	10590	1		ResourceId::80918
743	ps	Shader Module 14575	8502	1		ResourceId::80918
748	ps	Shader Module 14578	57693	1		ResourceId::80918
752	ps	Shader Module 14578	24768	1		ResourceId::80918
756	ps	Shader Module 14578	1779	1		ResourceId::80918
760	ps	Shader Module 14578	1026	1		ResourceId::80918
765	ps	Shader Module 14584	43773	1		ResourceId::80918
770	ps	Shader Module 14578	16953	1		ResourceId::80918
774	ps	Shader Module 14578	6876	1		ResourceId::80918
779	ps	Shader Module 14578	37839	1		ResourceId::80918
784	ps	Shader Module 14584	3468	1		ResourceId::80918
788	ps	Shader Module 14584	570	1		ResourceId::80918
793	ps	Shader Module 14578	942	1		ResourceId::80918
798	ps	Shader Module 14578	516	1		ResourceId::80918
803	ps	Shader Module 14578	6060	1		ResourceId::80918
807	ps	Shader Module 14578	19899	1		ResourceId::80918
812	ps	Shader Module 14582	32481	1		ResourceId::80918
816	ps	Shader Module 14582	20451	1		ResourceId::80918
820	ps	Shader Module 14582	29655	1		ResourceId::80918
824	ps	Shader Module 14582	15099	1		ResourceId::80918
829	ps	Shader Module 79995	5850	1		ResourceId::80918
834	ps	Shader Module 63406	573	1		ResourceId::80918
838	ps	Shader Module 63406	2172	15		ResourceId::80918
842	ps	Shader Module 63406	1608	2		ResourceId::80918
847	ps	Shader Module 63062	924	2		ResourceId::80918
852	ps	Shader Module 63406	180	6		ResourceId::80918
857	ps	Shader Module 63406	2169	3		ResourceId::80918
862	ps	Shader Module 63406	1056	2		ResourceId::80918
867	ps	Shader Module 71917	528	1		ResourceId::80918
874	ps	Shader Module 87606	1287	19		ResourceId::80918
878	ps	Shader Module 87606	750	20		ResourceId::80918
882	ps	Shader Module 87606	459	9		ResourceId::80918
887	ps	Shader Module 87608	186	3		ResourceId::80918
891	ps	Shader Module 87608	528	7		ResourceId::80918
898	ps	Shader Module 81690	180	6		ResourceId::80918
900	ps	Shader Module 81690	180	21		ResourceId::80918
910	ps	Shader Module 62258	5808	6		ResourceId::80918
914	ps	Shader Module 62258	2199	6		ResourceId::80918
918	ps	Shader Module 62258	2556	2		ResourceId::80918
922	ps	Shader Module 62258	603	5		ResourceId::80918
926	ps	Shader Module 62258	6282	1		ResourceId::80918
930	ps	Shader Module 62258	1524	2		ResourceId::80918
934	ps	Shader Module 62258	5646	1		ResourceId::80918
938	ps	Shader Module 62258	1302	2		ResourceId::80918
942	ps	Shader Module 62258	1284	2		ResourceId::80918
946	ps	Shader Module 62258	2160	1		ResourceId::80918
951	ps	Shader Module 61708	6	1		ResourceId::80918
956	ps	Shader Module 61708	2997	5		ResourceId::80918
961	ps	Shader Module 61708	1710	1		ResourceId::80918
966	ps	Shader Module 62258	10692	1		ResourceId::80918
971	ps	Shader Module 62258	20223	2		ResourceId::80918
975	ps	Shader Module 62258	17055	10		ResourceId::80918
980	ps	Shader Module 62258	22332	1		ResourceId::80918
984	ps	Shader Module 62258	10566	1		ResourceId::80918
988	ps	Shader Module 62258	14994	3		ResourceId::80918
993	ps	Shader Module 62258	12708	2		ResourceId::80918
998	ps	Shader Module 62258	5526	3		ResourceId::80918
1002	ps	Shader Module 62258	11910	3		ResourceId::80918
1006	ps	Shader Module 62258	2970	1		ResourceId::80918
1010	ps	Shader Module 62258	6330	4		ResourceId::80918
1014	ps	Shader Module 62258	12780	7		ResourceId::80918
1018	ps	Shader Module 62258	17160	4		ResourceId::80918
1022	ps	Shader Module 62258	36	1		ResourceId::80918
1027	ps	Shader Module 81583	810	26		ResourceId::80918
1031	ps	Shader Module 81583	144	4		ResourceId::80918
1036	ps	Shader Module 81583	468	1		ResourceId::80918
1041	ps	Shader Module 81583	252	5		ResourceId::80918
1045	ps	Shader Module 81583	324	1		ResourceId::80918
1050	ps	Shader Module 62430	594	1		ResourceId::80918
1055	ps	Shader Module 62258	23208	3		ResourceId::80918
1060	ps	Shader Module 62258	23853	2		ResourceId::80918
1064	ps	Shader Module 62258	11811	4		ResourceId::80918
1069	ps	Shader Module 62258	8664	1		ResourceId::80918
1073	ps	Shader Module 62258	10320	1		ResourceId::80918
1077	ps	Shader Module 62258	8022	1		ResourceId::80918
1082	ps	Shader Module 64285	21666	1		ResourceId::80918
1087	ps	Shader Module 61708	28104	1		ResourceId::80918
1092	ps	Shader Module 62258	447	2		ResourceId::80918
1097	ps	Shader Module 61708	4290	1		ResourceId::80918
1102	ps	Shader Module 93420	2490	1		ResourceId::80918
1107	ps	Shader Module 93420	408	4		ResourceId::80918
1112	ps	Shader Module 60754	3852	1		ResourceId::80918
1117	ps	Shader Module 60924	4728	1		ResourceId::80918
1122	ps	Shader Module 14578	1368	1		ResourceId::80918
1126	ps	Shader Module 14578	18642	1		ResourceId::80918
1131	ps	Shader Module 14578	4500	1		ResourceId::80918
1136	ps	Shader Module 14578	33846	1		ResourceId::80918
1140	ps	Shader Module 14578	2280	1		ResourceId::80918
1144	ps	Shader Module 14578	11520	1		ResourceId::80918
1149	ps	Shader Module 14575	3132	1		ResourceId::80918
1153	ps	Shader Module 14575	7596	1		ResourceId::80918
1157	ps	Shader Module 14575	6537	1		ResourceId::80918
1161	ps	Shader Module 14575	9804	1		ResourceId::80918
1166	ps	Shader Module 14584	4797	1		ResourceId::80918
1171	ps	Shader Module 14575	9282	1		ResourceId::80918
1175	ps	Shader Module 14575	8718	1		ResourceId::80918
1179	ps	Shader Module 14575	10590	1		ResourceId::80918
1183	ps	Shader Module 14575	8502	1		ResourceId::80918
1188	ps	Shader Module 14578	57693	1		ResourceId::80918
1192	ps	Shader Module 14578	24768	1		ResourceId::80918
1196	ps	Shader Module 14578	1779	1		ResourceId::80918
1200	ps	Shader Module 14578	1026	1		ResourceId::80918
1205	ps	Shader Module 14584	43773	1		ResourceId::80918
1210	ps	Shader Module 14578	16953	1		ResourceId::80918
1214	ps	Shader Module 14578	6876	1		ResourceId::80918
1219	ps	Shader Module 14578	37839	1		ResourceId::80918
1224	ps	Shader Module 14584	9768	1		ResourceId::80918
1229	ps	Shader Module 14584	3468	1		ResourceId::80918
1233	ps	Shader Module 14584	570	1		ResourceId::80918
1238	ps	Shader Module 14578	942	1		ResourceId::80918
1243	ps	Shader Module 14578	516	1		ResourceId::80918
1248	ps	Shader Module 14578	6060	1		ResourceId::80918
1252	ps	Shader Module 14578	19899	1		ResourceId::80918
1257	ps	Shader Module 14582	32481	1		ResourceId::80918
1261	ps	Shader Module 14582	20451	1		ResourceId::80918
1265	ps	Shader Module 14582	29655	1		ResourceId::80918
1269	ps	Shader Module 14582	15099	1		ResourceId::80918
1274	ps	Shader Module 79995	5850	1		ResourceId::80918
1279	ps	Shader Module 63059	39	1		ResourceId::80918
1283	ps	Shader Module 63059	24	1		ResourceId::80918
1287	ps	Shader Module 63059	18	1		ResourceId::80918
1291	ps	Shader Module 63059	18	1		ResourceId::80918
1296	ps	Shader Module 63406	573	29		ResourceId::80918
1300	ps	Shader Module 63406	2172	26		ResourceId::80918
1304	ps	Shader Module 63406	1608	4		ResourceId::80918
1309	ps	Shader Module 63406	2502	1		ResourceId::80918
1314	ps	Shader Module 63062	924	5		ResourceId::80918
1319	ps	Shader Module 63059	30	1		ResourceId::80918
1324	ps	Shader Module 63406	180	6		ResourceId::80918
1329	ps	Shader Module 63406	2169	3		ResourceId::80918
1334	ps	Shader Module 63406	1056	5		ResourceId::80918
1338	ps	Shader Module 63406	789	1		ResourceId::80918
1343	ps	Shader Module 64061	3198	1		ResourceId::80918
1348	ps	Shader Module 71917	528	1		ResourceId::80918
1355	ps	Shader Module 81600	24	12		ResourceId::80918
1360	ps	Shader Module 87606	1287	19		ResourceId::80918
1364	ps	Shader Module 87606	375	15		ResourceId::80918
1368	ps	Shader Module 87606	750	20		ResourceId::80918
1372	ps	Shader Module 87606	459	9		ResourceId::80918
1377	ps	Shader Module 87608	186	5		ResourceId::80918
1381	ps	Shader Module 87608	528	7		ResourceId::80918
1388	ps	Shader Module 81600	54	5		ResourceId::80918
1393	ps	Shader Module 81690	180	11		ResourceId::80918
1395	ps	Shader Module 81690	180	27		ResourceId::80918
1405	ps	Shader Module 62258	36	1		ResourceId::80918
1410	ps	Shader Module 62258	5808	6		ResourceId::80918
1414	ps	Shader Module 62258	2199	7		ResourceId::80918
1418	ps	Shader Module 62258	1302	1		ResourceId::80918
1422	ps	Shader Module 62258	9441	1		ResourceId::80918
1426	ps	Shader Module 62258	735	2		ResourceId::80918
1431	ps	Shader Module 62258	336	1		ResourceId::80918
1433	ps	Shader Module 62258	144	1		ResourceId::80918
1438	ps	Shader Module 62258	2556	2		ResourceId::80918
1442	ps	Shader Module 62258	603	13		ResourceId::80918
1446	ps	Shader Module 62258	6282	1		ResourceId::80918
1450	ps	Shader Module 62258	1524	3		ResourceId::80918
1454	ps	Shader Module 62258	5646	1		ResourceId::80918
1458	ps	Shader Module 62258	1302	3		ResourceId::80918
1462	ps	Shader Module 62258	1284	5		ResourceId::80918
1466	ps	Shader Module 62258	2160	1		ResourceId::80918
1470	ps	Shader Module 62258	834	2		ResourceId::80918
1475	ps	Shader Module 62258	132	2		ResourceId::80918
1479	ps	Shader Module 62258	1290	1		ResourceId::80918
1481	ps	Shader Module 62258	216	1		ResourceId::80918
1486	ps	Shader Module 61708	6	2		ResourceId::80918
1491	ps	Shader Module 61708	2997	5		ResourceId::80918
1496	ps	Shader Module 62258	10692	1		ResourceId::80918
1500	ps	Shader Module 62258	972	2		ResourceId::80918
1505	ps	Shader Module 62258	20223	2		ResourceId::80918
1509	ps	Shader Module 62258	12036	2		ResourceId::80918
1513	ps	Shader Module 62258	17055	10		ResourceId::80918
1518	ps	Shader Module 62258	22332	1		ResourceId::80918
1522	ps	Shader Module 62258	11058	2		ResourceId::80918
1526	ps	Shader Module 62258	10566	1		ResourceId::80918
1530	ps	Shader Module 62258	654	2		ResourceId::80918
1534	ps	Shader Module 62258	14994	6		ResourceId::80918
1538	ps	Shader Module 62258	7494	6		ResourceId::80918
1542	ps	Shader Module 62258	3738	5		ResourceId::80918
1547	ps	Shader Module 62258	12708	2		ResourceId::80918
1552	ps	Shader Module 62258	4287	1		ResourceId::80918
1556	ps	Shader Module 62258	2424	3		ResourceId::80918
1560	ps	Shader Module 62258	1434	1		ResourceId::80918
1564	ps	Shader Module 62258	5526	6		ResourceId::80918
1568	ps	Shader Module 62258	2742	5		ResourceId::80918
1572	ps	Shader Module 62258	1413	2		ResourceId::80918
1576	ps	Shader Module 62258	11910	3		ResourceId::80918
1580	ps	Shader Module 62258	2970	3		ResourceId::80918
1584	ps	Shader Module 62258	5874	1		ResourceId::80918
1588	ps	Shader Module 62258	864	1		ResourceId::80918
1593	ps	Shader Module 62258	936	1		ResourceId::80918
1597	ps	Shader Module 62258	2178	1		ResourceId::80918
1601	ps	Shader Module 62258	3942	1		ResourceId::80918
1606	ps	Shader Module 62258	744	1		ResourceId::80918
1611	ps	Shader Module 62258	3174	1		ResourceId::80918
1615	ps	Shader Module 62258	6330	9		ResourceId::80918
1619	ps	Shader Module 62258	12780	7		ResourceId::80918
1623	ps	Shader Module 62258	17160	5		ResourceId::80918
1627	ps	Shader Module 62258	36	1		ResourceId::80918
1632	ps	Shader Module 81583	810	32		ResourceId::80918
1637	ps	Shader Module 81583	6948	1		ResourceId::80918
1642	ps	Shader Module 81583	144	5		ResourceId::80918
1647	ps	Shader Module 81583	468	1		ResourceId::80918
1652	ps	Shader Module 81583	810	2		ResourceId::80918
1657	ps	Shader Module 81583	7815	1		ResourceId::80918
1661	ps	Shader Module 81583	432	5		ResourceId::80918
1666	ps	Shader Module 81583	252	8		ResourceId::80918
1670	ps	Shader Module 81583	324	5		ResourceId::80918
1675	ps	Shader Module 62258	84	1		ResourceId::80918
1680	ps	Shader Module 62258	23208	3		ResourceId::80918
1684	ps	Shader Module 62258	9498	1		ResourceId::80918
1689	ps	Shader Module 62258	23853	3		ResourceId::80918
1693	ps	Shader Module 62258	11811	4		ResourceId::80918
1698	ps	Shader Module 62258	8664	1		ResourceId::80918
1702	ps	Shader Module 62258	10320	1		ResourceId::80918
1706	ps	Shader Module 62258	8022	1		ResourceId::80918
1710	ps	Shader Module 62258	3879	1		ResourceId::80918
1714	ps	Shader Module 62258	1896	1		ResourceId::80918
1718	ps	Shader Module 62258	1542	1		ResourceId::80918
1723	ps	Shader Module 64285	8895	1		ResourceId::80918
1727	ps	Shader Module 64285	1623	1		ResourceId::80918
1731	ps	Shader Module 64285	21666	1		ResourceId::80918
1735	ps	Shader Module 64285	6861	1		ResourceId::80918
1739	ps	Shader Module 64285	3855	1		ResourceId::80918
1744	ps	Shader Module 62258	1176	1		ResourceId::80918
1749	ps	Shader Module 61708	28104	1		ResourceId::80918
1754	ps	Shader Module 62258	150	4		ResourceId::80918
1758	ps	Shader Module 62258	447	2		ResourceId::80918
1763	ps	Shader Module 61708	4290	1		ResourceId::80918
1768	ps	Shader Module 93420	2490	1		ResourceId::80918
1773	ps	Shader Module 93420	408	4		ResourceId::80918
1778	ps	Shader Module 60754	3852	1		ResourceId::80918
1782	ps	Shader Module 60754	2412	1		ResourceId::80918
1787	ps	Shader Module 60924	4728	1		ResourceId::80918
1792	ps	Shader Module 63059	39	1		ResourceId::80918
1796	ps	Shader Module 63059	57	2		ResourceId::80918
1800	ps	Shader Module 63059	24	1		ResourceId::80918
1804	ps	Shader Module 63059	18	1		ResourceId::80918
1808	ps	Shader Module 63059	18	1		ResourceId::80918
1812	ps	Shader Module 63059	24	1		ResourceId::80918
1817	ps	Shader Module 63406	573	63		ResourceId::80918
1821	ps	Shader Module 63406	2172	32		ResourceId::80918
1825	ps	Shader Module 63406	1608	5		ResourceId::80918
1830	ps	Shader Module 63406	2502	1		ResourceId::80918
1835	ps	Shader Module 63406	2172	2		ResourceId::80918
1840	ps	Shader Module 63062	924	17		ResourceId::80918
1845	ps	Shader Module 63059	30	8		ResourceId::80918
1850	ps	Shader Module 63406	180	4		ResourceId::80918
1852	ps	Shader Module 63406	180	7		ResourceId::80918
1857	ps	Shader Module 63406	3648	1		ResourceId::80918
1861	ps	Shader Module 63406	3048	1		ResourceId::80918
1865	ps	Shader Module 63406	1668	5		ResourceId::80918
1869	ps	Shader Module 63406	2169	6		ResourceId::80918
1874	ps	Shader Module 63406	1056	8		ResourceId::80918
1878	ps	Shader Module 63406	789	5		ResourceId::80918
1883	ps	Shader Module 63062	666	1		ResourceId::80918
1888	ps	Shader Module 63059	48	10		ResourceId::80918
1892	ps	Shader Module 63059	30	18		ResourceId::80918
1896	ps	Shader Module 63059	36	8		ResourceId::80918
1901	ps	Shader Module 71344	228	3		ResourceId::80918
1906	ps	Shader Module 71917	528	1		ResourceId::80918
1911	ps	Shader Module 63062	108	3		ResourceId::80918
1915	ps	Shader Module 63062	543	7		ResourceId::80918
1920	ps	Shader Module 63062	294	25		ResourceId::80918
1925	ps	Shader Module 72973	153	2		ResourceId::80918
1929	ps	Shader Module 72973	282	3		ResourceId::80918
1934	ps	Shader Module 76053	12	6		ResourceId::80918
1938	ps	Shader Module 76053	12	3		ResourceId::80918
1942	ps	Shader Module 76053	12	9		ResourceId::80918
1949	ps	Shader Module 81600	24	26		ResourceId::80918
1953	ps	Shader Module 81600	12	1		ResourceId::80918
1957	ps	Shader Module 81600	24	25		ResourceId::80918
1962	ps	Shader Module 87606	1287	19		ResourceId::80918
1966	ps	Shader Module 87606	375	31		ResourceId::80918
1970	ps	Shader Module 87606	750	20		ResourceId::80918
1974	ps	Shader Module 87606	459	9		ResourceId::80918
1979	ps	Shader Module 87608	528	7		ResourceId::80918
1983	ps	Shader Module 87608	186	5		ResourceId::80918
1988	ps	Shader Module 87606	162	12		ResourceId::80918
1993	ps	Shader Module 87606	150	48		ResourceId::80918
1997	ps	Shader Module 87606	153	34		ResourceId::80918
2004	ps	Shader Module 81600	54	17		ResourceId::80918
2009	ps	Shader Module 81690	180	17		ResourceId::80918
2011	ps	Shader Module 81690	180	32		ResourceId::80918
2026	ps	Shader Module 14580	840	1		ResourceId::116834
2031	ps	Shader Module 14580	1356	1		ResourceId::116834
2036	ps	Shader Module 14575	10590	1		ResourceId::116834
2041	ps	Shader Module 14578	14958	1		ResourceId::116834
2045	ps	Shader Module 14578	59679	1		ResourceId::116834
2049	ps	Shader Module 14578	2766	1		ResourceId::116834
2054	ps	Shader Module 14575	23220	1		ResourceId::116834
2059	ps	Shader Module 14578	888	1		ResourceId::116834
2064	ps	Shader Module 14578	14280	1		ResourceId::116834
2068	ps	Shader Module 14578	46845	1		ResourceId::116834
2073	ps	Shader Module 79995	18471	1		ResourceId::116834
2078	ps	Shader Module 14582	41307	1		ResourceId::116834
2083	ps	Shader Module 14589	3378	1		ResourceId::116834
2093	ps	Shader Module 14580	948	1		ResourceId::116834
2098	ps	Shader Module 14580	1878	1		ResourceId::116834
2103	ps	Shader Module 14578	4500	1		ResourceId::116834
2108	ps	Shader Module 14575	6537	1		ResourceId::116834
2112	ps	Shader Module 14575	8718	1		ResourceId::116834
2117	ps	Shader Module 14578	16953	1		ResourceId::116834
2121	ps	Shader Module 14578	6876	1		ResourceId::116834
2126	ps	Shader Module 14578	37839	1		ResourceId::116834
2131	ps	Shader Module 14582	29655	1		ResourceId::116834
2136	ps	Shader Module 14589	3582	1		ResourceId::116834
2146	ps	Shader Module 14580	996	1		ResourceId::116834
2151	ps	Shader Module 14580	2598	1		ResourceId::116834
2156	ps	Shader Module 14575	7596	1		ResourceId::116834
2161	ps	Shader Module 14584	4797	1		ResourceId::116834
2166	ps	Shader Module 14575	9282	1		ResourceId::116834
2171	ps	Shader Module 14578	24768	1		ResourceId::116834
2175	ps	Shader Module 14578	1779	1		ResourceId::116834
2179	ps	Shader Module 14578	1026	1		ResourceId::116834
2184	ps	Shader Module 14584	43773	1		ResourceId::116834
2189	ps	Shader Module 14582	20451	1		ResourceId::116834
2194	ps	Shader Module 14589	1860	1		ResourceId::116834
2198	ps	Shader Module 14589	1026	1		ResourceId::116834
2203	ps	Shader Module 79995	540	1		ResourceId::116834
2213	ps	Shader Module 14580	948	1		ResourceId::116834
2218	ps	Shader Module 14580	1434	1		ResourceId::116834
2223	ps	Shader Module 14578	1368	1		ResourceId::116834
2227	ps	Shader Module 14578	18642	1		ResourceId::116834
2232	ps	Shader Module 14575	3132	1		ResourceId::116834
2236	ps	Shader Module 14575	8502	1		ResourceId::116834
2241	ps	Shader Module 14578	57693	1		ResourceId::116834
2246	ps	Shader Module 14582	32481	1		ResourceId::116834
2251	ps	Shader Module 14589	840	1		ResourceId::116834
2256	cs	Shader Module 81825	0	0		ResourceId::0
2260	cs	Shader Module 81830	0	0		ResourceId::0
2270	ps	Shader Module 81834	1536	56	ResourceId::121924:2D Color Attachment 121924:3440x1440:R32_FLOAT	ResourceId::121886
2276	ps	Shader Module 81834	1536	105	ResourceId::121924:2D Color Attachment 121924:3440x1440:R32_FLOAT	ResourceId::121886
2287	ps	Shader Module 93757	144	1		ResourceId::121886
2289	ps	Shader Module 93757	144	1		ResourceId::121886
2293	ps	Shader Module 93757	168	1		ResourceId::121886
2295	ps	Shader Module 93757	168	1		ResourceId::121886
2297	ps	Shader Module 93757	168	1		ResourceId::121886
2303	ps	Shader Module 87628	6	1		ResourceId::121886
2307	ps	Shader Module 87628	6	9		ResourceId::121886
2311	ps	Shader Module 87628	12	2		ResourceId::121886
2315	ps	Shader Module 87628	12	4		ResourceId::121886
2321	ps	Shader Module 81838	24	1		ResourceId::121886
2326	ps	Shader Module 81838	39	15		ResourceId::121886
2330	ps	Shader Module 81838	54	256		ResourceId::121886
2332	ps	Shader Module 81838	54	1		ResourceId::121886
2334	ps	Shader Module 81838	54	7		ResourceId::121886
2338	ps	Shader Module 81838	45	5		ResourceId::121886
2342	ps	Shader Module 81838	33	1		ResourceId::121886
2346	ps	Shader Module 81838	24	24		ResourceId::121886
2350	ps	Shader Module 81838	18	6		ResourceId::121886
2354	ps	Shader Module 81838	18	4		ResourceId::121886
2358	ps	Shader Module 81838	54	3		ResourceId::121886
2362	ps	Shader Module 81838	45	1		ResourceId::121886
2366	ps	Shader Module 81838	12	1		ResourceId::121886
2370	ps	Shader Module 81838	18	1		ResourceId::121886
2374	ps	Shader Module 81838	18	11		ResourceId::121886
2378	ps	Shader Module 81838	18	16		ResourceId::121886
2382	ps	Shader Module 81838	30	3		ResourceId::121886
2386	ps	Shader Module 81838	18	6		ResourceId::121886
2390	ps	Shader Module 81838	18	5		ResourceId::121886
2394	ps	Shader Module 81838	33	2		ResourceId::121886
2398	ps	Shader Module 81838	30	12		ResourceId::121886
2402	ps	Shader Module 81838	30	44		ResourceId::121886
2406	ps	Shader Module 81838	24	17		ResourceId::121886
2410	ps	Shader Module 81838	42	2		ResourceId::121886
2414	ps	Shader Module 81838	39	5		ResourceId::121886
2418	ps	Shader Module 81838	12	8		ResourceId::121886
2422	ps	Shader Module 81838	24	13		ResourceId::121886
2426	ps	Shader Module 81838	12	1		ResourceId::121886
2430	ps	Shader Module 81838	12	8		ResourceId::121886
2434	ps	Shader Module 81838	39	8		ResourceId::121886
2438	ps	Shader Module 81838	90	1		ResourceId::121886
2442	ps	Shader Module 81838	24	5		ResourceId::121886
2446	ps	Shader Module 81838	63	1		ResourceId::121886
2450	ps	Shader Module 81838	36	4		ResourceId::121886
2455	ps	Shader Module 87632	573	8		ResourceId::121886
2460	ps	Shader Module 87632	294	21		ResourceId::121886
2462	ps	Shader Module 87632	294	1		ResourceId::121886
2467	ps	Shader Module 87632	19332	13		ResourceId::121886
2471	ps	Shader Module 87632	2172	13		ResourceId::121886
2473	ps	Shader Module 87632	2172	2		ResourceId::121886
2477	ps	Shader Module 87632	13650	6		ResourceId::121886
2481	ps	Shader Module 87632	8316	12		ResourceId::121886
2485	ps	Shader Module 87632	4716	2		ResourceId::121886
2489	ps	Shader Module 87632	2424	2		ResourceId::121886
2493	ps	Shader Module 87632	1608	3		ResourceId::121886
2497	ps	Shader Module 87632	7053	2		ResourceId::121886
2502	ps	Shader Module 87632	2502	1		ResourceId::121886
2506	ps	Shader Module 87632	11070	1		ResourceId::121886
2511	ps	Shader Module 87632	2172	3		ResourceId::121886
2515	ps	Shader Module 87632	9468	2		ResourceId::121886
2519	ps	Shader Module 87632	594	4		ResourceId::121886
2523	ps	Shader Module 87632	519	2		ResourceId::121886
2527	ps	Shader Module 87632	9	3		ResourceId::121886
2531	ps	Shader Module 87632	9	1		ResourceId::121886
2536	ps	Shader Module 87634	7272	2		ResourceId::121886
2540	ps	Shader Module 87634	924	12		ResourceId::121886
2544	ps	Shader Module 87634	1776	1		ResourceId::121886
2549	ps	Shader Module 81838	30	76		ResourceId::121886
2553	ps	Shader Module 81838	30	2		ResourceId::121886
2557	ps	Shader Module 81838	63	5		ResourceId::121886
2561	ps	Shader Module 81838	24	7		ResourceId::121886
2565	ps	Shader Module 81838	36	4		ResourceId::121886
2570	ps	Shader Module 87610	180	51		ResourceId::121886
2572	ps	Shader Module 87610	180	4		ResourceId::121886
2576	ps	Shader Module 87610	3648	1		ResourceId::121886
2580	ps	Shader Module 87610	1125	4		ResourceId::121886
2584	ps	Shader Module 87610	1944	2		ResourceId::121886
2588	ps	Shader Module 87610	3048	1		ResourceId::121886
2592	ps	Shader Module 87610	1668	26		ResourceId::121886
2596	ps	Shader Module 87610	2169	12		ResourceId::121886
2601	ps	Shader Module 87615	45	1		ResourceId::121886
2605	ps	Shader Module 87615	54	7		ResourceId::121886
2610	ps	Shader Module 87617	4836	2		ResourceId::121886
2614	ps	Shader Module 87617	1056	3		ResourceId::121886
2618	ps	Shader Module 87617	3792	1		ResourceId::121886
2622	ps	Shader Module 87617	2082	3		ResourceId::121886
2626	ps	Shader Module 87617	789	3		ResourceId::121886
2631	ps	Shader Module 87619	3198	1		ResourceId::121886
2636	ps	Shader Module 87621	471	2		ResourceId::121886
2640	ps	Shader Module 87621	108	1		ResourceId::121886
2644	ps	Shader Module 87621	543	3		ResourceId::121886
2649	ps	Shader Module 81838	48	5		ResourceId::121886
2653	ps	Shader Module 81838	30	36		ResourceId::121886
2657	ps	Shader Module 81838	24	10		ResourceId::121886
2661	ps	Shader Module 81838	36	10		ResourceId::121886
2666	ps	Shader Module 87623	333	1		ResourceId::121886
2670	ps	Shader Module 87623	60	1		ResourceId::121886
2675	ps	Shader Module 87623	228	4		ResourceId::121886
2680	ps	Shader Module 87621	1164	1		ResourceId::121886
2685	ps	Shader Module 87621	1371	1		ResourceId::121886
2689	ps	Shader Module 87621	294	27		ResourceId::121886
2694	ps	Shader Module 87630	12	4		ResourceId::121886
2700	ps	Shader Module 94564	672	1		ResourceId::121886
2702	ps	Shader Module 94564	672	1		ResourceId::121886
2704	ps	Shader Module 94564	672	1		ResourceId::121886
2708	ps	Shader Module 94564	576	1		ResourceId::121886
2710	ps	Shader Module 94564	576	1		ResourceId::121886
2712	ps	Shader Module 94564	576	1		ResourceId::121886
2718	ps	Shader Module 87636	12	1		ResourceId::121886
2722	ps	Shader Module 87636	36	658		ResourceId::121886
2725	ps	Shader Module 87636	36	188		ResourceId::121886
2729	ps	Shader Module 87636	24	512		ResourceId::121886
2733	ps	Shader Module 87636	24	25		ResourceId::121886
2738	ps	Shader Module 87638	1287	9		ResourceId::121886
2742	ps	Shader Module 87638	4998	10		ResourceId::121886
2746	ps	Shader Module 87638	459	9		ResourceId::121886
2750	ps	Shader Module 87638	1500	7		ResourceId::121886
2754	ps	Shader Module 87638	750	13		ResourceId::121886
2758	ps	Shader Module 87638	375	31		ResourceId::121886
2763	ps	Shader Module 87638	186	2		ResourceId::121886
2767	ps	Shader Module 87638	528	3		ResourceId::121886
2771	ps	Shader Module 87638	1164	7		ResourceId::121886
2776	ps	Shader Module 87638	153	13		ResourceId::121886
2780	ps	Shader Module 87638	150	18		ResourceId::121886
2785	ps	Shader Module 87640	24	163		ResourceId::121886
2789	ps	Shader Module 87640	18	659		ResourceId::121886
2792	ps	Shader Module 87640	18	678		ResourceId::121886
2795	ps	Shader Module 87640	18	252		ResourceId::121886
2799	ps	Shader Module 87640	12	668		ResourceId::121886
2802	ps	Shader Module 87640	12	679		ResourceId::121886
2805	ps	Shader Module 87640	12	681		ResourceId::121886
2808	ps	Shader Module 87640	12	165		ResourceId::121886
2812	ps	Shader Module 87640	18	267		ResourceId::121886
2816	ps	Shader Module 87640	12	73		ResourceId::121886
2820	ps	Shader Module 87640	18	219		ResourceId::121886
2825	ps	Shader Module 87642	291	51		ResourceId::121886
2830	ps	Shader Module 87642	96	15		ResourceId::121886
2835	ps	Shader Module 87642	156	111		ResourceId::121886
2839	ps	Shader Module 87642	84	348		ResourceId::121886
2844	ps	Shader Module 87644	120	99		ResourceId::121886
2848	ps	Shader Module 87644	78	449		ResourceId::121886
2852	ps	Shader Module 87644	240	131		ResourceId::121886
2856	ps	Shader Module 87644	120	136		ResourceId::121886
2860	ps	Shader Module 87644	60	666		ResourceId::121886
2863	ps	Shader Module 87644	60	59		ResourceId::121886
2867	ps	Shader Module 87644	84	111		ResourceId::121886
2871	ps	Shader Module 87644	270	10		ResourceId::121886
2875	ps	Shader Module 87644	558	21		ResourceId::121886
2881	ps	Shader Module 87636	54	152		ResourceId::121886
2883	ps	Shader Module 87636	54	20		ResourceId::121886
2888	ps	Shader Module 87659	180	6		ResourceId::121886
2890	ps	Shader Module 87659	180	16		ResourceId::121886
2894	ps	Shader Module 87659	696	1		ResourceId::121886
2898	ps	Shader Module 87659	342	10		ResourceId::121886
2909	ps	Shader Module 87661	948	1	ResourceId::121930:2D Color Attachment 121930:3440x1440:R11G11B10_FLOAT;ResourceId::121921:2D Color Attachment 121921:3440x1440:R10G10B10A2_UNORM;ResourceId::121918:2D Color Attachment 121918:3440x1440:R10G10B10A2_UNORM;ResourceId::121912:2D Color Attachment 121912:3440x1440:R10G10B10A2_UNORM;ResourceId::121915:2D Color Attachment 121915:3440x1440:R8G8B8A8_SRGB	ResourceId::121886
2913	ps	Shader Module 87661	996	1	ResourceId::121930:2D Color Attachment 121930:3440x1440:R11G11B10_FLOAT;ResourceId::121921:2D Color Attachment 121921:3440x1440:R10G10B10A2_UNORM;ResourceId::121918:2D Color Attachment 121918:3440x1440:R10G10B10A2_UNORM;ResourceId::121912:2D Color Attachment 121912:3440x1440:R10G10B10A2_UNORM;ResourceId::121915:2D Color Attachment 121915:3440x1440:R8G8B8A8_SRGB	ResourceId::121886
2917	ps	Shader Module 87661	948	1	ResourceId::121930:2D Color Attachment 121930:3440x1440:R11G11B10_FLOAT;ResourceId::121921:2D Color Attachment 121921:3440x1440:R10G10B10A2_UNORM;ResourceId::121918:2D Color Attachment 121918:3440x1440:R10G10B10A2_UNORM;ResourceId::121912:2D Color Attachment 121912:3440x1440:R10G10B10A2_UNORM;ResourceId::121915:2D Color Attachment 121915:3440x1440:R8G8B8A8_SRGB	ResourceId::121886
2922	ps	Shader Module 87661	840	1	ResourceId::121930:2D Color Attachment 121930:3440x1440:R11G11B10_FLOAT;ResourceId::121921:2D Color Attachment 121921:3440x1440:R10G10B10A2_UNORM;ResourceId::121918:2D Color Attachment 121918:3440x1440:R10G10B10A2_UNORM;ResourceId::121912:2D Color Attachment 121912:3440x1440:R10G10B10A2_UNORM;ResourceId::121915:2D Color Attachment 121915:3440x1440:R8G8B8A8_SRGB	ResourceId::121886
2927	ps	Shader Module 87661	1434	1	ResourceId::121930:2D Color Attachment 121930:3440x1440:R11G11B10_FLOAT;ResourceId::121921:2D Color Attachment 121921:3440x1440:R10G10B10A2_UNORM;ResourceId::121918:2D Color Attachment 121918:3440x1440:R10G10B10A2_UNORM;ResourceId::121912:2D Color Attachment 121912:3440x1440:R10G10B10A2_UNORM;ResourceId::121915:2D Color Attachment 121915:3440x1440:R8G8B8A8_SRGB	ResourceId::121886
2931	ps	Shader Module 87661	2598	1	ResourceId::121930:2D Color Attachment 121930:3440x1440:R11G11B10_FLOAT;ResourceId::121921:2D Color Attachment 121921:3440x1440:R10G10B10A2_UNORM;ResourceId::121918:2D Color Attachment 121918:3440x1440:R10G10B10A2_UNORM;ResourceId::121912:2D Color Attachment 121912:3440x1440:R10G10B10A2_UNORM;ResourceId::121915:2D Color Attachment 121915:3440x1440:R8G8B8A8_SRGB	ResourceId::121886
2936	ps	Shader Module 87661	1878	1	ResourceId::121930:2D Color Attachment 121930:3440x1440:R11G11B10_FLOAT;ResourceId::121921:2D Color Attachment 121921:3440x1440:R10G10B10A2_UNORM;ResourceId::121918:2D Color Attachment 121918:3440x1440:R10G10B10A2_UNORM;ResourceId::121912:2D Color Attachment 121912:3440x1440:R10G10B10A2_UNORM;ResourceId::121915:2D Color Attachment 121915:3440x1440:R8G8B8A8_SRGB	ResourceId::121886
2940	ps	Shader Module 87661	1356	1	ResourceId::121930:2D Color Attachment 121930:3440x1440:R11G11B10_FLOAT;ResourceId::121921:2D Color Attachment 121921:3440x1440:R10G10B10A2_UNORM;ResourceId::121918:2D Color Attachment 121918:3440x1440:R10G10B10A2_UNORM;ResourceId::121912:2D Color Attachment 121912:3440x1440:R10G10B10A2_UNORM;ResourceId::121915:2D Color Attachment 121915:3440x1440:R8G8B8A8_SRGB	ResourceId::121886
2946	ps	Shader Module 87664	10590	1	ResourceId::121930:2D Color Attachment 121930:3440x1440:R11G11B10_FLOAT;ResourceId::121921:2D Color Attachment 121921:3440x1440:R10G10B10A2_UNORM;ResourceId::121918:2D Color Attachment 121918:3440x1440:R10G10B10A2_UNORM;ResourceId::121912:2D Color Attachment 121912:3440x1440:R10G10B10A2_UNORM;ResourceId::121915:2D Color Attachment 121915:3440x1440:R8G8B8A8_SRGB	ResourceId::121886
2951	ps	Shader Module 87666	1368	1	ResourceId::121930:2D Color Attachment 121930:3440x1440:R11G11B10_FLOAT;ResourceId::121921:2D Color Attachment 121921:3440x1440:R10G10B10A2_UNORM;ResourceId::121918:2D Color Attachment 121918:3440x1440:R10G10B10A2_UNORM;ResourceId::121912:2D Color Attachment 121912:3440x1440:R10G10B10A2_UNORM;ResourceId::121915:2D Color Attachment 121915:3440x1440:R8G8B8A8_SRGB	ResourceId::121886
2955	ps	Shader Module 87666	18642	1	ResourceId::121930:2D Color Attachment 121930:3440x1440:R11G11B10_FLOAT;ResourceId::121921:2D Color Attachment 121921:3440x1440:R10G10B10A2_UNORM;ResourceId::121918:2D Color Attachment 121918:3440x1440:R10G10B10A2_UNORM;ResourceId::121912:2D Color Attachment 121912:3440x1440:R10G10B10A2_UNORM;ResourceId::121915:2D Color Attachment 121915:3440x1440:R8G8B8A8_SRGB	ResourceId::121886
2960	ps	Shader Module 87666	4500	1	ResourceId::121930:2D Color Attachment 121930:3440x1440:R11G11B10_FLOAT;ResourceId::121921:2D Color Attachment 121921:3440x1440:R10G10B10A2_UNORM;ResourceId::121918:2D Color Attachment 121918:3440x1440:R10G10B10A2_UNORM;ResourceId::121912:2D Color Attachment 121912:3440x1440:R10G10B10A2_UNORM;ResourceId::121915:2D Color Attachment 121915:3440x1440:R8G8B8A8_SRGB	ResourceId::121886
2965	ps	Shader Module 87666	14958	1	ResourceId::121930:2D Color Attachment 121930:3440x1440:R11G11B10_FLOAT;ResourceId::121921:2D Color Attachment 121921:3440x1440:R10G10B10A2_UNORM;ResourceId::121918:2D Color Attachment 121918:3440x1440:R10G10B10A2_UNORM;ResourceId::121912:2D Color Attachment 121912:3440x1440:R10G10B10A2_UNORM;ResourceId::121915:2D Color Attachment 121915:3440x1440:R8G8B8A8_SRGB	ResourceId::121886
2969	ps	Shader Module 87666	59679	1	ResourceId::121930:2D Color Attachment 121930:3440x1440:R11G11B10_FLOAT;ResourceId::121921:2D Color Attachment 121921:3440x1440:R10G10B10A2_UNORM;ResourceId::121918:2D Color Attachment 121918:3440x1440:R10G10B10A2_UNORM;ResourceId::121912:2D Color Attachment 121912:3440x1440:R10G10B10A2_UNORM;ResourceId::121915:2D Color Attachment 121915:3440x1440:R8G8B8A8_SRGB	ResourceId::121886
2973	ps	Shader Module 87666	2766	1	ResourceId::121930:2D Color Attachment 121930:3440x1440:R11G11B10_FLOAT;ResourceId::121921:2D Color Attachment 121921:3440x1440:R10G10B10A2_UNORM;ResourceId::121918:2D Color Attachment 121918:3440x1440:R10G10B10A2_UNORM;ResourceId::121912:2D Color Attachment 121912:3440x1440:R10G10B10A2_UNORM;ResourceId::121915:2D Color Attachment 121915:3440x1440:R8G8B8A8_SRGB	ResourceId::121886
2978	ps	Shader Module 87671	3132	1	ResourceId::121930:2D Color Attachment 121930:3440x1440:R11G11B10_FLOAT;ResourceId::121921:2D Color Attachment 121921:3440x1440:R10G10B10A2_UNORM;ResourceId::121918:2D Color Attachment 121918:3440x1440:R10G10B10A2_UNORM;ResourceId::121912:2D Color Attachment 121912:3440x1440:R10G10B10A2_UNORM;ResourceId::121915:2D Color Attachment 121915:3440x1440:R8G8B8A8_SRGB	ResourceId::121886
2982	ps	Shader Module 87671	7596	1	ResourceId::121930:2D Color Attachment 121930:3440x1440:R11G11B10_FLOAT;ResourceId::121921:2D Color Attachment 121921:3440x1440:R10G10B10A2_UNORM;ResourceId::121918:2D Color Attachment 121918:3440x1440:R10G10B10A2_UNORM;ResourceId::121912:2D Color Attachment 121912:3440x1440:R10G10B10A2_UNORM;ResourceId::121915:2D Color Attachment 121915:3440x1440:R8G8B8A8_SRGB	ResourceId::121886
2986	ps	Shader Module 87671	6537	1	ResourceId::121930:2D Color Attachment 121930:3440x1440:R11G11B10_FLOAT;ResourceId::121921:2D Color Attachment 121921:3440x1440:R10G10B10A2_UNORM;ResourceId::121918:2D Color Attachment 121918:3440x1440:R10G10B10A2_UNORM;ResourceId::121912:2D Color Attachment 121912:3440x1440:R10G10B10A2_UNORM;ResourceId::121915:2D Color Attachment 121915:3440x1440:R8G8B8A8_SRGB	ResourceId::121886
2991	ps	Shader Module 87671	23220	1	ResourceId::121930:2D Color Attachment 121930:3440x1440:R11G11B10_FLOAT;ResourceId::121921:2D Color Attachment 121921:3440x1440:R10G10B10A2_UNORM;ResourceId::121918:2D Color Attachment 121918:3440x1440:R10G10B10A2_UNORM;ResourceId::121912:2D Color Attachment 121912:3440x1440:R10G10B10A2_UNORM;ResourceId::121915:2D Color Attachment 121915:3440x1440:R8G8B8A8_SRGB	ResourceId::121886
2996	ps	Shader Module 87675	4797	1	ResourceId::121930:2D Color Attachment 121930:3440x1440:R11G11B10_FLOAT;ResourceId::121921:2D Color Attachment 121921:3440x1440:R10G10B10A2_UNORM;ResourceId::121918:2D Color Attachment 121918:3440x1440:R10G10B10A2_UNORM;ResourceId::121912:2D Color Attachment 121912:3440x1440:R10G10B10A2_UNORM;ResourceId::121915:2D Color Attachment 121915:3440x1440:R8G8B8A8_SRGB	ResourceId::121886
3001	ps	Shader Module 87664	9282	1	ResourceId::121930:2D Color Attachment 121930:3440x1440:R11G11B10_FLOAT;ResourceId::121921:2D Color Attachment 121921:3440x1440:R10G10B10A2_UNORM;ResourceId::121918:2D Color Attachment 121918:3440x1440:R10G10B10A2_UNORM;ResourceId::121912:2D Color Attachment 121912:3440x1440:R10G10B10A2_UNORM;ResourceId::121915:2D Color Attachment 121915:3440x1440:R8G8B8A8_SRGB	ResourceId::121886
3005	ps	Shader Module 87664	8718	1	ResourceId::121930:2D Color Attachment 121930:3440x1440:R11G11B10_FLOAT;ResourceId::121921:2D Color Attachment 121921:3440x1440:R10G10B10A2_UNORM;ResourceId::121918:2D Color Attachment 121918:3440x1440:R10G10B10A2_UNORM;ResourceId::121912:2D Color Attachment 121912:3440x1440:R10G10B10A2_UNORM;ResourceId::121915:2D Color Attachment 121915:3440x1440:R8G8B8A8_SRGB	ResourceId::121886
3010	ps	Shader Module 87666	1026	1	ResourceId::121930:2D Color Attachment 121930:3440x1440:R11G11B10_FLOAT;ResourceId::121921:2D Color Attachment 121921:3440x1440:R10G10B10A2_UNORM;ResourceId::121918:2D Color Attachment 121918:3440x1440:R10G10B10A2_UNORM;ResourceId::121912:2D Color Attachment 121912:3440x1440:R10G10B10A2_UNORM;ResourceId::121915:2D Color Attachment 121915:3440x1440:R8G8B8A8_SRGB	ResourceId::121886
3015	ps	Shader Module 87671	8502	1	ResourceId::121930:2D Color Attachment 121930:3440x1440:R11G11B10_FLOAT;ResourceId::121921:2D Color Attachment 121921:3440x1440:R10G10B10A2_UNORM;ResourceId::121918:2D Color Attachment 121918:3440x1440:R10G10B10A2_UNORM;ResourceId::121912:2D Color Attachment 121912:3440x1440:R10G10B10A2_UNORM;ResourceId::121915:2D Color Attachment 121915:3440x1440:R8G8B8A8_SRGB	ResourceId::121886
3020	ps	Shader Module 87666	57693	1	ResourceId::121930:2D Color Attachment 121930:3440x1440:R11G11B10_FLOAT;ResourceId::121921:2D Color Attachment 121921:3440x1440:R10G10B10A2_UNORM;ResourceId::121918:2D Color Attachment 121918:3440x1440:R10G10B10A2_UNORM;ResourceId::121912:2D Color Attachment 121912:3440x1440:R10G10B10A2_UNORM;ResourceId::121915:2D Color Attachment 121915:3440x1440:R8G8B8A8_SRGB	ResourceId::121886
3024	ps	Shader Module 87666	24768	1	ResourceId::121930:2D Color Attachment 121930:3440x1440:R11G11B10_FLOAT;ResourceId::121921:2D Color Attachment 121921:3440x1440:R10G10B10A2_UNORM;ResourceId::121918:2D Color Attachment 121918:3440x1440:R10G10B10A2_UNORM;ResourceId::121912:2D Color Attachment 121912:3440x1440:R10G10B10A2_UNORM;ResourceId::121915:2D Color Attachment 121915:3440x1440:R8G8B8A8_SRGB	ResourceId::121886
3028	ps	Shader Module 87666	1779	1	ResourceId::121930:2D Color Attachment 121930:3440x1440:R11G11B10_FLOAT;ResourceId::121921:2D Color Attachment 121921:3440x1440:R10G10B10A2_UNORM;ResourceId::121918:2D Color Attachment 121918:3440x1440:R10G10B10A2_UNORM;ResourceId::121912:2D Color Attachment 121912:3440x1440:R10G10B10A2_UNORM;ResourceId::121915:2D Color Attachment 121915:3440x1440:R8G8B8A8_SRGB	ResourceId::121886
3033	ps	Shader Module 87675	43773	1	ResourceId::121930:2D Color Attachment 121930:3440x1440:R11G11B10_FLOAT;ResourceId::121921:2D Color Attachment 121921:3440x1440:R10G10B10A2_UNORM;ResourceId::121918:2D Color Attachment 121918:3440x1440:R10G10B10A2_UNORM;ResourceId::121912:2D Color Attachment 121912:3440x1440:R10G10B10A2_UNORM;ResourceId::121915:2D Color Attachment 121915:3440x1440:R8G8B8A8_SRGB	ResourceId::121886
3038	ps	Shader Module 87666	16953	1	ResourceId::121930:2D Color Attachment 121930:3440x1440:R11G11B10_FLOAT;ResourceId::121921:2D Color Attachment 121921:3440x1440:R10G10B10A2_UNORM;ResourceId::121918:2D Color Attachment 121918:3440x1440:R10G10B10A2_UNORM;ResourceId::121912:2D Color Attachment 121912:3440x1440:R10G10B10A2_UNORM;ResourceId::121915:2D Color Attachment 121915:3440x1440:R8G8B8A8_SRGB	ResourceId::121886
3042	ps	Shader Module 87666	6876	1	ResourceId::121930:2D Color Attachment 121930:3440x1440:R11G11B10_FLOAT;ResourceId::121921:2D Color Attachment 121921:3440x1440:R10G10B10A2_UNORM;ResourceId::121918:2D Color Attachment 121918:3440x1440:R10G10B10A2_UNORM;ResourceId::121912:2D Color Attachment 121912:3440x1440:R10G10B10A2_UNORM;ResourceId::121915:2D Color Attachment 121915:3440x1440:R8G8B8A8_SRGB	ResourceId::121886
3047	ps	Shader Module 87666	37839	1	ResourceId::121930:2D Color Attachment 121930:3440x1440:R11G11B10_FLOAT;ResourceId::121921:2D Color Attachment 121921:3440x1440:R10G10B10A2_UNORM;ResourceId::121918:2D Color Attachment 121918:3440x1440:R10G10B10A2_UNORM;ResourceId::121912:2D Color Attachment 121912:3440x1440:R10G10B10A2_UNORM;ResourceId::121915:2D Color Attachment 121915:3440x1440:R8G8B8A8_SRGB	ResourceId::121886
3052	ps	Shader Module 87675	9768	1	ResourceId::121930:2D Color Attachment 121930:3440x1440:R11G11B10_FLOAT;ResourceId::121921:2D Color Attachment 121921:3440x1440:R10G10B10A2_UNORM;ResourceId::121918:2D Color Attachment 121918:3440x1440:R10G10B10A2_UNORM;ResourceId::121912:2D Color Attachment 121912:3440x1440:R10G10B10A2_UNORM;ResourceId::121915:2D Color Attachment 121915:3440x1440:R8G8B8A8_SRGB	ResourceId::121886
3057	ps	Shader Module 87675	3468	1	ResourceId::121930:2D Color Attachment 121930:3440x1440:R11G11B10_FLOAT;ResourceId::121921:2D Color Attachment 121921:3440x1440:R10G10B10A2_UNORM;ResourceId::121918:2D Color Attachment 121918:3440x1440:R10G10B10A2_UNORM;ResourceId::121912:2D Color Attachment 121912:3440x1440:R10G10B10A2_UNORM;ResourceId::121915:2D Color Attachment 121915:3440x1440:R8G8B8A8_SRGB	ResourceId::121886
3061	ps	Shader Module 87675	570	1	ResourceId::121930:2D Color Attachment 121930:3440x1440:R11G11B10_FLOAT;ResourceId::121921:2D Color Attachment 121921:3440x1440:R10G10B10A2_UNORM;ResourceId::121918:2D Color Attachment 121918:3440x1440:R10G10B10A2_UNORM;ResourceId::121912:2D Color Attachment 121912:3440x1440:R10G10B10A2_UNORM;ResourceId::121915:2D Color Attachment 121915:3440x1440:R8G8B8A8_SRGB	ResourceId::121886
3066	ps	Shader Module 87666	942	1	ResourceId::121930:2D Color Attachment 121930:3440x1440:R11G11B10_FLOAT;ResourceId::121921:2D Color Attachment 121921:3440x1440:R10G10B10A2_UNORM;ResourceId::121918:2D Color Attachment 121918:3440x1440:R10G10B10A2_UNORM;ResourceId::121912:2D Color Attachment 121912:3440x1440:R10G10B10A2_UNORM;ResourceId::121915:2D Color Attachment 121915:3440x1440:R8G8B8A8_SRGB	ResourceId::121886
3071	ps	Shader Module 87666	888	1	ResourceId::121930:2D Color Attachment 121930:3440x1440:R11G11B10_FLOAT;ResourceId::121921:2D Color Attachment 121921:3440x1440:R10G10B10A2_UNORM;ResourceId::121918:2D Color Attachment 121918:3440x1440:R10G10B10A2_UNORM;ResourceId::121912:2D Color Attachment 121912:3440x1440:R10G10B10A2_UNORM;ResourceId::121915:2D Color Attachment 121915:3440x1440:R8G8B8A8_SRGB	ResourceId::121886
3076	ps	Shader Module 87666	14280	1	ResourceId::121930:2D Color Attachment 121930:3440x1440:R11G11B10_FLOAT;ResourceId::121921:2D Color Attachment 121921:3440x1440:R10G10B10A2_UNORM;ResourceId::121918:2D Color Attachment 121918:3440x1440:R10G10B10A2_UNORM;ResourceId::121912:2D Color Attachment 121912:3440x1440:R10G10B10A2_UNORM;ResourceId::121915:2D Color Attachment 121915:3440x1440:R8G8B8A8_SRGB	ResourceId::121886
3080	ps	Shader Module 87666	46845	1	ResourceId::121930:2D Color Attachment 121930:3440x1440:R11G11B10_FLOAT;ResourceId::121921:2D Color Attachment 121921:3440x1440:R10G10B10A2_UNORM;ResourceId::121918:2D Color Attachment 121918:3440x1440:R10G10B10A2_UNORM;ResourceId::121912:2D Color Attachment 121912:3440x1440:R10G10B10A2_UNORM;ResourceId::121915:2D Color Attachment 121915:3440x1440:R8G8B8A8_SRGB	ResourceId::121886
3086	ps	Shader Module 87682	32481	1	ResourceId::121930:2D Color Attachment 121930:3440x1440:R11G11B10_FLOAT;ResourceId::121921:2D Color Attachment 121921:3440x1440:R10G10B10A2_UNORM;ResourceId::121918:2D Color Attachment 121918:3440x1440:R10G10B10A2_UNORM;ResourceId::121912:2D Color Attachment 121912:3440x1440:R10G10B10A2_UNORM;ResourceId::121915:2D Color Attachment 121915:3440x1440:R8G8B8A8_SRGB	ResourceId::121886
3090	ps	Shader Module 87682	20451	1	ResourceId::121930:2D Color Attachment 121930:3440x1440:R11G11B10_FLOAT;ResourceId::121921:2D Color Attachment 121921:3440x1440:R10G10B10A2_UNORM;ResourceId::121918:2D Color Attachment 121918:3440x1440:R10G10B10A2_UNORM;ResourceId::121912:2D Color Attachment 121912:3440x1440:R10G10B10A2_UNORM;ResourceId::121915:2D Color Attachment 121915:3440x1440:R8G8B8A8_SRGB	ResourceId::121886
3094	ps	Shader Module 87682	29655	1	ResourceId::121930:2D Color Attachment 121930:3440x1440:R11G11B10_FLOAT;ResourceId::121921:2D Color Attachment 121921:3440x1440:R10G10B10A2_UNORM;ResourceId::121918:2D Color Attachment 121918:3440x1440:R10G10B10A2_UNORM;ResourceId::121912:2D Color Attachment 121912:3440x1440:R10G10B10A2_UNORM;ResourceId::121915:2D Color Attachment 121915:3440x1440:R8G8B8A8_SRGB	ResourceId::121886
3100	ps	Shader Module 87677	41307	1	ResourceId::121930:2D Color Attachment 121930:3440x1440:R11G11B10_FLOAT;ResourceId::121921:2D Color Attachment 121921:3440x1440:R10G10B10A2_UNORM;ResourceId::121918:2D Color Attachment 121918:3440x1440:R10G10B10A2_UNORM;ResourceId::121912:2D Color Attachment 121912:3440x1440:R10G10B10A2_UNORM;ResourceId::121915:2D Color Attachment 121915:3440x1440:R8G8B8A8_SRGB	ResourceId::121886
3105	ps	Shader Module 115420	18471	1	ResourceId::121930:2D Color Attachment 121930:3440x1440:R11G11B10_FLOAT;ResourceId::121921:2D Color Attachment 121921:3440x1440:R10G10B10A2_UNORM;ResourceId::121918:2D Color Attachment 121918:3440x1440:R10G10B10A2_UNORM;ResourceId::121912:2D Color Attachment 121912:3440x1440:R10G10B10A2_UNORM;ResourceId::121915:2D Color Attachment 121915:3440x1440:R8G8B8A8_SRGB	ResourceId::121886
3111	ps	Shader Module 109280	4797	1	ResourceId::121930:2D Color Attachment 121930:3440x1440:R11G11B10_FLOAT;ResourceId::121921:2D Color Attachment 121921:3440x1440:R10G10B10A2_UNORM;ResourceId::121918:2D Color Attachment 121918:3440x1440:R10G10B10A2_UNORM;ResourceId::121912:2D Color Attachment 121912:3440x1440:R10G10B10A2_UNORM;ResourceId::121915:2D Color Attachment 121915:3440x1440:R8G8B8A8_SRGB	ResourceId::121886
3116	ps	Shader Module 109173	43773	1	ResourceId::121930:2D Color Attachment 121930:3440x1440:R11G11B10_FLOAT;ResourceId::121921:2D Color Attachment 121921:3440x1440:R10G10B10A2_UNORM;ResourceId::121918:2D Color Attachment 121918:3440x1440:R10G10B10A2_UNORM;ResourceId::121912:2D Color Attachment 121912:3440x1440:R10G10B10A2_UNORM;ResourceId::121915:2D Color Attachment 121915:3440x1440:R8G8B8A8_SRGB	ResourceId::121886
3121	ps	Shader Module 87709	41307	1	ResourceId::121930:2D Color Attachment 121930:3440x1440:R11G11B10_FLOAT;ResourceId::121921:2D Color Attachment 121921:3440x1440:R10G10B10A2_UNORM;ResourceId::121918:2D Color Attachment 121918:3440x1440:R10G10B10A2_UNORM;ResourceId::121912:2D Color Attachment 121912:3440x1440:R10G10B10A2_UNORM;ResourceId::121915:2D Color Attachment 121915:3440x1440:R8G8B8A8_SRGB	ResourceId::121886
3127	ps	Shader Module 81846	951	1	ResourceId::121930:2D Color Attachment 121930:3440x1440:R11G11B10_FLOAT;ResourceId::121921:2D Color Attachment 121921:3440x1440:R10G10B10A2_UNORM;ResourceId::121918:2D Color Attachment 121918:3440x1440:R10G10B10A2_UNORM;ResourceId::121912:2D Color Attachment 121912:3440x1440:R10G10B10A2_UNORM;ResourceId::121915:2D Color Attachment 121915:3440x1440:R8G8B8A8_SRGB	ResourceId::121886
3131	ps	Shader Module 81846	1680	1	ResourceId::121930:2D Color Attachment 121930:3440x1440:R11G11B10_FLOAT;ResourceId::121921:2D Color Attachment 121921:3440x1440:R10G10B10A2_UNORM;ResourceId::121918:2D Color Attachment 121918:3440x1440:R10G10B10A2_UNORM;ResourceId::121912:2D Color Attachment 121912:3440x1440:R10G10B10A2_UNORM;ResourceId::121915:2D Color Attachment 121915:3440x1440:R8G8B8A8_SRGB	ResourceId::121886
3135	ps	Shader Module 81846	2193	1	ResourceId::121930:2D Color Attachment 121930:3440x1440:R11G11B10_FLOAT;ResourceId::121921:2D Color Attachment 121921:3440x1440:R10G10B10A2_UNORM;ResourceId::121918:2D Color Attachment 121918:3440x1440:R10G10B10A2_UNORM;ResourceId::121912:2D Color Attachment 121912:3440x1440:R10G10B10A2_UNORM;ResourceId::121915:2D Color Attachment 121915:3440x1440:R8G8B8A8_SRGB	ResourceId::121886
3139	ps	Shader Module 81846	903	1	ResourceId::121930:2D Color Attachment 121930:3440x1440:R11G11B10_FLOAT;ResourceId::121921:2D Color Attachment 121921:3440x1440:R10G10B10A2_UNORM;ResourceId::121918:2D Color Attachment 121918:3440x1440:R10G10B10A2_UNORM;ResourceId::121912:2D Color Attachment 121912:3440x1440:R10G10B10A2_UNORM;ResourceId::121915:2D Color Attachment 121915:3440x1440:R8G8B8A8_SRGB	ResourceId::121886
3143	ps	Shader Module 81846	654	1	ResourceId::121930:2D Color Attachment 121930:3440x1440:R11G11B10_FLOAT;ResourceId::121921:2D Color Attachment 121921:3440x1440:R10G10B10A2_UNORM;ResourceId::121918:2D Color Attachment 121918:3440x1440:R10G10B10A2_UNORM;ResourceId::121912:2D Color Attachment 121912:3440x1440:R10G10B10A2_UNORM;ResourceId::121915:2D Color Attachment 121915:3440x1440:R8G8B8A8_SRGB	ResourceId::121886
3147	ps	Shader Module 81846	1227	1	ResourceId::121930:2D Color Attachment 121930:3440x1440:R11G11B10_FLOAT;ResourceId::121921:2D Color Attachment 121921:3440x1440:R10G10B10A2_UNORM;ResourceId::121918:2D Color Attachment 121918:3440x1440:R10G10B10A2_UNORM;ResourceId::121912:2D Color Attachment 121912:3440x1440:R10G10B10A2_UNORM;ResourceId::121915:2D Color Attachment 121915:3440x1440:R8G8B8A8_SRGB	ResourceId::121886
3151	ps	Shader Module 81846	177	1	ResourceId::121930:2D Color Attachment 121930:3440x1440:R11G11B10_FLOAT;ResourceId::121921:2D Color Attachment 121921:3440x1440:R10G10B10A2_UNORM;ResourceId::121918:2D Color Attachment 121918:3440x1440:R10G10B10A2_UNORM;ResourceId::121912:2D Color Attachment 121912:3440x1440:R10G10B10A2_UNORM;ResourceId::121915:2D Color Attachment 121915:3440x1440:R8G8B8A8_SRGB	ResourceId::121886
3155	ps	Shader Module 81846	606	1	ResourceId::121930:2D Color Attachment 121930:3440x1440:R11G11B10_FLOAT;ResourceId::121921:2D Color Attachment 121921:3440x1440:R10G10B10A2_UNORM;ResourceId::121918:2D Color Attachment 121918:3440x1440:R10G10B10A2_UNORM;ResourceId::121912:2D Color Attachment 121912:3440x1440:R10G10B10A2_UNORM;ResourceId::121915:2D Color Attachment 121915:3440x1440:R8G8B8A8_SRGB	ResourceId::121886
3159	ps	Shader Module 81846	312	1	ResourceId::121930:2D Color Attachment 121930:3440x1440:R11G11B10_FLOAT;ResourceId::121921:2D Color Attachment 121921:3440x1440:R10G10B10A2_UNORM;ResourceId::121918:2D Color Attachment 121918:3440x1440:R10G10B10A2_UNORM;ResourceId::121912:2D Color Attachment 121912:3440x1440:R10G10B10A2_UNORM;ResourceId::121915:2D Color Attachment 121915:3440x1440:R8G8B8A8_SRGB	ResourceId::121886
3163	ps	Shader Module 81846	4011	1	ResourceId::121930:2D Color Attachment 121930:3440x1440:R11G11B10_FLOAT;ResourceId::121921:2D Color Attachment 121921:3440x1440:R10G10B10A2_UNORM;ResourceId::121918:2D Color Attachment 121918:3440x1440:R10G10B10A2_UNORM;ResourceId::121912:2D Color Attachment 121912:3440x1440:R10G10B10A2_UNORM;ResourceId::121915:2D Color Attachment 121915:3440x1440:R8G8B8A8_SRGB	ResourceId::121886
3167	ps	Shader Module 81846	1800	1	ResourceId::121930:2D Color Attachment 121930:3440x1440:R11G11B10_FLOAT;ResourceId::121921:2D Color Attachment 121921:3440x1440:R10G10B10A2_UNORM;ResourceId::121918:2D Color Attachment 121918:3440x1440:R10G10B10A2_UNORM;ResourceId::121912:2D Color Attachment 121912:3440x1440:R10G10B10A2_UNORM;ResourceId::121915:2D Color Attachment 121915:3440x1440:R8G8B8A8_SRGB	ResourceId::121886
3171	ps	Shader Module 81846	1119	1	ResourceId::121930:2D Color Attachment 121930:3440x1440:R11G11B10_FLOAT;ResourceId::121921:2D Color Attachment 121921:3440x1440:R10G10B10A2_UNORM;ResourceId::121918:2D Color Attachment 121918:3440x1440:R10G10B10A2_UNORM;ResourceId::121912:2D Color Attachment 121912:3440x1440:R10G10B10A2_UNORM;ResourceId::121915:2D Color Attachment 121915:3440x1440:R8G8B8A8_SRGB	ResourceId::121886
3175	ps	Shader Module 81846	3507	1	ResourceId::121930:2D Color Attachment 121930:3440x1440:R11G11B10_FLOAT;ResourceId::121921:2D Color Attachment 121921:3440x1440:R10G10B10A2_UNORM;ResourceId::121918:2D Color Attachment 121918:3440x1440:R10G10B10A2_UNORM;ResourceId::121912:2D Color Attachment 121912:3440x1440:R10G10B10A2_UNORM;ResourceId::121915:2D Color Attachment 121915:3440x1440:R8G8B8A8_SRGB	ResourceId::121886
3179	ps	Shader Module 81846	2526	1	ResourceId::121930:2D Color Attachment 121930:3440x1440:R11G11B10_FLOAT;ResourceId::121921:2D Color Attachment 121921:3440x1440:R10G10B10A2_UNORM;ResourceId::121918:2D Color Attachment 121918:3440x1440:R10G10B10A2_UNORM;ResourceId::121912:2D Color Attachment 121912:3440x1440:R10G10B10A2_UNORM;ResourceId::121915:2D Color Attachment 121915:3440x1440:R8G8B8A8_SRGB	ResourceId::121886
3183	ps	Shader Module 81846	615	1	ResourceId::121930:2D Color Attachment 121930:3440x1440:R11G11B10_FLOAT;ResourceId::121921:2D Color Attachment 121921:3440x1440:R10G10B10A2_UNORM;ResourceId::121918:2D Color Attachment 121918:3440x1440:R10G10B10A2_UNORM;ResourceId::121912:2D Color Attachment 121912:3440x1440:R10G10B10A2_UNORM;ResourceId::121915:2D Color Attachment 121915:3440x1440:R8G8B8A8_SRGB	ResourceId::121886
3187	ps	Shader Module 81846	2019	1	ResourceId::121930:2D Color Attachment 121930:3440x1440:R11G11B10_FLOAT;ResourceId::121921:2D Color Attachment 121921:3440x1440:R10G10B10A2_UNORM;ResourceId::121918:2D Color Attachment 121918:3440x1440:R10G10B10A2_UNORM;ResourceId::121912:2D Color Attachment 121912:3440x1440:R10G10B10A2_UNORM;ResourceId::121915:2D Color Attachment 121915:3440x1440:R8G8B8A8_SRGB	ResourceId::121886
3191	ps	Shader Module 81846	2217	1	ResourceId::121930:2D Color Attachment 121930:3440x1440:R11G11B10_FLOAT;ResourceId::121921:2D Color Attachment 121921:3440x1440:R10G10B10A2_UNORM;ResourceId::121918:2D Color Attachment 121918:3440x1440:R10G10B10A2_UNORM;ResourceId::121912:2D Color Attachment 121912:3440x1440:R10G10B10A2_UNORM;ResourceId::121915:2D Color Attachment 121915:3440x1440:R8G8B8A8_SRGB	ResourceId::121886
3195	ps	Shader Module 81846	2574	1	ResourceId::121930:2D Color Attachment 121930:3440x1440:R11G11B10_FLOAT;ResourceId::121921:2D Color Attachment 121921:3440x1440:R10G10B10A2_UNORM;ResourceId::121918:2D Color Attachment 121918:3440x1440:R10G10B10A2_UNORM;ResourceId::121912:2D Color Attachment 121912:3440x1440:R10G10B10A2_UNORM;ResourceId::121915:2D Color Attachment 121915:3440x1440:R8G8B8A8_SRGB	ResourceId::121886
3199	ps	Shader Module 81846	3279	1	ResourceId::121930:2D Color Attachment 121930:3440x1440:R11G11B10_FLOAT;ResourceId::121921:2D Color Attachment 121921:3440x1440:R10G10B10A2_UNORM;ResourceId::121918:2D Color Attachment 121918:3440x1440:R10G10B10A2_UNORM;ResourceId::121912:2D Color Attachment 121912:3440x1440:R10G10B10A2_UNORM;ResourceId::121915:2D Color Attachment 121915:3440x1440:R8G8B8A8_SRGB	ResourceId::121886
3203	ps	Shader Module 81846	2469	1	ResourceId::121930:2D Color Attachment 121930:3440x1440:R11G11B10_FLOAT;ResourceId::121921:2D Color Attachment 121921:3440x1440:R10G10B10A2_UNORM;ResourceId::121918:2D Color Attachment 121918:3440x1440:R10G10B10A2_UNORM;ResourceId::121912:2D Color Attachment 121912:3440x1440:R10G10B10A2_UNORM;ResourceId::121915:2D Color Attachment 121915:3440x1440:R8G8B8A8_SRGB	ResourceId::121886
3207	ps	Shader Module 81846	1341	1	ResourceId::121930:2D Color Attachment 121930:3440x1440:R11G11B10_FLOAT;ResourceId::121921:2D Color Attachment 121921:3440x1440:R10G10B10A2_UNORM;ResourceId::121918:2D Color Attachment 121918:3440x1440:R10G10B10A2_UNORM;ResourceId::121912:2D Color Attachment 121912:3440x1440:R10G10B10A2_UNORM;ResourceId::121915:2D Color Attachment 121915:3440x1440:R8G8B8A8_SRGB	ResourceId::121886
3211	ps	Shader Module 81846	4398	1	ResourceId::121930:2D Color Attachment 121930:3440x1440:R11G11B10_FLOAT;ResourceId::121921:2D Color Attachment 121921:3440x1440:R10G10B10A2_UNORM;ResourceId::121918:2D Color Attachment 121918:3440x1440:R10G10B10A2_UNORM;ResourceId::121912:2D Color Attachment 121912:3440x1440:R10G10B10A2_UNORM;ResourceId::121915:2D Color Attachment 121915:3440x1440:R8G8B8A8_SRGB	ResourceId::121886
3215	ps	Shader Module 81846	462	1	ResourceId::121930:2D Color Attachment 121930:3440x1440:R11G11B10_FLOAT;ResourceId::121921:2D Color Attachment 121921:3440x1440:R10G10B10A2_UNORM;ResourceId::121918:2D Color Attachment 121918:3440x1440:R10G10B10A2_UNORM;ResourceId::121912:2D Color Attachment 121912:3440x1440:R10G10B10A2_UNORM;ResourceId::121915:2D Color Attachment 121915:3440x1440:R8G8B8A8_SRGB	ResourceId::121886
3219	ps	Shader Module 81846	879	1	ResourceId::121930:2D Color Attachment 121930:3440x1440:R11G11B10_FLOAT;ResourceId::121921:2D Color Attachment 121921:3440x1440:R10G10B10A2_UNORM;ResourceId::121918:2D Color Attachment 121918:3440x1440:R10G10B10A2_UNORM;ResourceId::121912:2D Color Attachment 121912:3440x1440:R10G10B10A2_UNORM;ResourceId::121915:2D Color Attachment 121915:3440x1440:R8G8B8A8_SRGB	ResourceId::121886
3223	ps	Shader Module 81846	1065	1	ResourceId::121930:2D Color Attachment 121930:3440x1440:R11G11B10_FLOAT;ResourceId::121921:2D Color Attachment 121921:3440x1440:R10G10B10A2_UNORM;ResourceId::121918:2D Color Attachment 121918:3440x1440:R10G10B10A2_UNORM;ResourceId::121912:2D Color Attachment 121912:3440x1440:R10G10B10A2_UNORM;ResourceId::121915:2D Color Attachment 121915:3440x1440:R8G8B8A8_SRGB	ResourceId::121886
3227	ps	Shader Module 81846	1080	1	ResourceId::121930:2D Color Attachment 121930:3440x1440:R11G11B10_FLOAT;ResourceId::121921:2D Color Attachment 121921:3440x1440:R10G10B10A2_UNORM;ResourceId::121918:2D Color Attachment 121918:3440x1440:R10G10B10A2_UNORM;ResourceId::121912:2D Color Attachment 121912:3440x1440:R10G10B10A2_UNORM;ResourceId::121915:2D Color Attachment 121915:3440x1440:R8G8B8A8_SRGB	ResourceId::121886
3231	ps	Shader Module 81846	2496	1	ResourceId::121930:2D Color Attachment 121930:3440x1440:R11G11B10_FLOAT;ResourceId::121921:2D Color Attachment 121921:3440x1440:R10G10B10A2_UNORM;ResourceId::121918:2D Color Attachment 121918:3440x1440:R10G10B10A2_UNORM;ResourceId::121912:2D Color Attachment 121912:3440x1440:R10G10B10A2_UNORM;ResourceId::121915:2D Color Attachment 121915:3440x1440:R8G8B8A8_SRGB	ResourceId::121886
3235	ps	Shader Module 81846	3141	1	ResourceId::121930:2D Color Attachment 121930:3440x1440:R11G11B10_FLOAT;ResourceId::121921:2D Color Attachment 121921:3440x1440:R10G10B10A2_UNORM;ResourceId::121918:2D Color Attachment 121918:3440x1440:R10G10B10A2_UNORM;ResourceId::121912:2D Color Attachment 121912:3440x1440:R10G10B10A2_UNORM;ResourceId::121915:2D Color Attachment 121915:3440x1440:R8G8B8A8_SRGB	ResourceId::121886
3239	ps	Shader Module 81846	2433	1	ResourceId::121930:2D Color Attachment 121930:3440x1440:R11G11B10_FLOAT;ResourceId::121921:2D Color Attachment 121921:3440x1440:R10G10B10A2_UNORM;ResourceId::121918:2D Color Attachment 121918:3440x1440:R10G10B10A2_UNORM;ResourceId::121912:2D Color Attachment 121912:3440x1440:R10G10B10A2_UNORM;ResourceId::121915:2D Color Attachment 121915:3440x1440:R8G8B8A8_SRGB	ResourceId::121886
3243	ps	Shader Module 81846	2961	1	ResourceId::121930:2D Color Attachment 121930:3440x1440:R11G11B10_FLOAT;ResourceId::121921:2D Color Attachment 121921:3440x1440:R10G10B10A2_UNORM;ResourceId::121918:2D Color Attachment 121918:3440x1440:R10G10B10A2_UNORM;ResourceId::121912:2D Color Attachment 121912:3440x1440:R10G10B10A2_UNORM;ResourceId::121915:2D Color Attachment 121915:3440x1440:R8G8B8A8_SRGB	ResourceId::121886
3247	ps	Shader Module 81846	873	1	ResourceId::121930:2D Color Attachment 121930:3440x1440:R11G11B10_FLOAT;ResourceId::121921:2D Color Attachment 121921:3440x1440:R10G10B10A2_UNORM;ResourceId::121918:2D Color Attachment 121918:3440x1440:R10G10B10A2_UNORM;ResourceId::121912:2D Color Attachment 121912:3440x1440:R10G10B10A2_UNORM;ResourceId::121915:2D Color Attachment 121915:3440x1440:R8G8B8A8_SRGB	ResourceId::121886
3251	ps	Shader Module 81846	108	1	ResourceId::121930:2D Color Attachment 121930:3440x1440:R11G11B10_FLOAT;ResourceId::121921:2D Color Attachment 121921:3440x1440:R10G10B10A2_UNORM;ResourceId::121918:2D Color Attachment 121918:3440x1440:R10G10B10A2_UNORM;ResourceId::121912:2D Color Attachment 121912:3440x1440:R10G10B10A2_UNORM;ResourceId::121915:2D Color Attachment 121915:3440x1440:R8G8B8A8_SRGB	ResourceId::121886
3255	ps	Shader Module 81846	984	1	ResourceId::121930:2D Color Attachment 121930:3440x1440:R11G11B10_FLOAT;ResourceId::121921:2D Color Attachment 121921:3440x1440:R10G10B10A2_UNORM;ResourceId::121918:2D Color Attachment 121918:3440x1440:R10G10B10A2_UNORM;ResourceId::121912:2D Color Attachment 121912:3440x1440:R10G10B10A2_UNORM;ResourceId::121915:2D Color Attachment 121915:3440x1440:R8G8B8A8_SRGB	ResourceId::121886
3259	ps	Shader Module 81846	921	1	ResourceId::121930:2D Color Attachment 121930:3440x1440:R11G11B10_FLOAT;ResourceId::121921:2D Color Attachment 121921:3440x1440:R10G10B10A2_UNORM;ResourceId::121918:2D Color Attachment 121918:3440x1440:R10G10B10A2_UNORM;ResourceId::121912:2D Color Attachment 121912:3440x1440:R10G10B10A2_UNORM;ResourceId::121915:2D Color Attachment 121915:3440x1440:R8G8B8A8_SRGB	ResourceId::121886
3263	ps	Shader Module 81846	3864	1	ResourceId::121930:2D Color Attachment 121930:3440x1440:R11G11B10_FLOAT;ResourceId::121921:2D Color Attachment 121921:3440x1440:R10G10B10A2_UNORM;ResourceId::121918:2D Color Attachment 121918:3440x1440:R10G10B10A2_UNORM;ResourceId::121912:2D Color Attachment 121912:3440x1440:R10G10B10A2_UNORM;ResourceId::121915:2D Color Attachment 121915:3440x1440:R8G8B8A8_SRGB	ResourceId::121886
3267	ps	Shader Module 81846	3222	1	ResourceId::121930:2D Color Attachment 121930:3440x1440:R11G11B10_FLOAT;ResourceId::121921:2D Color Attachment 121921:3440x1440:R10G10B10A2_UNORM;ResourceId::121918:2D Color Attachment 121918:3440x1440:R10G10B10A2_UNORM;ResourceId::121912:2D Color Attachment 121912:3440x1440:R10G10B10A2_UNORM;ResourceId::121915:2D Color Attachment 121915:3440x1440:R8G8B8A8_SRGB	ResourceId::121886
3271	ps	Shader Module 81846	1695	1	ResourceId::121930:2D Color Attachment 121930:3440x1440:R11G11B10_FLOAT;ResourceId::121921:2D Color Attachment 121921:3440x1440:R10G10B10A2_UNORM;ResourceId::121918:2D Color Attachment 121918:3440x1440:R10G10B10A2_UNORM;ResourceId::121912:2D Color Attachment 121912:3440x1440:R10G10B10A2_UNORM;ResourceId::121915:2D Color Attachment 121915:3440x1440:R8G8B8A8_SRGB	ResourceId::121886
3275	ps	Shader Module 81846	1521	1	ResourceId::121930:2D Color Attachment 121930:3440x1440:R11G11B10_FLOAT;ResourceId::121921:2D Color Attachment 121921:3440x1440:R10G10B10A2_UNORM;ResourceId::121918:2D Color Attachment 121918:3440x1440:R10G10B10A2_UNORM;ResourceId::121912:2D Color Attachment 121912:3440x1440:R10G10B10A2_UNORM;ResourceId::121915:2D Color Attachment 121915:3440x1440:R8G8B8A8_SRGB	ResourceId::121886
3279	ps	Shader Module 81846	2574	1	ResourceId::121930:2D Color Attachment 121930:3440x1440:R11G11B10_FLOAT;ResourceId::121921:2D Color Attachment 121921:3440x1440:R10G10B10A2_UNORM;ResourceId::121918:2D Color Attachment 121918:3440x1440:R10G10B10A2_UNORM;ResourceId::121912:2D Color Attachment 121912:3440x1440:R10G10B10A2_UNORM;ResourceId::121915:2D Color Attachment 121915:3440x1440:R8G8B8A8_SRGB	ResourceId::121886
3283	ps	Shader Module 81846	1251	1	ResourceId::121930:2D Color Attachment 121930:3440x1440:R11G11B10_FLOAT;ResourceId::121921:2D Color Attachment 121921:3440x1440:R10G10B10A2_UNORM;ResourceId::121918:2D Color Attachment 121918:3440x1440:R10G10B10A2_UNORM;ResourceId::121912:2D Color Attachment 121912:3440x1440:R10G10B10A2_UNORM;ResourceId::121915:2D Color Attachment 121915:3440x1440:R8G8B8A8_SRGB	ResourceId::121886
3287	ps	Shader Module 81846	813	1	ResourceId::121930:2D Color Attachment 121930:3440x1440:R11G11B10_FLOAT;ResourceId::121921:2D Color Attachment 121921:3440x1440:R10G10B10A2_UNORM;ResourceId::121918:2D Color Attachment 121918:3440x1440:R10G10B10A2_UNORM;ResourceId::121912:2D Color Attachment 121912:3440x1440:R10G10B10A2_UNORM;ResourceId::121915:2D Color Attachment 121915:3440x1440:R8G8B8A8_SRGB	ResourceId::121886
3291	ps	Shader Module 81846	3069	1	ResourceId::121930:2D Color Attachment 121930:3440x1440:R11G11B10_FLOAT;ResourceId::121921:2D Color Attachment 121921:3440x1440:R10G10B10A2_UNORM;ResourceId::121918:2D Color Attachment 121918:3440x1440:R10G10B10A2_UNORM;ResourceId::121912:2D Color Attachment 121912:3440x1440:R10G10B10A2_UNORM;ResourceId::121915:2D Color Attachment 121915:3440x1440:R8G8B8A8_SRGB	ResourceId::121886
3295	ps	Shader Module 81846	2373	1	ResourceId::121930:2D Color Attachment 121930:3440x1440:R11G11B10_FLOAT;ResourceId::121921:2D Color Attachment 121921:3440x1440:R10G10B10A2_UNORM;ResourceId::121918:2D Color Attachment 121918:3440x1440:R10G10B10A2_UNORM;ResourceId::121912:2D Color Attachment 121912:3440x1440:R10G10B10A2_UNORM;ResourceId::121915:2D Color Attachment 121915:3440x1440:R8G8B8A8_SRGB	ResourceId::121886
3299	ps	Shader Module 81846	2856	1	ResourceId::121930:2D Color Attachment 121930:3440x1440:R11G11B10_FLOAT;ResourceId::121921:2D Color Attachment 121921:3440x1440:R10G10B10A2_UNORM;ResourceId::121918:2D Color Attachment 121918:3440x1440:R10G10B10A2_UNORM;ResourceId::121912:2D Color Attachment 121912:3440x1440:R10G10B10A2_UNORM;ResourceId::121915:2D Color Attachment 121915:3440x1440:R8G8B8A8_SRGB	ResourceId::121886
3303	ps	Shader Module 81846	840	1	ResourceId::121930:2D Color Attachment 121930:3440x1440:R11G11B10_FLOAT;ResourceId::121921:2D Color Attachment 121921:3440x1440:R10G10B10A2_UNORM;ResourceId::121918:2D Color Attachment 121918:3440x1440:R10G10B10A2_UNORM;ResourceId::121912:2D Color Attachment 121912:3440x1440:R10G10B10A2_UNORM;ResourceId::121915:2D Color Attachment 121915:3440x1440:R8G8B8A8_SRGB	ResourceId::121886
3307	ps	Shader Module 81846	3072	1	ResourceId::121930:2D Color Attachment 121930:3440x1440:R11G11B10_FLOAT;ResourceId::121921:2D Color Attachment 121921:3440x1440:R10G10B10A2_UNORM;ResourceId::121918:2D Color Attachment 121918:3440x1440:R10G10B10A2_UNORM;ResourceId::121912:2D Color Attachment 121912:3440x1440:R10G10B10A2_UNORM;ResourceId::121915:2D Color Attachment 121915:3440x1440:R8G8B8A8_SRGB	ResourceId::121886
3311	ps	Shader Module 81846	1638	1	ResourceId::121930:2D Color Attachment 121930:3440x1440:R11G11B10_FLOAT;ResourceId::121921:2D Color Attachment 121921:3440x1440:R10G10B10A2_UNORM;ResourceId::121918:2D Color Attachment 121918:3440x1440:R10G10B10A2_UNORM;ResourceId::121912:2D Color Attachment 121912:3440x1440:R10G10B10A2_UNORM;ResourceId::121915:2D Color Attachment 121915:3440x1440:R8G8B8A8_SRGB	ResourceId::121886
3315	ps	Shader Module 81846	1884	1	ResourceId::121930:2D Color Attachment 121930:3440x1440:R11G11B10_FLOAT;ResourceId::121921:2D Color Attachment 121921:3440x1440:R10G10B10A2_UNORM;ResourceId::121918:2D Color Attachment 121918:3440x1440:R10G10B10A2_UNORM;ResourceId::121912:2D Color Attachment 121912:3440x1440:R10G10B10A2_UNORM;ResourceId::121915:2D Color Attachment 121915:3440x1440:R8G8B8A8_SRGB	ResourceId::121886
3319	ps	Shader Module 81846	5235	1	ResourceId::121930:2D Color Attachment 121930:3440x1440:R11G11B10_FLOAT;ResourceId::121921:2D Color Attachment 121921:3440x1440:R10G10B10A2_UNORM;ResourceId::121918:2D Color Attachment 121918:3440x1440:R10G10B10A2_UNORM;ResourceId::121912:2D Color Attachment 121912:3440x1440:R10G10B10A2_UNORM;ResourceId::121915:2D Color Attachment 121915:3440x1440:R8G8B8A8_SRGB	ResourceId::121886
3323	ps	Shader Module 81846	849	1	ResourceId::121930:2D Color Attachment 121930:3440x1440:R11G11B10_FLOAT;ResourceId::121921:2D Color Attachment 121921:3440x1440:R10G10B10A2_UNORM;ResourceId::121918:2D Color Attachment 121918:3440x1440:R10G10B10A2_UNORM;ResourceId::121912:2D Color Attachment 121912:3440x1440:R10G10B10A2_UNORM;ResourceId::121915:2D Color Attachment 121915:3440x1440:R8G8B8A8_SRGB	ResourceId::121886
3327	ps	Shader Module 81846	1443	1	ResourceId::121930:2D Color Attachment 121930:3440x1440:R11G11B10_FLOAT;ResourceId::121921:2D Color Attachment 121921:3440x1440:R10G10B10A2_UNORM;ResourceId::121918:2D Color Attachment 121918:3440x1440:R10G10B10A2_UNORM;ResourceId::121912:2D Color Attachment 121912:3440x1440:R10G10B10A2_UNORM;ResourceId::121915:2D Color Attachment 121915:3440x1440:R8G8B8A8_SRGB	ResourceId::121886
3331	ps	Shader Module 81846	1347	1	ResourceId::121930:2D Color Attachment 121930:3440x1440:R11G11B10_FLOAT;ResourceId::121921:2D Color Attachment 121921:3440x1440:R10G10B10A2_UNORM;ResourceId::121918:2D Color Attachment 121918:3440x1440:R10G10B10A2_UNORM;ResourceId::121912:2D Color Attachment 121912:3440x1440:R10G10B10A2_UNORM;ResourceId::121915:2D Color Attachment 121915:3440x1440:R8G8B8A8_SRGB	ResourceId::121886
3335	ps	Shader Module 81846	1188	1	ResourceId::121930:2D Color Attachment 121930:3440x1440:R11G11B10_FLOAT;ResourceId::121921:2D Color Attachment 121921:3440x1440:R10G10B10A2_UNORM;ResourceId::121918:2D Color Attachment 121918:3440x1440:R10G10B10A2_UNORM;ResourceId::121912:2D Color Attachment 121912:3440x1440:R10G10B10A2_UNORM;ResourceId::121915:2D Color Attachment 121915:3440x1440:R8G8B8A8_SRGB	ResourceId::121886
3339	ps	Shader Module 81846	3756	1	ResourceId::121930:2D Color Attachment 121930:3440x1440:R11G11B10_FLOAT;ResourceId::121921:2D Color Attachment 121921:3440x1440:R10G10B10A2_UNORM;ResourceId::121918:2D Color Attachment 121918:3440x1440:R10G10B10A2_UNORM;ResourceId::121912:2D Color Attachment 121912:3440x1440:R10G10B10A2_UNORM;ResourceId::121915:2D Color Attachment 121915:3440x1440:R8G8B8A8_SRGB	ResourceId::121886
3343	ps	Shader Module 81846	750	1	ResourceId::121930:2D Color Attachment 121930:3440x1440:R11G11B10_FLOAT;ResourceId::121921:2D Color Attachment 121921:3440x1440:R10G10B10A2_UNORM;ResourceId::121918:2D Color Attachment 121918:3440x1440:R10G10B10A2_UNORM;ResourceId::121912:2D Color Attachment 121912:3440x1440:R10G10B10A2_UNORM;ResourceId::121915:2D Color Attachment 121915:3440x1440:R8G8B8A8_SRGB	ResourceId::121886
3347	ps	Shader Module 81846	1152	1	ResourceId::121930:2D Color Attachment 121930:3440x1440:R11G11B10_FLOAT;ResourceId::121921:2D Color Attachment 121921:3440x1440:R10G10B10A2_UNORM;ResourceId::121918:2D Color Attachment 121918:3440x1440:R10G10B10A2_UNORM;ResourceId::121912:2D Color Attachment 121912:3440x1440:R10G10B10A2_UNORM;ResourceId::121915:2D Color Attachment 121915:3440x1440:R8G8B8A8_SRGB	ResourceId::121886
3351	ps	Shader Module 81846	1977	1	ResourceId::121930:2D Color Attachment 121930:3440x1440:R11G11B10_FLOAT;ResourceId::121921:2D Color Attachment 121921:3440x1440:R10G10B10A2_UNORM;ResourceId::121918:2D Color Attachment 121918:3440x1440:R10G10B10A2_UNORM;ResourceId::121912:2D Color Attachment 121912:3440x1440:R10G10B10A2_UNORM;ResourceId::121915:2D Color Attachment 121915:3440x1440:R8G8B8A8_SRGB	ResourceId::121886
3355	ps	Shader Module 81846	939	1	ResourceId::121930:2D Color Attachment 121930:3440x1440:R11G11B10_FLOAT;ResourceId::121921:2D Color Attachment 121921:3440x1440:R10G10B10A2_UNORM;ResourceId::121918:2D Color Attachment 121918:3440x1440:R10G10B10A2_UNORM;ResourceId::121912:2D Color Attachment 121912:3440x1440:R10G10B10A2_UNORM;ResourceId::121915:2D Color Attachment 121915:3440x1440:R8G8B8A8_SRGB	ResourceId::121886
3359	ps	Shader Module 81846	1506	1	ResourceId::121930:2D Color Attachment 121930:3440x1440:R11G11B10_FLOAT;ResourceId::121921:2D Color Attachment 121921:3440x1440:R10G10B10A2_UNORM;ResourceId::121918:2D Color Attachment 121918:3440x1440:R10G10B10A2_UNORM;ResourceId::121912:2D Color Attachment 121912:3440x1440:R10G10B10A2_UNORM;ResourceId::121915:2D Color Attachment 121915:3440x1440:R8G8B8A8_SRGB	ResourceId::121886
3363	ps	Shader Module 81846	597	1	ResourceId::121930:2D Color Attachment 121930:3440x1440:R11G11B10_FLOAT;ResourceId::121921:2D Color Attachment 121921:3440x1440:R10G10B10A2_UNORM;ResourceId::121918:2D Color Attachment 121918:3440x1440:R10G10B10A2_UNORM;ResourceId::121912:2D Color Attachment 121912:3440x1440:R10G10B10A2_UNORM;ResourceId::121915:2D Color Attachment 121915:3440x1440:R8G8B8A8_SRGB	ResourceId::121886
3367	ps	Shader Module 81846	2772	1	ResourceId::121930:2D Color Attachment 121930:3440x1440:R11G11B10_FLOAT;ResourceId::121921:2D Color Attachment 121921:3440x1440:R10G10B10A2_UNORM;ResourceId::121918:2D Color Attachment 121918:3440x1440:R10G10B10A2_UNORM;ResourceId::121912:2D Color Attachment 121912:3440x1440:R10G10B10A2_UNORM;ResourceId::121915:2D Color Attachment 121915:3440x1440:R8G8B8A8_SRGB	ResourceId::121886
3371	ps	Shader Module 81846	1122	1	ResourceId::121930:2D Color Attachment 121930:3440x1440:R11G11B10_FLOAT;ResourceId::121921:2D Color Attachment 121921:3440x1440:R10G10B10A2_UNORM;ResourceId::121918:2D Color Attachment 121918:3440x1440:R10G10B10A2_UNORM;ResourceId::121912:2D Color Attachment 121912:3440x1440:R10G10B10A2_UNORM;ResourceId::121915:2D Color Attachment 121915:3440x1440:R8G8B8A8_SRGB	ResourceId::121886
3375	ps	Shader Module 81846	2019	1	ResourceId::121930:2D Color Attachment 121930:3440x1440:R11G11B10_FLOAT;ResourceId::121921:2D Color Attachment 121921:3440x1440:R10G10B10A2_UNORM;ResourceId::121918:2D Color Attachment 121918:3440x1440:R10G10B10A2_UNORM;ResourceId::121912:2D Color Attachment 121912:3440x1440:R10G10B10A2_UNORM;ResourceId::121915:2D Color Attachment 121915:3440x1440:R8G8B8A8_SRGB	ResourceId::121886
3379	ps	Shader Module 81846	462	1	ResourceId::121930:2D Color Attachment 121930:3440x1440:R11G11B10_FLOAT;ResourceId::121921:2D Color Attachment 121921:3440x1440:R10G10B10A2_UNORM;ResourceId::121918:2D Color Attachment 121918:3440x1440:R10G10B10A2_UNORM;ResourceId::121912:2D Color Attachment 121912:3440x1440:R10G10B10A2_UNORM;ResourceId::121915:2D Color Attachment 121915:3440x1440:R8G8B8A8_SRGB	ResourceId::121886
3383	ps	Shader Module 81846	1050	1	ResourceId::121930:2D Color Attachment 121930:3440x1440:R11G11B10_FLOAT;ResourceId::121921:2D Color Attachment 121921:3440x1440:R10G10B10A2_UNORM;ResourceId::121918:2D Color Attachment 121918:3440x1440:R10G10B10A2_UNORM;ResourceId::121912:2D Color Attachment 121912:3440x1440:R10G10B10A2_UNORM;ResourceId::121915:2D Color Attachment 121915:3440x1440:R8G8B8A8_SRGB	ResourceId::121886
3388	ps	Shader Module 81857	4899	1	ResourceId::121930:2D Color Attachment 121930:3440x1440:R11G11B10_FLOAT;ResourceId::121921:2D Color Attachment 121921:3440x1440:R10G10B10A2_UNORM;ResourceId::121918:2D Color Attachment 121918:3440x1440:R10G10B10A2_UNORM;ResourceId::121912:2D Color Attachment 121912:3440x1440:R10G10B10A2_UNORM;ResourceId::121915:2D Color Attachment 121915:3440x1440:R8G8B8A8_SRGB	ResourceId::121886
3392	ps	Shader Module 81857	33000	1	ResourceId::121930:2D Color Attachment 121930:3440x1440:R11G11B10_FLOAT;ResourceId::121921:2D Color Attachment 121921:3440x1440:R10G10B10A2_UNORM;ResourceId::121918:2D Color Attachment 121918:3440x1440:R10G10B10A2_UNORM;ResourceId::121912:2D Color Attachment 121912:3440x1440:R10G10B10A2_UNORM;ResourceId::121915:2D Color Attachment 121915:3440x1440:R8G8B8A8_SRGB	ResourceId::121886
3397	ps	Shader Module 81857	1026	1	ResourceId::121930:2D Color Attachment 121930:3440x1440:R11G11B10_FLOAT;ResourceId::121921:2D Color Attachment 121921:3440x1440:R10G10B10A2_UNORM;ResourceId::121918:2D Color Attachment 121918:3440x1440:R10G10B10A2_UNORM;ResourceId::121912:2D Color Attachment 121912:3440x1440:R10G10B10A2_UNORM;ResourceId::121915:2D Color Attachment 121915:3440x1440:R8G8B8A8_SRGB	ResourceId::121886
3402	ps	Shader Module 81857	1740	1	ResourceId::121930:2D Color Attachment 121930:3440x1440:R11G11B10_FLOAT;ResourceId::121921:2D Color Attachment 121921:3440x1440:R10G10B10A2_UNORM;ResourceId::121918:2D Color Attachment 121918:3440x1440:R10G10B10A2_UNORM;ResourceId::121912:2D Color Attachment 121912:3440x1440:R10G10B10A2_UNORM;ResourceId::121915:2D Color Attachment 121915:3440x1440:R8G8B8A8_SRGB	ResourceId::121886
3404	ps	Shader Module 81857	234	1	ResourceId::121930:2D Color Attachment 121930:3440x1440:R11G11B10_FLOAT;ResourceId::121921:2D Color Attachment 121921:3440x1440:R10G10B10A2_UNORM;ResourceId::121918:2D Color Attachment 121918:3440x1440:R10G10B10A2_UNORM;ResourceId::121912:2D Color Attachment 121912:3440x1440:R10G10B10A2_UNORM;ResourceId::121915:2D Color Attachment 121915:3440x1440:R8G8B8A8_SRGB	ResourceId::121886
3409	ps	Shader Module 81857	681	1	ResourceId::121930:2D Color Attachment 121930:3440x1440:R11G11B10_FLOAT;ResourceId::121921:2D Color Attachment 121921:3440x1440:R10G10B10A2_UNORM;ResourceId::121918:2D Color Attachment 121918:3440x1440:R10G10B10A2_UNORM;ResourceId::121912:2D Color Attachment 121912:3440x1440:R10G10B10A2_UNORM;ResourceId::121915:2D Color Attachment 121915:3440x1440:R8G8B8A8_SRGB	ResourceId::121886
3411	ps	Shader Module 81857	6183	1	ResourceId::121930:2D Color Attachment 121930:3440x1440:R11G11B10_FLOAT;ResourceId::121921:2D Color Attachment 121921:3440x1440:R10G10B10A2_UNORM;ResourceId::121918:2D Color Attachment 121918:3440x1440:R10G10B10A2_UNORM;ResourceId::121912:2D Color Attachment 121912:3440x1440:R10G10B10A2_UNORM;ResourceId::121915:2D Color Attachment 121915:3440x1440:R8G8B8A8_SRGB	ResourceId::121886
3416	ps	Shader Module 81857	336	2	ResourceId::121930:2D Color Attachment 121930:3440x1440:R11G11B10_FLOAT;ResourceId::121921:2D Color Attachment 121921:3440x1440:R10G10B10A2_UNORM;ResourceId::121918:2D Color Attachment 121918:3440x1440:R10G10B10A2_UNORM;ResourceId::121912:2D Color Attachment 121912:3440x1440:R10G10B10A2_UNORM;ResourceId::121915:2D Color Attachment 121915:3440x1440:R8G8B8A8_SRGB	ResourceId::121886
3418	ps	Shader Module 81857	3447	2	ResourceId::121930:2D Color Attachment 121930:3440x1440:R11G11B10_FLOAT;ResourceId::121921:2D Color Attachment 121921:3440x1440:R10G10B10A2_UNORM;ResourceId::121918:2D Color Attachment 121918:3440x1440:R10G10B10A2_UNORM;ResourceId::121912:2D Color Attachment 121912:3440x1440:R10G10B10A2_UNORM;ResourceId::121915:2D Color Attachment 121915:3440x1440:R8G8B8A8_SRGB	ResourceId::121886
3424	ps	Shader Module 95126	2118	1	ResourceId::121930:2D Color Attachment 121930:3440x1440:R11G11B10_FLOAT;ResourceId::121921:2D Color Attachment 121921:3440x1440:R10G10B10A2_UNORM;ResourceId::121918:2D Color Attachment 121918:3440x1440:R10G10B10A2_UNORM;ResourceId::121912:2D Color Attachment 121912:3440x1440:R10G10B10A2_UNORM;ResourceId::121915:2D Color Attachment 121915:3440x1440:R8G8B8A8_SRGB	ResourceId::121886
3429	ps	Shader Module 95123	3852	1	ResourceId::121930:2D Color Attachment 121930:3440x1440:R11G11B10_FLOAT;ResourceId::121921:2D Color Attachment 121921:3440x1440:R10G10B10A2_UNORM;ResourceId::121918:2D Color Attachment 121918:3440x1440:R10G10B10A2_UNORM;ResourceId::121912:2D Color Attachment 121912:3440x1440:R10G10B10A2_UNORM;ResourceId::121915:2D Color Attachment 121915:3440x1440:R8G8B8A8_SRGB	ResourceId::121886
3433	ps	Shader Module 95123	2412	4	ResourceId::121930:2D Color Attachment 121930:3440x1440:R11G11B10_FLOAT;ResourceId::121921:2D Color Attachment 121921:3440x1440:R10G10B10A2_UNORM;ResourceId::121918:2D Color Attachment 121918:3440x1440:R10G10B10A2_UNORM;ResourceId::121912:2D Color Attachment 121912:3440x1440:R10G10B10A2_UNORM;ResourceId::121915:2D Color Attachment 121915:3440x1440:R8G8B8A8_SRGB	ResourceId::121886
3437	ps	Shader Module 95123	708	1	ResourceId::121930:2D Color Attachment 121930:3440x1440:R11G11B10_FLOAT;ResourceId::121921:2D Color Attachment 121921:3440x1440:R10G10B10A2_UNORM;ResourceId::121918:2D Color Attachment 121918:3440x1440:R10G10B10A2_UNORM;ResourceId::121912:2D Color Attachment 121912:3440x1440:R10G10B10A2_UNORM;ResourceId::121915:2D Color Attachment 121915:3440x1440:R8G8B8A8_SRGB	ResourceId::121886
3442	ps	Shader Module 95136	777	1	ResourceId::121930:2D Color Attachment 121930:3440x1440:R11G11B10_FLOAT;ResourceId::121921:2D Color Attachment 121921:3440x1440:R10G10B10A2_UNORM;ResourceId::121918:2D Color Attachment 121918:3440x1440:R10G10B10A2_UNORM;ResourceId::121912:2D Color Attachment 121912:3440x1440:R10G10B10A2_UNORM;ResourceId::121915:2D Color Attachment 121915:3440x1440:R8G8B8A8_SRGB	ResourceId::121886
3446	ps	Shader Module 95136	1194	1	ResourceId::121930:2D Color Attachment 121930:3440x1440:R11G11B10_FLOAT;ResourceId::121921:2D Color Attachment 121921:3440x1440:R10G10B10A2_UNORM;ResourceId::121918:2D Color Attachment 121918:3440x1440:R10G10B10A2_UNORM;ResourceId::121912:2D Color Attachment 121912:3440x1440:R10G10B10A2_UNORM;ResourceId::121915:2D Color Attachment 121915:3440x1440:R8G8B8A8_SRGB	ResourceId::121886
3452	ps	Shader Module 93426	2490	1	ResourceId::121930:2D Color Attachment 121930:3440x1440:R11G11B10_FLOAT;ResourceId::121921:2D Color Attachment 121921:3440x1440:R10G10B10A2_UNORM;ResourceId::121918:2D Color Attachment 121918:3440x1440:R10G10B10A2_UNORM;ResourceId::121912:2D Color Attachment 121912:3440x1440:R10G10B10A2_UNORM;ResourceId::121915:2D Color Attachment 121915:3440x1440:R8G8B8A8_SRGB	ResourceId::121886
3457	ps	Shader Module 81862	2997	4	ResourceId::121930:2D Color Attachment 121930:3440x1440:R11G11B10_FLOAT;ResourceId::121921:2D Color Attachment 121921:3440x1440:R10G10B10A2_UNORM;ResourceId::121918:2D Color Attachment 121918:3440x1440:R10G10B10A2_UNORM;ResourceId::121912:2D Color Attachment 121912:3440x1440:R10G10B10A2_UNORM;ResourceId::121915:2D Color Attachment 121915:3440x1440:R8G8B8A8_SRGB	ResourceId::121886
3462	ps	Shader Module 87719	1347	129	ResourceId::121930:2D Color Attachment 121930:3440x1440:R11G11B10_FLOAT;ResourceId::121921:2D Color Attachment 121921:3440x1440:R10G10B10A2_UNORM;ResourceId::121918:2D Color Attachment 121918:3440x1440:R10G10B10A2_UNORM;ResourceId::121912:2D Color Attachment 121912:3440x1440:R10G10B10A2_UNORM;ResourceId::121915:2D Color Attachment 121915:3440x1440:R8G8B8A8_SRGB	ResourceId::121886
3466	ps	Shader Module 87719	1368	2	ResourceId::121930:2D Color Attachment 121930:3440x1440:R11G11B10_FLOAT;ResourceId::121921:2D Color Attachment 121921:3440x1440:R10G10B10A2_UNORM;ResourceId::121918:2D Color Attachment 121918:3440x1440:R10G10B10A2_UNORM;ResourceId::121912:2D Color Attachment 121912:3440x1440:R10G10B10A2_UNORM;ResourceId::121915:2D Color Attachment 121915:3440x1440:R8G8B8A8_SRGB	ResourceId::121886
3470	ps	Shader Module 87719	270	2	ResourceId::121930:2D Color Attachment 121930:3440x1440:R11G11B10_FLOAT;ResourceId::121921:2D Color Attachment 121921:3440x1440:R10G10B10A2_UNORM;ResourceId::121918:2D Color Attachment 121918:3440x1440:R10G10B10A2_UNORM;ResourceId::121912:2D Color Attachment 121912:3440x1440:R10G10B10A2_UNORM;ResourceId::121915:2D Color Attachment 121915:3440x1440:R8G8B8A8_SRGB	ResourceId::121886
3474	ps	Shader Module 87719	5808	6	ResourceId::121930:2D Color Attachment 121930:3440x1440:R11G11B10_FLOAT;ResourceId::121921:2D Color Attachment 121921:3440x1440:R10G10B10A2_UNORM;ResourceId::121918:2D Color Attachment 121918:3440x1440:R10G10B10A2_UNORM;ResourceId::121912:2D Color Attachment 121912:3440x1440:R10G10B10A2_UNORM;ResourceId::121915:2D Color Attachment 121915:3440x1440:R8G8B8A8_SRGB	ResourceId::121886
3478	ps	Shader Module 87719	2199	7	ResourceId::121930:2D Color Attachment 121930:3440x1440:R11G11B10_FLOAT;ResourceId::121921:2D Color Attachment 121921:3440x1440:R10G10B10A2_UNORM;ResourceId::121918:2D Color Attachment 121918:3440x1440:R10G10B10A2_UNORM;ResourceId::121912:2D Color Attachment 121912:3440x1440:R10G10B10A2_UNORM;ResourceId::121915:2D Color Attachment 121915:3440x1440:R8G8B8A8_SRGB	ResourceId::121886
3482	ps	Shader Module 87719	1302	24	ResourceId::121930:2D Color Attachment 121930:3440x1440:R11G11B10_FLOAT;ResourceId::121921:2D Color Attachment 121921:3440x1440:R10G10B10A2_UNORM;ResourceId::121918:2D Color Attachment 121918:3440x1440:R10G10B10A2_UNORM;ResourceId::121912:2D Color Attachment 121912:3440x1440:R10G10B10A2_UNORM;ResourceId::121915:2D Color Attachment 121915:3440x1440:R8G8B8A8_SRGB	ResourceId::121886
3486	ps	Shader Module 87719	354	26	ResourceId::121930:2D Color Attachment 121930:3440x1440:R11G11B10_FLOAT;ResourceId::121921:2D Color Attachment 121921:3440x1440:R10G10B10A2_UNORM;ResourceId::121918:2D Color Attachment 121918:3440x1440:R10G10B10A2_UNORM;ResourceId::121912:2D Color Attachment 121912:3440x1440:R10G10B10A2_UNORM;ResourceId::121915:2D Color Attachment 121915:3440x1440:R8G8B8A8_SRGB	ResourceId::121886
3490	ps	Shader Module 87719	1326	21	ResourceId::121930:2D Color Attachment 121930:3440x1440:R11G11B10_FLOAT;ResourceId::121921:2D Color Attachment 121921:3440x1440:R10G10B10A2_UNORM;ResourceId::121918:2D Color Attachment 121918:3440x1440:R10G10B10A2_UNORM;ResourceId::121912:2D Color Attachment 121912:3440x1440:R10G10B10A2_UNORM;ResourceId::121915:2D Color Attachment 121915:3440x1440:R8G8B8A8_SRGB	ResourceId::121886
3494	ps	Shader Module 87719	9441	1	ResourceId::121930:2D Color Attachment 121930:3440x1440:R11G11B10_FLOAT;ResourceId::121921:2D Color Attachment 121921:3440x1440:R10G10B10A2_UNORM;ResourceId::121918:2D Color Attachment 121918:3440x1440:R10G10B10A2_UNORM;ResourceId::121912:2D Color Attachment 121912:3440x1440:R10G10B10A2_UNORM;ResourceId::121915:2D Color Attachment 121915:3440x1440:R8G8B8A8_SRGB	ResourceId::121886
3498	ps	Shader Module 87719	48	4	ResourceId::121930:2D Color Attachment 121930:3440x1440:R11G11B10_FLOAT;ResourceId::121921:2D Color Attachment 121921:3440x1440:R10G10B10A2_UNORM;ResourceId::121918:2D Color Attachment 121918:3440x1440:R10G10B10A2_UNORM;ResourceId::121912:2D Color Attachment 121912:3440x1440:R10G10B10A2_UNORM;ResourceId::121915:2D Color Attachment 121915:3440x1440:R8G8B8A8_SRGB	ResourceId::121886
3501	ps	Shader Module 87719	48	4	ResourceId::121930:2D Color Attachment 121930:3440x1440:R11G11B10_FLOAT;ResourceId::121921:2D Color Attachment 121921:3440x1440:R10G10B10A2_UNORM;ResourceId::121918:2D Color Attachment 121918:3440x1440:R10G10B10A2_UNORM;ResourceId::121912:2D Color Attachment 121912:3440x1440:R10G10B10A2_UNORM;ResourceId::121915:2D Color Attachment 121915:3440x1440:R8G8B8A8_SRGB	ResourceId::121886
3505	ps	Shader Module 87719	720	8	ResourceId::121930:2D Color Attachment 121930:3440x1440:R11G11B10_FLOAT;ResourceId::121921:2D Color Attachment 121921:3440x1440:R10G10B10A2_UNORM;ResourceId::121918:2D Color Attachment 121918:3440x1440:R10G10B10A2_UNORM;ResourceId::121912:2D Color Attachment 121912:3440x1440:R10G10B10A2_UNORM;ResourceId::121915:2D Color Attachment 121915:3440x1440:R8G8B8A8_SRGB	ResourceId::121886
3509	ps	Shader Module 87719	735	5	ResourceId::121930:2D Color Attachment 121930:3440x1440:R11G11B10_FLOAT;ResourceId::121921:2D Color Attachment 121921:3440x1440:R10G10B10A2_UNORM;ResourceId::121918:2D Color Attachment 121918:3440x1440:R10G10B10A2_UNORM;ResourceId::121912:2D Color Attachment 121912:3440x1440:R10G10B10A2_UNORM;ResourceId::121915:2D Color Attachment 121915:3440x1440:R8G8B8A8_SRGB	ResourceId::121886
3514	ps	Shader Module 87719	18	1	ResourceId::121930:2D Color Attachment 121930:3440x1440:R11G11B10_FLOAT;ResourceId::121921:2D Color Attachment 121921:3440x1440:R10G10B10A2_UNORM;ResourceId::121918:2D Color Attachment 121918:3440x1440:R10G10B10A2_UNORM;ResourceId::121912:2D Color Attachment 121912:3440x1440:R10G10B10A2_UNORM;ResourceId::121915:2D Color Attachment 121915:3440x1440:R8G8B8A8_SRGB	ResourceId::121886
3516	ps	Shader Module 87719	96	1	ResourceId::121930:2D Color Attachment 121930:3440x1440:R11G11B10_FLOAT;ResourceId::121921:2D Color Attachment 121921:3440x1440:R10G10B10A2_UNORM;ResourceId::121918:2D Color Attachment 121918:3440x1440:R10G10B10A2_UNORM;ResourceId::121912:2D Color Attachment 121912:3440x1440:R10G10B10A2_UNORM;ResourceId::121915:2D Color Attachment 121915:3440x1440:R8G8B8A8_SRGB	ResourceId::121886
3521	ps	Shader Module 87719	993	2	ResourceId::121930:2D Color Attachment 121930:3440x1440:R11G11B10_FLOAT;ResourceId::121921:2D Color Attachment 121921:3440x1440:R10G10B10A2_UNORM;ResourceId::121918:2D Color Attachment 121918:3440x1440:R10G10B10A2_UNORM;ResourceId::121912:2D Color Attachment 121912:3440x1440:R10G10B10A2_UNORM;ResourceId::121915:2D Color Attachment 121915:3440x1440:R8G8B8A8_SRGB	ResourceId::121886
3525	ps	Shader Module 87719	369	7	ResourceId::121930:2D Color Attachment 121930:3440x1440:R11G11B10_FLOAT;ResourceId::121921:2D Color Attachment 121921:3440x1440:R10G10B10A2_UNORM;ResourceId::121918:2D Color Attachment 121918:3440x1440:R10G10B10A2_UNORM;ResourceId::121912:2D Color Attachment 121912:3440x1440:R10G10B10A2_UNORM;ResourceId::121915:2D Color Attachment 121915:3440x1440:R8G8B8A8_SRGB	ResourceId::121886
3530	ps	Shader Module 87719	336	1	ResourceId::121930:2D Color Attachment 121930:3440x1440:R11G11B10_FLOAT;ResourceId::121921:2D Color Attachment 121921:3440x1440:R10G10B10A2_UNORM;ResourceId::121918:2D Color Attachment 121918:3440x1440:R10G10B10A2_UNORM;ResourceId::121912:2D Color Attachment 121912:3440x1440:R10G10B10A2_UNORM;ResourceId::121915:2D Color Attachment 121915:3440x1440:R8G8B8A8_SRGB	ResourceId::121886
3532	ps	Shader Module 87719	144	1	ResourceId::121930:2D Color Attachment 121930:3440x1440:R11G11B10_FLOAT;ResourceId::121921:2D Color Attachment 121921:3440x1440:R10G10B10A2_UNORM;ResourceId::121918:2D Color Attachment 121918:3440x1440:R10G10B10A2_UNORM;ResourceId::121912:2D Color Attachment 121912:3440x1440:R10G10B10A2_UNORM;ResourceId::121915:2D Color Attachment 121915:3440x1440:R8G8B8A8_SRGB	ResourceId::121886
3537	ps	Shader Module 87719	435	1	ResourceId::121930:2D Color Attachment 121930:3440x1440:R11G11B10_FLOAT;ResourceId::121921:2D Color Attachment 121921:3440x1440:R10G10B10A2_UNORM;ResourceId::121918:2D Color Attachment 121918:3440x1440:R10G10B10A2_UNORM;ResourceId::121912:2D Color Attachment 121912:3440x1440:R10G10B10A2_UNORM;ResourceId::121915:2D Color Attachment 121915:3440x1440:R8G8B8A8_SRGB	ResourceId::121886
3542	ps	Shader Module 87722	2556	2	ResourceId::121930:2D Color Attachment 121930:3440x1440:R11G11B10_FLOAT;ResourceId::121921:2D Color Attachment 121921:3440x1440:R10G10B10A2_UNORM;ResourceId::121918:2D Color Attachment 121918:3440x1440:R10G10B10A2_UNORM;ResourceId::121912:2D Color Attachment 121912:3440x1440:R10G10B10A2_UNORM;ResourceId::121915:2D Color Attachment 121915:3440x1440:R8G8B8A8_SRGB	ResourceId::121886
3546	ps	Shader Module 87722	603	19	ResourceId::121930:2D Color Attachment 121930:3440x1440:R11G11B10_FLOAT;ResourceId::121921:2D Color Attachment 121921:3440x1440:R10G10B10A2_UNORM;ResourceId::121918:2D Color Attachment 121918:3440x1440:R10G10B10A2_UNORM;ResourceId::121912:2D Color Attachment 121912:3440x1440:R10G10B10A2_UNORM;ResourceId::121915:2D Color Attachment 121915:3440x1440:R8G8B8A8_SRGB	ResourceId::121886
3550	ps	Shader Module 87722	984	1	ResourceId::121930:2D Color Attachment 121930:3440x1440:R11G11B10_FLOAT;ResourceId::121921:2D Color Attachment 121921:3440x1440:R10G10B10A2_UNORM;ResourceId::121918:2D Color Attachment 121918:3440x1440:R10G10B10A2_UNORM;ResourceId::121912:2D Color Attachment 121912:3440x1440:R10G10B10A2_UNORM;ResourceId::121915:2D Color Attachment 121915:3440x1440:R8G8B8A8_SRGB	ResourceId::121886
3555	ps	Shader Module 87722	312	1	ResourceId::121930:2D Color Attachment 121930:3440x1440:R11G11B10_FLOAT;ResourceId::121921:2D Color Attachment 121921:3440x1440:R10G10B10A2_UNORM;ResourceId::121918:2D Color Attachment 121918:3440x1440:R10G10B10A2_UNORM;ResourceId::121912:2D Color Attachment 121912:3440x1440:R10G10B10A2_UNORM;ResourceId::121915:2D Color Attachment 121915:3440x1440:R8G8B8A8_SRGB	ResourceId::121886
3557	ps	Shader Module 87722	96	1	ResourceId::121930:2D Color Attachment 121930:3440x1440:R11G11B10_FLOAT;ResourceId::121921:2D Color Attachment 121921:3440x1440:R10G10B10A2_UNORM;ResourceId::121918:2D Color Attachment 121918:3440x1440:R10G10B10A2_UNORM;ResourceId::121912:2D Color Attachment 121912:3440x1440:R10G10B10A2_UNORM;ResourceId::121915:2D Color Attachment 121915:3440x1440:R8G8B8A8_SRGB	ResourceId::121886
3559	ps	Shader Module 87722	108	1	ResourceId::121930:2D Color Attachment 121930:3440x1440:R11G11B10_FLOAT;ResourceId::121921:2D Color Attachment 121921:3440x1440:R10G10B10A2_UNORM;ResourceId::121918:2D Color Attachment 121918:3440x1440:R10G10B10A2_UNORM;ResourceId::121912:2D Color Attachment 121912:3440x1440:R10G10B10A2_UNORM;ResourceId::121915:2D Color Attachment 121915:3440x1440:R8G8B8A8_SRGB	ResourceId::121886
3564	ps	Shader Module 87722	6282	1	ResourceId::121930:2D Color Attachment 121930:3440x1440:R11G11B10_FLOAT;ResourceId::121921:2D Color Attachment 121921:3440x1440:R10G10B10A2_UNORM;ResourceId::121918:2D Color Attachment 121918:3440x1440:R10G10B10A2_UNORM;ResourceId::121912:2D Color Attachment 121912:3440x1440:R10G10B10A2_UNORM;ResourceId::121915:2D Color Attachment 121915:3440x1440:R8G8B8A8_SRGB	ResourceId::121886
3568	ps	Shader Module 87722	1524	4	ResourceId::121930:2D Color Attachment 121930:3440x1440:R11G11B10_FLOAT;ResourceId::121921:2D Color Attachment 121921:3440x1440:R10G10B10A2_UNORM;ResourceId::121918:2D Color Attachment 121918:3440x1440:R10G10B10A2_UNORM;ResourceId::121912:2D Color Attachment 121912:3440x1440:R10G10B10A2_UNORM;ResourceId::121915:2D Color Attachment 121915:3440x1440:R8G8B8A8_SRGB	ResourceId::121886
3572	ps	Shader Module 87722	5646	1	ResourceId::121930:2D Color Attachment 121930:3440x1440:R11G11B10_FLOAT;ResourceId::121921:2D Color Attachment 121921:3440x1440:R10G10B10A2_UNORM;ResourceId::121918:2D Color Attachment 121918:3440x1440:R10G10B10A2_UNORM;ResourceId::121912:2D Color Attachment 121912:3440x1440:R10G10B10A2_UNORM;ResourceId::121915:2D Color Attachment 121915:3440x1440:R8G8B8A8_SRGB	ResourceId::121886
3576	ps	Shader Module 87722	1302	6	ResourceId::121930:2D Color Attachment 121930:3440x1440:R11G11B10_FLOAT;ResourceId::121921:2D Color Attachment 121921:3440x1440:R10G10B10A2_UNORM;ResourceId::121918:2D Color Attachment 121918:3440x1440:R10G10B10A2_UNORM;ResourceId::121912:2D Color Attachment 121912:3440x1440:R10G10B10A2_UNORM;ResourceId::121915:2D Color Attachment 121915:3440x1440:R8G8B8A8_SRGB	ResourceId::121886
3580	ps	Shader Module 87722	1284	8	ResourceId::121930:2D Color Attachment 121930:3440x1440:R11G11B10_FLOAT;ResourceId::121921:2D Color Attachment 121921:3440x1440:R10G10B10A2_UNORM;ResourceId::121918:2D Color Attachment 121918:3440x1440:R10G10B10A2_UNORM;ResourceId::121912:2D Color Attachment 121912:3440x1440:R10G10B10A2_UNORM;ResourceId::121915:2D Color Attachment 121915:3440x1440:R8G8B8A8_SRGB	ResourceId::121886
3584	ps	Shader Module 87722	2160	1	ResourceId::121930:2D Color Attachment 121930:3440x1440:R11G11B10_FLOAT;ResourceId::121921:2D Color Attachment 121921:3440x1440:R10G10B10A2_UNORM;ResourceId::121918:2D Color Attachment 121918:3440x1440:R10G10B10A2_UNORM;ResourceId::121912:2D Color Attachment 121912:3440x1440:R10G10B10A2_UNORM;ResourceId::121915:2D Color Attachment 121915:3440x1440:R8G8B8A8_SRGB	ResourceId::121886
3588	ps	Shader Module 87722	834	4	ResourceId::121930:2D Color Attachment 121930:3440x1440:R11G11B10_FLOAT;ResourceId::121921:2D Color Attachment 121921:3440x1440:R10G10B10A2_UNORM;ResourceId::121918:2D Color Attachment 121918:3440x1440:R10G10B10A2_UNORM;ResourceId::121912:2D Color Attachment 121912:3440x1440:R10G10B10A2_UNORM;ResourceId::121915:2D Color Attachment 121915:3440x1440:R8G8B8A8_SRGB	ResourceId::121886
3593	ps	Shader Module 87722	120	1	ResourceId::121930:2D Color Attachment 121930:3440x1440:R11G11B10_FLOAT;ResourceId::121921:2D Color Attachment 121921:3440x1440:R10G10B10A2_UNORM;ResourceId::121918:2D Color Attachment 121918:3440x1440:R10G10B10A2_UNORM;ResourceId::121912:2D Color Attachment 121912:3440x1440:R10G10B10A2_UNORM;ResourceId::121915:2D Color Attachment 121915:3440x1440:R8G8B8A8_SRGB	ResourceId::121886
3595	ps	Shader Module 87722	108	1	ResourceId::121930:2D Color Attachment 121930:3440x1440:R11G11B10_FLOAT;ResourceId::121921:2D Color Attachment 121921:3440x1440:R10G10B10A2_UNORM;ResourceId::121918:2D Color Attachment 121918:3440x1440:R10G10B10A2_UNORM;ResourceId::121912:2D Color Attachment 121912:3440x1440:R10G10B10A2_UNORM;ResourceId::121915:2D Color Attachment 121915:3440x1440:R8G8B8A8_SRGB	ResourceId::121886
3597	ps	Shader Module 87722	1155	1	ResourceId::121930:2D Color Attachment 121930:3440x1440:R11G11B10_FLOAT;ResourceId::121921:2D Color Attachment 121921:3440x1440:R10G10B10A2_UNORM;ResourceId::121918:2D Color Attachment 121918:3440x1440:R10G10B10A2_UNORM;ResourceId::121912:2D Color Attachment 121912:3440x1440:R10G10B10A2_UNORM;ResourceId::121915:2D Color Attachment 121915:3440x1440:R8G8B8A8_SRGB	ResourceId::121886
3602	ps	Shader Module 87722	6	9	ResourceId::121930:2D Color Attachment 121930:3440x1440:R11G11B10_FLOAT;ResourceId::121921:2D Color Attachment 121921:3440x1440:R10G10B10A2_UNORM;ResourceId::121918:2D Color Attachment 121918:3440x1440:R10G10B10A2_UNORM;ResourceId::121912:2D Color Attachment 121912:3440x1440:R10G10B10A2_UNORM;ResourceId::121915:2D Color Attachment 121915:3440x1440:R8G8B8A8_SRGB	ResourceId::121886
3604	ps	Shader Module 87722	156	9	ResourceId::121930:2D Color Attachment 121930:3440x1440:R11G11B10_FLOAT;ResourceId::121921:2D Color Attachment 121921:3440x1440:R10G10B10A2_UNORM;ResourceId::121918:2D Color Attachment 121918:3440x1440:R10G10B10A2_UNORM;ResourceId::121912:2D Color Attachment 121912:3440x1440:R10G10B10A2_UNORM;ResourceId::121915:2D Color Attachment 121915:3440x1440:R8G8B8A8_SRGB	ResourceId::121886
3608	ps	Shader Module 87722	3720	2	ResourceId::121930:2D Color Attachment 121930:3440x1440:R11G11B10_FLOAT;ResourceId::121921:2D Color Attachment 121921:3440x1440:R10G10B10A2_UNORM;ResourceId::121918:2D Color Attachment 121918:3440x1440:R10G10B10A2_UNORM;ResourceId::121912:2D Color Attachment 121912:3440x1440:R10G10B10A2_UNORM;ResourceId::121915:2D Color Attachment 121915:3440x1440:R8G8B8A8_SRGB	ResourceId::121886
3612	ps	Shader Module 87722	1104	4	ResourceId::121930:2D Color Attachment 121930:3440x1440:R11G11B10_FLOAT;ResourceId::121921:2D Color Attachment 121921:3440x1440:R10G10B10A2_UNORM;ResourceId::121918:2D Color Attachment 121918:3440x1440:R10G10B10A2_UNORM;ResourceId::121912:2D Color Attachment 121912:3440x1440:R10G10B10A2_UNORM;ResourceId::121915:2D Color Attachment 121915:3440x1440:R8G8B8A8_SRGB	ResourceId::121886
3617	ps	Shader Module 87722	474	1	ResourceId::121930:2D Color Attachment 121930:3440x1440:R11G11B10_FLOAT;ResourceId::121921:2D Color Attachment 121921:3440x1440:R10G10B10A2_UNORM;ResourceId::121918:2D Color Attachment 121918:3440x1440:R10G10B10A2_UNORM;ResourceId::121912:2D Color Attachment 121912:3440x1440:R10G10B10A2_UNORM;ResourceId::121915:2D Color Attachment 121915:3440x1440:R8G8B8A8_SRGB	ResourceId::121886
3622	ps	Shader Module 87722	288	2	ResourceId::121930:2D Color Attachment 121930:3440x1440:R11G11B10_FLOAT;ResourceId::121921:2D Color Attachment 121921:3440x1440:R10G10B10A2_UNORM;ResourceId::121918:2D Color Attachment 121918:3440x1440:R10G10B10A2_UNORM;ResourceId::121912:2D Color Attachment 121912:3440x1440:R10G10B10A2_UNORM;ResourceId::121915:2D Color Attachment 121915:3440x1440:R8G8B8A8_SRGB	ResourceId::121886
3626	ps	Shader Module 87722	1062	6	ResourceId::121930:2D Color Attachment 121930:3440x1440:R11G11B10_FLOAT;ResourceId::121921:2D Color Attachment 121921:3440x1440:R10G10B10A2_UNORM;ResourceId::121918:2D Color Attachment 121918:3440x1440:R10G10B10A2_UNORM;ResourceId::121912:2D Color Attachment 121912:3440x1440:R10G10B10A2_UNORM;ResourceId::121915:2D Color Attachment 121915:3440x1440:R8G8B8A8_SRGB	ResourceId::121886
3631	ps	Shader Module 87722	360	1	ResourceId::121930:2D Color Attachment 121930:3440x1440:R11G11B10_FLOAT;ResourceId::121921:2D Color Attachment 121921:3440x1440:R10G10B10A2_UNORM;ResourceId::121918:2D Color Attachment 121918:3440x1440:R10G10B10A2_UNORM;ResourceId::121912:2D Color Attachment 121912:3440x1440:R10G10B10A2_UNORM;ResourceId::121915:2D Color Attachment 121915:3440x1440:R8G8B8A8_SRGB	ResourceId::121886
3633	ps	Shader Module 87722	1770	1	ResourceId::121930:2D Color Attachment 121930:3440x1440:R11G11B10_FLOAT;ResourceId::121921:2D Color Attachment 121921:3440x1440:R10G10B10A2_UNORM;ResourceId::121918:2D Color Attachment 121918:3440x1440:R10G10B10A2_UNORM;ResourceId::121912:2D Color Attachment 121912:3440x1440:R10G10B10A2_UNORM;ResourceId::121915:2D Color Attachment 121915:3440x1440:R8G8B8A8_SRGB	ResourceId::121886
3635	ps	Shader Module 87722	12	1	ResourceId::121930:2D Color Attachment 121930:3440x1440:R11G11B10_FLOAT;ResourceId::121921:2D Color Attachment 121921:3440x1440:R10G10B10A2_UNORM;ResourceId::121918:2D Color Attachment 121918:3440x1440:R10G10B10A2_UNORM;ResourceId::121912:2D Color Attachment 121912:3440x1440:R10G10B10A2_UNORM;ResourceId::121915:2D Color Attachment 121915:3440x1440:R8G8B8A8_SRGB	ResourceId::121886
3639	ps	Shader Module 87722	6	2	ResourceId::121930:2D Color Attachment 121930:3440x1440:R11G11B10_FLOAT;ResourceId::121921:2D Color Attachment 121921:3440x1440:R10G10B10A2_UNORM;ResourceId::121918:2D Color Attachment 121918:3440x1440:R10G10B10A2_UNORM;ResourceId::121912:2D Color Attachment 121912:3440x1440:R10G10B10A2_UNORM;ResourceId::121915:2D Color Attachment 121915:3440x1440:R8G8B8A8_SRGB	ResourceId::121886
3641	ps	Shader Module 87722	1584	2	ResourceId::121930:2D Color Attachment 121930:3440x1440:R11G11B10_FLOAT;ResourceId::121921:2D Color Attachment 121921:3440x1440:R10G10B10A2_UNORM;ResourceId::121918:2D Color Attachment 121918:3440x1440:R10G10B10A2_UNORM;ResourceId::121912:2D Color Attachment 121912:3440x1440:R10G10B10A2_UNORM;ResourceId::121915:2D Color Attachment 121915:3440x1440:R8G8B8A8_SRGB	ResourceId::121886
3643	ps	Shader Module 87722	69	2	ResourceId::121930:2D Color Attachment 121930:3440x1440:R11G11B10_FLOAT;ResourceId::121921:2D Color Attachment 121921:3440x1440:R10G10B10A2_UNORM;ResourceId::121918:2D Color Attachment 121918:3440x1440:R10G10B10A2_UNORM;ResourceId::121912:2D Color Attachment 121912:3440x1440:R10G10B10A2_UNORM;ResourceId::121915:2D Color Attachment 121915:3440x1440:R8G8B8A8_SRGB	ResourceId::121886
3647	ps	Shader Module 87722	6	2	ResourceId::121930:2D Color Attachment 121930:3440x1440:R11G11B10_FLOAT;ResourceId::121921:2D Color Attachment 121921:3440x1440:R10G10B10A2_UNORM;ResourceId::121918:2D Color Attachment 121918:3440x1440:R10G10B10A2_UNORM;ResourceId::121912:2D Color Attachment 121912:3440x1440:R10G10B10A2_UNORM;ResourceId::121915:2D Color Attachment 121915:3440x1440:R8G8B8A8_SRGB	ResourceId::121886
3649	ps	Shader Module 87722	1584	2	ResourceId::121930:2D Color Attachment 121930:3440x1440:R11G11B10_FLOAT;ResourceId::121921:2D Color Attachment 121921:3440x1440:R10G10B10A2_UNORM;ResourceId::121918:2D Color Attachment 121918:3440x1440:R10G10B10A2_UNORM;ResourceId::121912:2D Color Attachment 121912:3440x1440:R10G10B10A2_UNORM;ResourceId::121915:2D Color Attachment 121915:3440x1440:R8G8B8A8_SRGB	ResourceId::121886
3651	ps	Shader Module 87722	69	2	ResourceId::121930:2D Color Attachment 121930:3440x1440:R11G11B10_FLOAT;ResourceId::121921:2D Color Attachment 121921:3440x1440:R10G10B10A2_UNORM;ResourceId::121918:2D Color Attachment 121918:3440x1440:R10G10B10A2_UNORM;ResourceId::121912:2D Color Attachment 121912:3440x1440:R10G10B10A2_UNORM;ResourceId::121915:2D Color Attachment 121915:3440x1440:R8G8B8A8_SRGB	ResourceId::121886
3656	ps	Shader Module 87722	1290	1	ResourceId::121930:2D Color Attachment 121930:3440x1440:R11G11B10_FLOAT;ResourceId::121921:2D Color Attachment 121921:3440x1440:R10G10B10A2_UNORM;ResourceId::121918:2D Color Attachment 121918:3440x1440:R10G10B10A2_UNORM;ResourceId::121912:2D Color Attachment 121912:3440x1440:R10G10B10A2_UNORM;ResourceId::121915:2D Color Attachment 121915:3440x1440:R8G8B8A8_SRGB	ResourceId::121886
3658	ps	Shader Module 87722	216	1	ResourceId::121930:2D Color Attachment 121930:3440x1440:R11G11B10_FLOAT;ResourceId::121921:2D Color Attachment 121921:3440x1440:R10G10B10A2_UNORM;ResourceId::121918:2D Color Attachment 121918:3440x1440:R10G10B10A2_UNORM;ResourceId::121912:2D Color Attachment 121912:3440x1440:R10G10B10A2_UNORM;ResourceId::121915:2D Color Attachment 121915:3440x1440:R8G8B8A8_SRGB	ResourceId::121886
3662	ps	Shader Module 87722	1176	2	ResourceId::121930:2D Color Attachment 121930:3440x1440:R11G11B10_FLOAT;ResourceId::121921:2D Color Attachment 121921:3440x1440:R10G10B10A2_UNORM;ResourceId::121918:2D Color Attachment 121918:3440x1440:R10G10B10A2_UNORM;ResourceId::121912:2D Color Attachment 121912:3440x1440:R10G10B10A2_UNORM;ResourceId::121915:2D Color Attachment 121915:3440x1440:R8G8B8A8_SRGB	ResourceId::121886
3664	ps	Shader Module 87722	288	2	ResourceId::121930:2D Color Attachment 121930:3440x1440:R11G11B10_FLOAT;ResourceId::121921:2D Color Attachment 121921:3440x1440:R10G10B10A2_UNORM;ResourceId::121918:2D Color Attachment 121918:3440x1440:R10G10B10A2_UNORM;ResourceId::121912:2D Color Attachment 121912:3440x1440:R10G10B10A2_UNORM;ResourceId::121915:2D Color Attachment 121915:3440x1440:R8G8B8A8_SRGB	ResourceId::121886
3666	ps	Shader Module 87722	24	2	ResourceId::121930:2D Color Attachment 121930:3440x1440:R11G11B10_FLOAT;ResourceId::121921:2D Color Attachment 121921:3440x1440:R10G10B10A2_UNORM;ResourceId::121918:2D Color Attachment 121918:3440x1440:R10G10B10A2_UNORM;ResourceId::121912:2D Color Attachment 121912:3440x1440:R10G10B10A2_UNORM;ResourceId::121915:2D Color Attachment 121915:3440x1440:R8G8B8A8_SRGB	ResourceId::121886
3671	ps	Shader Module 87722	270	1	ResourceId::121930:2D Color Attachment 121930:3440x1440:R11G11B10_FLOAT;ResourceId::121921:2D Color Attachment 121921:3440x1440:R10G10B10A2_UNORM;ResourceId::121918:2D Color Attachment 121918:3440x1440:R10G10B10A2_UNORM;ResourceId::121912:2D Color Attachment 121912:3440x1440:R10G10B10A2_UNORM;ResourceId::121915:2D Color Attachment 121915:3440x1440:R8G8B8A8_SRGB	ResourceId::121886
3675	ps	Shader Module 87722	96	1	ResourceId::121930:2D Color Attachment 121930:3440x1440:R11G11B10_FLOAT;ResourceId::121921:2D Color Attachment 121921:3440x1440:R10G10B10A2_UNORM;ResourceId::121918:2D Color Attachment 121918:3440x1440:R10G10B10A2_UNORM;ResourceId::121912:2D Color Attachment 121912:3440x1440:R10G10B10A2_UNORM;ResourceId::121915:2D Color Attachment 121915:3440x1440:R8G8B8A8_SRGB	ResourceId::121886
3680	ps	Shader Module 87722	2262	1	ResourceId::121930:2D Color Attachment 121930:3440x1440:R11G11B10_FLOAT;ResourceId::121921:2D Color Attachment 121921:3440x1440:R10G10B10A2_UNORM;ResourceId::121918:2D Color Attachment 121918:3440x1440:R10G10B10A2_UNORM;ResourceId::121912:2D Color Attachment 121912:3440x1440:R10G10B10A2_UNORM;ResourceId::121915:2D Color Attachment 121915:3440x1440:R8G8B8A8_SRGB	ResourceId::121886
3685	ps	Shader Module 81867	5340	12	ResourceId::121930:2D Color Attachment 121930:3440x1440:R11G11B10_FLOAT;ResourceId::121921:2D Color Attachment 121921:3440x1440:R10G10B10A2_UNORM;ResourceId::121918:2D Color Attachment 121918:3440x1440:R10G10B10A2_UNORM;ResourceId::121912:2D Color Attachment 121912:3440x1440:R10G10B10A2_UNORM;ResourceId::121915:2D Color Attachment 121915:3440x1440:R8G8B8A8_SRGB	ResourceId::121886
3689	ps	Shader Module 81867	2676	9	ResourceId::121930:2D Color Attachment 121930:3440x1440:R11G11B10_FLOAT;ResourceId::121921:2D Color Attachment 121921:3440x1440:R10G10B10A2_UNORM;ResourceId::121918:2D Color Attachment 121918:3440x1440:R10G10B10A2_UNORM;ResourceId::121912:2D Color Attachment 121912:3440x1440:R10G10B10A2_UNORM;ResourceId::121915:2D Color Attachment 121915:3440x1440:R8G8B8A8_SRGB	ResourceId::121886
3693	ps	Shader Module 81867	972	4	ResourceId::121930:2D Color Attachment 121930:3440x1440:R11G11B10_FLOAT;ResourceId::121921:2D Color Attachment 121921:3440x1440:R10G10B10A2_UNORM;ResourceId::121918:2D Color Attachment 121918:3440x1440:R10G10B10A2_UNORM;ResourceId::121912:2D Color Attachment 121912:3440x1440:R10G10B10A2_UNORM;ResourceId::121915:2D Color Attachment 121915:3440x1440:R8G8B8A8_SRGB	ResourceId::121886
3698	ps	Shader Module 81867	20223	3	ResourceId::121930:2D Color Attachment 121930:3440x1440:R11G11B10_FLOAT;ResourceId::121921:2D Color Attachment 121921:3440x1440:R10G10B10A2_UNORM;ResourceId::121918:2D Color Attachment 121918:3440x1440:R10G10B10A2_UNORM;ResourceId::121912:2D Color Attachment 121912:3440x1440:R10G10B10A2_UNORM;ResourceId::121915:2D Color Attachment 121915:3440x1440:R8G8B8A8_SRGB	ResourceId::121886
3702	ps	Shader Module 81867	12036	10	ResourceId::121930:2D Color Attachment 121930:3440x1440:R11G11B10_FLOAT;ResourceId::121921:2D Color Attachment 121921:3440x1440:R10G10B10A2_UNORM;ResourceId::121918:2D Color Attachment 121918:3440x1440:R10G10B10A2_UNORM;ResourceId::121912:2D Color Attachment 121912:3440x1440:R10G10B10A2_UNORM;ResourceId::121915:2D Color Attachment 121915:3440x1440:R8G8B8A8_SRGB	ResourceId::121886
3706	ps	Shader Module 81867	7416	1	ResourceId::121930:2D Color Attachment 121930:3440x1440:R11G11B10_FLOAT;ResourceId::121921:2D Color Attachment 121921:3440x1440:R10G10B10A2_UNORM;ResourceId::121918:2D Color Attachment 121918:3440x1440:R10G10B10A2_UNORM;ResourceId::121912:2D Color Attachment 121912:3440x1440:R10G10B10A2_UNORM;ResourceId::121915:2D Color Attachment 121915:3440x1440:R8G8B8A8_SRGB	ResourceId::121886
3710	ps	Shader Module 81867	849	2	ResourceId::121930:2D Color Attachment 121930:3440x1440:R11G11B10_FLOAT;ResourceId::121921:2D Color Attachment 121921:3440x1440:R10G10B10A2_UNORM;ResourceId::121918:2D Color Attachment 121918:3440x1440:R10G10B10A2_UNORM;ResourceId::121912:2D Color Attachment 121912:3440x1440:R10G10B10A2_UNORM;ResourceId::121915:2D Color Attachment 121915:3440x1440:R8G8B8A8_SRGB	ResourceId::121886
3714	ps	Shader Module 81867	2130	3	ResourceId::121930:2D Color Attachment 121930:3440x1440:R11G11B10_FLOAT;ResourceId::121921:2D Color Attachment 121921:3440x1440:R10G10B10A2_UNORM;ResourceId::121918:2D Color Attachment 121918:3440x1440:R10G10B10A2_UNORM;ResourceId::121912:2D Color Attachment 121912:3440x1440:R10G10B10A2_UNORM;ResourceId::121915:2D Color Attachment 121915:3440x1440:R8G8B8A8_SRGB	ResourceId::121886
3718	ps	Shader Module 81867	17055	10	ResourceId::121930:2D Color Attachment 121930:3440x1440:R11G11B10_FLOAT;ResourceId::121921:2D Color Attachment 121921:3440x1440:R10G10B10A2_UNORM;ResourceId::121918:2D Color Attachment 121918:3440x1440:R10G10B10A2_UNORM;ResourceId::121912:2D Color Attachment 121912:3440x1440:R10G10B10A2_UNORM;ResourceId::121915:2D Color Attachment 121915:3440x1440:R8G8B8A8_SRGB	ResourceId::121886
3723	ps	Shader Module 81867	22332	1	ResourceId::121930:2D Color Attachment 121930:3440x1440:R11G11B10_FLOAT;ResourceId::121921:2D Color Attachment 121921:3440x1440:R10G10B10A2_UNORM;ResourceId::121918:2D Color Attachment 121918:3440x1440:R10G10B10A2_UNORM;ResourceId::121912:2D Color Attachment 121912:3440x1440:R10G10B10A2_UNORM;ResourceId::121915:2D Color Attachment 121915:3440x1440:R8G8B8A8_SRGB	ResourceId::121886
3727	ps	Shader Module 81867	11058	3	ResourceId::121930:2D Color Attachment 121930:3440x1440:R11G11B10_FLOAT;ResourceId::121921:2D Color Attachment 121921:3440x1440:R10G10B10A2_UNORM;ResourceId::121918:2D Color Attachment 121918:3440x1440:R10G10B10A2_UNORM;ResourceId::121912:2D Color Attachment 121912:3440x1440:R10G10B10A2_UNORM;ResourceId::121915:2D Color Attachment 121915:3440x1440:R8G8B8A8_SRGB	ResourceId::121886
3731	ps	Shader Module 81867	5487	1	ResourceId::121930:2D Color Attachment 121930:3440x1440:R11G11B10_FLOAT;ResourceId::121921:2D Color Attachment 121921:3440x1440:R10G10B10A2_UNORM;ResourceId::121918:2D Color Attachment 121918:3440x1440:R10G10B10A2_UNORM;ResourceId::121912:2D Color Attachment 121912:3440x1440:R10G10B10A2_UNORM;ResourceId::121915:2D Color Attachment 121915:3440x1440:R8G8B8A8_SRGB	ResourceId::121886
3735	ps	Shader Module 81867	10566	1	ResourceId::121930:2D Color Attachment 121930:3440x1440:R11G11B10_FLOAT;ResourceId::121921:2D Color Attachment 121921:3440x1440:R10G10B10A2_UNORM;ResourceId::121918:2D Color Attachment 121918:3440x1440:R10G10B10A2_UNORM;ResourceId::121912:2D Color Attachment 121912:3440x1440:R10G10B10A2_UNORM;ResourceId::121915:2D Color Attachment 121915:3440x1440:R8G8B8A8_SRGB	ResourceId::121886
3739	ps	Shader Module 81867	654	5	ResourceId::121930:2D Color Attachment 121930:3440x1440:R11G11B10_FLOAT;ResourceId::121921:2D Color Attachment 121921:3440x1440:R10G10B10A2_UNORM;ResourceId::121918:2D Color Attachment 121918:3440x1440:R10G10B10A2_UNORM;ResourceId::121912:2D Color Attachment 121912:3440x1440:R10G10B10A2_UNORM;ResourceId::121915:2D Color Attachment 121915:3440x1440:R8G8B8A8_SRGB	ResourceId::121886
3743	ps	Shader Module 81867	14994	3	ResourceId::121930:2D Color Attachment 121930:3440x1440:R11G11B10_FLOAT;ResourceId::121921:2D Color Attachment 121921:3440x1440:R10G10B10A2_UNORM;ResourceId::121918:2D Color Attachment 121918:3440x1440:R10G10B10A2_UNORM;ResourceId::121912:2D Color Attachment 121912:3440x1440:R10G10B10A2_UNORM;ResourceId::121915:2D Color Attachment 121915:3440x1440:R8G8B8A8_SRGB	ResourceId::121886
3747	ps	Shader Module 81867	7494	5	ResourceId::121930:2D Color Attachment 121930:3440x1440:R11G11B10_FLOAT;ResourceId::121921:2D Color Attachment 121921:3440x1440:R10G10B10A2_UNORM;ResourceId::121918:2D Color Attachment 121918:3440x1440:R10G10B10A2_UNORM;ResourceId::121912:2D Color Attachment 121912:3440x1440:R10G10B10A2_UNORM;ResourceId::121915:2D Color Attachment 121915:3440x1440:R8G8B8A8_SRGB	ResourceId::121886
3751	ps	Shader Module 81867	3738	8	ResourceId::121930:2D Color Attachment 121930:3440x1440:R11G11B10_FLOAT;ResourceId::121921:2D Color Attachment 121921:3440x1440:R10G10B10A2_UNORM;ResourceId::121918:2D Color Attachment 121918:3440x1440:R10G10B10A2_UNORM;ResourceId::121912:2D Color Attachment 121912:3440x1440:R10G10B10A2_UNORM;ResourceId::121915:2D Color Attachment 121915:3440x1440:R8G8B8A8_SRGB	ResourceId::121886
3756	ps	Shader Module 81867	12708	2	ResourceId::121930:2D Color Attachment 121930:3440x1440:R11G11B10_FLOAT;ResourceId::121921:2D Color Attachment 121921:3440x1440:R10G10B10A2_UNORM;ResourceId::121918:2D Color Attachment 121918:3440x1440:R10G10B10A2_UNORM;ResourceId::121912:2D Color Attachment 121912:3440x1440:R10G10B10A2_UNORM;ResourceId::121915:2D Color Attachment 121915:3440x1440:R8G8B8A8_SRGB	ResourceId::121886
3760	ps	Shader Module 81867	1602	2	ResourceId::121930:2D Color Attachment 121930:3440x1440:R11G11B10_FLOAT;ResourceId::121921:2D Color Attachment 121921:3440x1440:R10G10B10A2_UNORM;ResourceId::121918:2D Color Attachment 121918:3440x1440:R10G10B10A2_UNORM;ResourceId::121912:2D Color Attachment 121912:3440x1440:R10G10B10A2_UNORM;ResourceId::121915:2D Color Attachment 121915:3440x1440:R8G8B8A8_SRGB	ResourceId::121886
3764	ps	Shader Module 81867	888	3	ResourceId::121930:2D Color Attachment 121930:3440x1440:R11G11B10_FLOAT;ResourceId::121921:2D Color Attachment 121921:3440x1440:R10G10B10A2_UNORM;ResourceId::121918:2D Color Attachment 121918:3440x1440:R10G10B10A2_UNORM;ResourceId::121912:2D Color Attachment 121912:3440x1440:R10G10B10A2_UNORM;ResourceId::121915:2D Color Attachment 121915:3440x1440:R8G8B8A8_SRGB	ResourceId::121886
3769	ps	Shader Module 81867	4287	1	ResourceId::121930:2D Color Attachment 121930:3440x1440:R11G11B10_FLOAT;ResourceId::121921:2D Color Attachment 121921:3440x1440:R10G10B10A2_UNORM;ResourceId::121918:2D Color Attachment 121918:3440x1440:R10G10B10A2_UNORM;ResourceId::121912:2D Color Attachment 121912:3440x1440:R10G10B10A2_UNORM;ResourceId::121915:2D Color Attachment 121915:3440x1440:R8G8B8A8_SRGB	ResourceId::121886
3773	ps	Shader Module 81867	2424	1	ResourceId::121930:2D Color Attachment 121930:3440x1440:R11G11B10_FLOAT;ResourceId::121921:2D Color Attachment 121921:3440x1440:R10G10B10A2_UNORM;ResourceId::121918:2D Color Attachment 121918:3440x1440:R10G10B10A2_UNORM;ResourceId::121912:2D Color Attachment 121912:3440x1440:R10G10B10A2_UNORM;ResourceId::121915:2D Color Attachment 121915:3440x1440:R8G8B8A8_SRGB	ResourceId::121886
3777	ps	Shader Module 81867	1434	1	ResourceId::121930:2D Color Attachment 121930:3440x1440:R11G11B10_FLOAT;ResourceId::121921:2D Color Attachment 121921:3440x1440:R10G10B10A2_UNORM;ResourceId::121918:2D Color Attachment 121918:3440x1440:R10G10B10A2_UNORM;ResourceId::121912:2D Color Attachment 121912:3440x1440:R10G10B10A2_UNORM;ResourceId::121915:2D Color Attachment 121915:3440x1440:R8G8B8A8_SRGB	ResourceId::121886
3781	ps	Shader Module 81867	5526	4	ResourceId::121930:2D Color Attachment 121930:3440x1440:R11G11B10_FLOAT;ResourceId::121921:2D Color Attachment 121921:3440x1440:R10G10B10A2_UNORM;ResourceId::121918:2D Color Attachment 121918:3440x1440:R10G10B10A2_UNORM;ResourceId::121912:2D Color Attachment 121912:3440x1440:R10G10B10A2_UNORM;ResourceId::121915:2D Color Attachment 121915:3440x1440:R8G8B8A8_SRGB	ResourceId::121886
3785	ps	Shader Module 81867	2742	5	ResourceId::121930:2D Color Attachment 121930:3440x1440:R11G11B10_FLOAT;ResourceId::121921:2D Color Attachment 121921:3440x1440:R10G10B10A2_UNORM;ResourceId::121918:2D Color Attachment 121918:3440x1440:R10G10B10A2_UNORM;ResourceId::121912:2D Color Attachment 121912:3440x1440:R10G10B10A2_UNORM;ResourceId::121915:2D Color Attachment 121915:3440x1440:R8G8B8A8_SRGB	ResourceId::121886
3789	ps	Shader Module 81867	1413	17	ResourceId::121930:2D Color Attachment 121930:3440x1440:R11G11B10_FLOAT;ResourceId::121921:2D Color Attachment 121921:3440x1440:R10G10B10A2_UNORM;ResourceId::121918:2D Color Attachment 121918:3440x1440:R10G10B10A2_UNORM;ResourceId::121912:2D Color Attachment 121912:3440x1440:R10G10B10A2_UNORM;ResourceId::121915:2D Color Attachment 121915:3440x1440:R8G8B8A8_SRGB	ResourceId::121886
3793	ps	Shader Module 81867	2592	3	ResourceId::121930:2D Color Attachment 121930:3440x1440:R11G11B10_FLOAT;ResourceId::121921:2D Color Attachment 121921:3440x1440:R10G10B10A2_UNORM;ResourceId::121918:2D Color Attachment 121918:3440x1440:R10G10B10A2_UNORM;ResourceId::121912:2D Color Attachment 121912:3440x1440:R10G10B10A2_UNORM;ResourceId::121915:2D Color Attachment 121915:3440x1440:R8G8B8A8_SRGB	ResourceId::121886
3797	ps	Shader Module 81867	3306	1	ResourceId::121930:2D Color Attachment 121930:3440x1440:R11G11B10_FLOAT;ResourceId::121921:2D Color Attachment 121921:3440x1440:R10G10B10A2_UNORM;ResourceId::121918:2D Color Attachment 121918:3440x1440:R10G10B10A2_UNORM;ResourceId::121912:2D Color Attachment 121912:3440x1440:R10G10B10A2_UNORM;ResourceId::121915:2D Color Attachment 121915:3440x1440:R8G8B8A8_SRGB	ResourceId::121886
3801	ps	Shader Module 81867	1476	2	ResourceId::121930:2D Color Attachment 121930:3440x1440:R11G11B10_FLOAT;ResourceId::121921:2D Color Attachment 121921:3440x1440:R10G10B10A2_UNORM;ResourceId::121918:2D Color Attachment 121918:3440x1440:R10G10B10A2_UNORM;ResourceId::121912:2D Color Attachment 121912:3440x1440:R10G10B10A2_UNORM;ResourceId::121915:2D Color Attachment 121915:3440x1440:R8G8B8A8_SRGB	ResourceId::121886
3805	ps	Shader Module 81867	11910	2	ResourceId::121930:2D Color Attachment 121930:3440x1440:R11G11B10_FLOAT;ResourceId::121921:2D Color Attachment 121921:3440x1440:R10G10B10A2_UNORM;ResourceId::121918:2D Color Attachment 121918:3440x1440:R10G10B10A2_UNORM;ResourceId::121912:2D Color Attachment 121912:3440x1440:R10G10B10A2_UNORM;ResourceId::121915:2D Color Attachment 121915:3440x1440:R8G8B8A8_SRGB	ResourceId::121886
3809	ps	Shader Module 81867	2970	6	ResourceId::121930:2D Color Attachment 121930:3440x1440:R11G11B10_FLOAT;ResourceId::121921:2D Color Attachment 121921:3440x1440:R10G10B10A2_UNORM;ResourceId::121918:2D Color Attachment 121918:3440x1440:R10G10B10A2_UNORM;ResourceId::121912:2D Color Attachment 121912:3440x1440:R10G10B10A2_UNORM;ResourceId::121915:2D Color Attachment 121915:3440x1440:R8G8B8A8_SRGB	ResourceId::121886
3813	ps	Shader Module 81867	864	5	ResourceId::121930:2D Color Attachment 121930:3440x1440:R11G11B10_FLOAT;ResourceId::121921:2D Color Attachment 121921:3440x1440:R10G10B10A2_UNORM;ResourceId::121918:2D Color Attachment 121918:3440x1440:R10G10B10A2_UNORM;ResourceId::121912:2D Color Attachment 121912:3440x1440:R10G10B10A2_UNORM;ResourceId::121915:2D Color Attachment 121915:3440x1440:R8G8B8A8_SRGB	ResourceId::121886
3818	ps	Shader Module 81867	936	1	ResourceId::121930:2D Color Attachment 121930:3440x1440:R11G11B10_FLOAT;ResourceId::121921:2D Color Attachment 121921:3440x1440:R10G10B10A2_UNORM;ResourceId::121918:2D Color Attachment 121918:3440x1440:R10G10B10A2_UNORM;ResourceId::121912:2D Color Attachment 121912:3440x1440:R10G10B10A2_UNORM;ResourceId::121915:2D Color Attachment 121915:3440x1440:R8G8B8A8_SRGB	ResourceId::121886
3822	ps	Shader Module 81867	2178	1	ResourceId::121930:2D Color Attachment 121930:3440x1440:R11G11B10_FLOAT;ResourceId::121921:2D Color Attachment 121921:3440x1440:R10G10B10A2_UNORM;ResourceId::121918:2D Color Attachment 121918:3440x1440:R10G10B10A2_UNORM;ResourceId::121912:2D Color Attachment 121912:3440x1440:R10G10B10A2_UNORM;ResourceId::121915:2D Color Attachment 121915:3440x1440:R8G8B8A8_SRGB	ResourceId::121886
3827	ps	Shader Module 81867	744	5	ResourceId::121930:2D Color Attachment 121930:3440x1440:R11G11B10_FLOAT;ResourceId::121921:2D Color Attachment 121921:3440x1440:R10G10B10A2_UNORM;ResourceId::121918:2D Color Attachment 121918:3440x1440:R10G10B10A2_UNORM;ResourceId::121912:2D Color Attachment 121912:3440x1440:R10G10B10A2_UNORM;ResourceId::121915:2D Color Attachment 121915:3440x1440:R8G8B8A8_SRGB	ResourceId::121886
3832	ps	Shader Module 81867	522	2	ResourceId::121930:2D Color Attachment 121930:3440x1440:R11G11B10_FLOAT;ResourceId::121921:2D Color Attachment 121921:3440x1440:R10G10B10A2_UNORM;ResourceId::121918:2D Color Attachment 121918:3440x1440:R10G10B10A2_UNORM;ResourceId::121912:2D Color Attachment 121912:3440x1440:R10G10B10A2_UNORM;ResourceId::121915:2D Color Attachment 121915:3440x1440:R8G8B8A8_SRGB	ResourceId::121886
3836	ps	Shader Module 81867	1122	1	ResourceId::121930:2D Color Attachment 121930:3440x1440:R11G11B10_FLOAT;ResourceId::121921:2D Color Attachment 121921:3440x1440:R10G10B10A2_UNORM;ResourceId::121918:2D Color Attachment 121918:3440x1440:R10G10B10A2_UNORM;ResourceId::121912:2D Color Attachment 121912:3440x1440:R10G10B10A2_UNORM;ResourceId::121915:2D Color Attachment 121915:3440x1440:R8G8B8A8_SRGB	ResourceId::121886
3838	ps	Shader Module 81867	1122	1	ResourceId::121930:2D Color Attachment 121930:3440x1440:R11G11B10_FLOAT;ResourceId::121921:2D Color Attachment 121921:3440x1440:R10G10B10A2_UNORM;ResourceId::121918:2D Color Attachment 121918:3440x1440:R10G10B10A2_UNORM;ResourceId::121912:2D Color Attachment 121912:3440x1440:R10G10B10A2_UNORM;ResourceId::121915:2D Color Attachment 121915:3440x1440:R8G8B8A8_SRGB	ResourceId::121886
3843	ps	Shader Module 81867	6330	9	ResourceId::121930:2D Color Attachment 121930:3440x1440:R11G11B10_FLOAT;ResourceId::121921:2D Color Attachment 121921:3440x1440:R10G10B10A2_UNORM;ResourceId::121918:2D Color Attachment 121918:3440x1440:R10G10B10A2_UNORM;ResourceId::121912:2D Color Attachment 121912:3440x1440:R10G10B10A2_UNORM;ResourceId::121915:2D Color Attachment 121915:3440x1440:R8G8B8A8_SRGB	ResourceId::121886
3847	ps	Shader Module 81867	1590	2	ResourceId::121930:2D Color Attachment 121930:3440x1440:R11G11B10_FLOAT;ResourceId::121921:2D Color Attachment 121921:3440x1440:R10G10B10A2_UNORM;ResourceId::121918:2D Color Attachment 121918:3440x1440:R10G10B10A2_UNORM;ResourceId::121912:2D Color Attachment 121912:3440x1440:R10G10B10A2_UNORM;ResourceId::121915:2D Color Attachment 121915:3440x1440:R8G8B8A8_SRGB	ResourceId::121886
3851	ps	Shader Module 81867	12780	7	ResourceId::121930:2D Color Attachment 121930:3440x1440:R11G11B10_FLOAT;ResourceId::121921:2D Color Attachment 121921:3440x1440:R10G10B10A2_UNORM;ResourceId::121918:2D Color Attachment 121918:3440x1440:R10G10B10A2_UNORM;ResourceId::121912:2D Color Attachment 121912:3440x1440:R10G10B10A2_UNORM;ResourceId::121915:2D Color Attachment 121915:3440x1440:R8G8B8A8_SRGB	ResourceId::121886
3856	ps	Shader Module 87717	6792	1	ResourceId::121930:2D Color Attachment 121930:3440x1440:R11G11B10_FLOAT;ResourceId::121921:2D Color Attachment 121921:3440x1440:R10G10B10A2_UNORM;ResourceId::121918:2D Color Attachment 121918:3440x1440:R10G10B10A2_UNORM;ResourceId::121912:2D Color Attachment 121912:3440x1440:R10G10B10A2_UNORM;ResourceId::121915:2D Color Attachment 121915:3440x1440:R8G8B8A8_SRGB	ResourceId::121886
3860	ps	Shader Module 87717	2346	16	ResourceId::121930:2D Color Attachment 121930:3440x1440:R11G11B10_FLOAT;ResourceId::121921:2D Color Attachment 121921:3440x1440:R10G10B10A2_UNORM;ResourceId::121918:2D Color Attachment 121918:3440x1440:R10G10B10A2_UNORM;ResourceId::121912:2D Color Attachment 121912:3440x1440:R10G10B10A2_UNORM;ResourceId::121915:2D Color Attachment 121915:3440x1440:R8G8B8A8_SRGB	ResourceId::121886
3865	ps	Shader Module 87724	17160	4	ResourceId::121930:2D Color Attachment 121930:3440x1440:R11G11B10_FLOAT;ResourceId::121921:2D Color Attachment 121921:3440x1440:R10G10B10A2_UNORM;ResourceId::121918:2D Color Attachment 121918:3440x1440:R10G10B10A2_UNORM;ResourceId::121912:2D Color Attachment 121912:3440x1440:R10G10B10A2_UNORM;ResourceId::121915:2D Color Attachment 121915:3440x1440:R8G8B8A8_SRGB	ResourceId::121886
3869	ps	Shader Module 87724	8049	1	ResourceId::121930:2D Color Attachment 121930:3440x1440:R11G11B10_FLOAT;ResourceId::121921:2D Color Attachment 121921:3440x1440:R10G10B10A2_UNORM;ResourceId::121918:2D Color Attachment 121918:3440x1440:R10G10B10A2_UNORM;ResourceId::121912:2D Color Attachment 121912:3440x1440:R10G10B10A2_UNORM;ResourceId::121915:2D Color Attachment 121915:3440x1440:R8G8B8A8_SRGB	ResourceId::121886
3874	ps	Shader Module 107809	36	1	ResourceId::121930:2D Color Attachment 121930:3440x1440:R11G11B10_FLOAT;ResourceId::121921:2D Color Attachment 121921:3440x1440:R10G10B10A2_UNORM;ResourceId::121918:2D Color Attachment 121918:3440x1440:R10G10B10A2_UNORM;ResourceId::121912:2D Color Attachment 121912:3440x1440:R10G10B10A2_UNORM;ResourceId::121915:2D Color Attachment 121915:3440x1440:R8G8B8A8_SRGB	ResourceId::121886
3879	ps	Shader Module 87731	1116	4	ResourceId::121930:2D Color Attachment 121930:3440x1440:R11G11B10_FLOAT;ResourceId::121921:2D Color Attachment 121921:3440x1440:R10G10B10A2_UNORM;ResourceId::121918:2D Color Attachment 121918:3440x1440:R10G10B10A2_UNORM;ResourceId::121912:2D Color Attachment 121912:3440x1440:R10G10B10A2_UNORM;ResourceId::121915:2D Color Attachment 121915:3440x1440:R8G8B8A8_SRGB	ResourceId::121886
3885	ps	Shader Module 87731	810	2	ResourceId::121930:2D Color Attachment 121930:3440x1440:R11G11B10_FLOAT;ResourceId::121921:2D Color Attachment 121921:3440x1440:R10G10B10A2_UNORM;ResourceId::121918:2D Color Attachment 121918:3440x1440:R10G10B10A2_UNORM;ResourceId::121912:2D Color Attachment 121912:3440x1440:R10G10B10A2_UNORM;ResourceId::121915:2D Color Attachment 121915:3440x1440:R8G8B8A8_SRGB	ResourceId::121886
3890	ps	Shader Module 87735	5709	13	ResourceId::121930:2D Color Attachment 121930:3440x1440:R11G11B10_FLOAT;ResourceId::121921:2D Color Attachment 121921:3440x1440:R10G10B10A2_UNORM;ResourceId::121918:2D Color Attachment 121918:3440x1440:R10G10B10A2_UNORM;ResourceId::121912:2D Color Attachment 121912:3440x1440:R10G10B10A2_UNORM;ResourceId::121915:2D Color Attachment 121915:3440x1440:R8G8B8A8_SRGB	ResourceId::121886
3894	ps	Shader Module 87735	810	13	ResourceId::121930:2D Color Attachment 121930:3440x1440:R11G11B10_FLOAT;ResourceId::121921:2D Color Attachment 121921:3440x1440:R10G10B10A2_UNORM;ResourceId::121918:2D Color Attachment 121918:3440x1440:R10G10B10A2_UNORM;ResourceId::121912:2D Color Attachment 121912:3440x1440:R10G10B10A2_UNORM;ResourceId::121915:2D Color Attachment 121915:3440x1440:R8G8B8A8_SRGB	ResourceId::121886
3898	ps	Shader Module 87735	3009	6	ResourceId::121930:2D Color Attachment 121930:3440x1440:R11G11B10_FLOAT;ResourceId::121921:2D Color Attachment 121921:3440x1440:R10G10B10A2_UNORM;ResourceId::121918:2D Color Attachment 121918:3440x1440:R10G10B10A2_UNORM;ResourceId::121912:2D Color Attachment 121912:3440x1440:R10G10B10A2_UNORM;ResourceId::121915:2D Color Attachment 121915:3440x1440:R8G8B8A8_SRGB	ResourceId::121886
3902	ps	Shader Module 87735	2142	12	ResourceId::121930:2D Color Attachment 121930:3440x1440:R11G11B10_FLOAT;ResourceId::121921:2D Color Attachment 121921:3440x1440:R10G10B10A2_UNORM;ResourceId::121918:2D Color Attachment 121918:3440x1440:R10G10B10A2_UNORM;ResourceId::121912:2D Color Attachment 121912:3440x1440:R10G10B10A2_UNORM;ResourceId::121915:2D Color Attachment 121915:3440x1440:R8G8B8A8_SRGB	ResourceId::121886
3906	ps	Shader Module 87735	1458	2	ResourceId::121930:2D Color Attachment 121930:3440x1440:R11G11B10_FLOAT;ResourceId::121921:2D Color Attachment 121921:3440x1440:R10G10B10A2_UNORM;ResourceId::121918:2D Color Attachment 121918:3440x1440:R10G10B10A2_UNORM;ResourceId::121912:2D Color Attachment 121912:3440x1440:R10G10B10A2_UNORM;ResourceId::121915:2D Color Attachment 121915:3440x1440:R8G8B8A8_SRGB	ResourceId::121886
3911	ps	Shader Module 87735	6948	1	ResourceId::121930:2D Color Attachment 121930:3440x1440:R11G11B10_FLOAT;ResourceId::121921:2D Color Attachment 121921:3440x1440:R10G10B10A2_UNORM;ResourceId::121918:2D Color Attachment 121918:3440x1440:R10G10B10A2_UNORM;ResourceId::121912:2D Color Attachment 121912:3440x1440:R10G10B10A2_UNORM;ResourceId::121915:2D Color Attachment 121915:3440x1440:R8G8B8A8_SRGB	ResourceId::121886
3915	ps	Shader Module 87735	1875	4	ResourceId::121930:2D Color Attachment 121930:3440x1440:R11G11B10_FLOAT;ResourceId::121921:2D Color Attachment 121921:3440x1440:R10G10B10A2_UNORM;ResourceId::121918:2D Color Attachment 121918:3440x1440:R10G10B10A2_UNORM;ResourceId::121912:2D Color Attachment 121912:3440x1440:R10G10B10A2_UNORM;ResourceId::121915:2D Color Attachment 121915:3440x1440:R8G8B8A8_SRGB	ResourceId::121886
3920	ps	Shader Module 87735	198	2	ResourceId::121930:2D Color Attachment 121930:3440x1440:R11G11B10_FLOAT;ResourceId::121921:2D Color Attachment 121921:3440x1440:R10G10B10A2_UNORM;ResourceId::121918:2D Color Attachment 121918:3440x1440:R10G10B10A2_UNORM;ResourceId::121912:2D Color Attachment 121912:3440x1440:R10G10B10A2_UNORM;ResourceId::121915:2D Color Attachment 121915:3440x1440:R8G8B8A8_SRGB	ResourceId::121886
3924	ps	Shader Module 87735	144	3	ResourceId::121930:2D Color Attachment 121930:3440x1440:R11G11B10_FLOAT;ResourceId::121921:2D Color Attachment 121921:3440x1440:R10G10B10A2_UNORM;ResourceId::121918:2D Color Attachment 121918:3440x1440:R10G10B10A2_UNORM;ResourceId::121912:2D Color Attachment 121912:3440x1440:R10G10B10A2_UNORM;ResourceId::121915:2D Color Attachment 121915:3440x1440:R8G8B8A8_SRGB	ResourceId::121886
3928	ps	Shader Module 87735	567	2	ResourceId::121930:2D Color Attachment 121930:3440x1440:R11G11B10_FLOAT;ResourceId::121921:2D Color Attachment 121921:3440x1440:R10G10B10A2_UNORM;ResourceId::121918:2D Color Attachment 121918:3440x1440:R10G10B10A2_UNORM;ResourceId::121912:2D Color Attachment 121912:3440x1440:R10G10B10A2_UNORM;ResourceId::121915:2D Color Attachment 121915:3440x1440:R8G8B8A8_SRGB	ResourceId::121886
3933	ps	Shader Module 87735	468	1	ResourceId::121930:2D Color Attachment 121930:3440x1440:R11G11B10_FLOAT;ResourceId::121921:2D Color Attachment 121921:3440x1440:R10G10B10A2_UNORM;ResourceId::121918:2D Color Attachment 121918:3440x1440:R10G10B10A2_UNORM;ResourceId::121912:2D Color Attachment 121912:3440x1440:R10G10B10A2_UNORM;ResourceId::121915:2D Color Attachment 121915:3440x1440:R8G8B8A8_SRGB	ResourceId::121886
3937	ps	Shader Module 87735	1026	1	ResourceId::121930:2D Color Attachment 121930:3440x1440:R11G11B10_FLOAT;ResourceId::121921:2D Color Attachment 121921:3440x1440:R10G10B10A2_UNORM;ResourceId::121918:2D Color Attachment 121918:3440x1440:R10G10B10A2_UNORM;ResourceId::121912:2D Color Attachment 121912:3440x1440:R10G10B10A2_UNORM;ResourceId::121915:2D Color Attachment 121915:3440x1440:R8G8B8A8_SRGB	ResourceId::121886
3942	ps	Shader Module 87735	810	3	ResourceId::121930:2D Color Attachment 121930:3440x1440:R11G11B10_FLOAT;ResourceId::121921:2D Color Attachment 121921:3440x1440:R10G10B10A2_UNORM;ResourceId::121918:2D Color Attachment 121918:3440x1440:R10G10B10A2_UNORM;ResourceId::121912:2D Color Attachment 121912:3440x1440:R10G10B10A2_UNORM;ResourceId::121915:2D Color Attachment 121915:3440x1440:R8G8B8A8_SRGB	ResourceId::121886
3946	ps	Shader Module 87735	2142	2	ResourceId::121930:2D Color Attachment 121930:3440x1440:R11G11B10_FLOAT;ResourceId::121921:2D Color Attachment 121921:3440x1440:R10G10B10A2_UNORM;ResourceId::121918:2D Color Attachment 121918:3440x1440:R10G10B10A2_UNORM;ResourceId::121912:2D Color Attachment 121912:3440x1440:R10G10B10A2_UNORM;ResourceId::121915:2D Color Attachment 121915:3440x1440:R8G8B8A8_SRGB	ResourceId::121886
3951	ps	Shader Module 87735	3345	2	ResourceId::121930:2D Color Attachment 121930:3440x1440:R11G11B10_FLOAT;ResourceId::121921:2D Color Attachment 121921:3440x1440:R10G10B10A2_UNORM;ResourceId::121918:2D Color Attachment 121918:3440x1440:R10G10B10A2_UNORM;ResourceId::121912:2D Color Attachment 121912:3440x1440:R10G10B10A2_UNORM;ResourceId::121915:2D Color Attachment 121915:3440x1440:R8G8B8A8_SRGB	ResourceId::121886
3955	ps	Shader Module 87735	7815	1	ResourceId::121930:2D Color Attachment 121930:3440x1440:R11G11B10_FLOAT;ResourceId::121921:2D Color Attachment 121921:3440x1440:R10G10B10A2_UNORM;ResourceId::121918:2D Color Attachment 121918:3440x1440:R10G10B10A2_UNORM;ResourceId::121912:2D Color Attachment 121912:3440x1440:R10G10B10A2_UNORM;ResourceId::121915:2D Color Attachment 121915:3440x1440:R8G8B8A8_SRGB	ResourceId::121886
3959	ps	Shader Module 87735	432	26	ResourceId::121930:2D Color Attachment 121930:3440x1440:R11G11B10_FLOAT;ResourceId::121921:2D Color Attachment 121921:3440x1440:R10G10B10A2_UNORM;ResourceId::121918:2D Color Attachment 121918:3440x1440:R10G10B10A2_UNORM;ResourceId::121912:2D Color Attachment 121912:3440x1440:R10G10B10A2_UNORM;ResourceId::121915:2D Color Attachment 121915:3440x1440:R8G8B8A8_SRGB	ResourceId::121886
3964	ps	Shader Module 87735	1140	2	ResourceId::121930:2D Color Attachment 121930:3440x1440:R11G11B10_FLOAT;ResourceId::121921:2D Color Attachment 121921:3440x1440:R10G10B10A2_UNORM;ResourceId::121918:2D Color Attachment 121918:3440x1440:R10G10B10A2_UNORM;ResourceId::121912:2D Color Attachment 121912:3440x1440:R10G10B10A2_UNORM;ResourceId::121915:2D Color Attachment 121915:3440x1440:R8G8B8A8_SRGB	ResourceId::121886
3968	ps	Shader Module 87735	252	3	ResourceId::121930:2D Color Attachment 121930:3440x1440:R11G11B10_FLOAT;ResourceId::121921:2D Color Attachment 121921:3440x1440:R10G10B10A2_UNORM;ResourceId::121918:2D Color Attachment 121918:3440x1440:R10G10B10A2_UNORM;ResourceId::121912:2D Color Attachment 121912:3440x1440:R10G10B10A2_UNORM;ResourceId::121915:2D Color Attachment 121915:3440x1440:R8G8B8A8_SRGB	ResourceId::121886
3972	ps	Shader Module 87735	486	1	ResourceId::121930:2D Color Attachment 121930:3440x1440:R11G11B10_FLOAT;ResourceId::121921:2D Color Attachment 121921:3440x1440:R10G10B10A2_UNORM;ResourceId::121918:2D Color Attachment 121918:3440x1440:R10G10B10A2_UNORM;ResourceId::121912:2D Color Attachment 121912:3440x1440:R10G10B10A2_UNORM;ResourceId::121915:2D Color Attachment 121915:3440x1440:R8G8B8A8_SRGB	ResourceId::121886
3976	ps	Shader Module 87735	360	3	ResourceId::121930:2D Color Attachment 121930:3440x1440:R11G11B10_FLOAT;ResourceId::121921:2D Color Attachment 121921:3440x1440:R10G10B10A2_UNORM;ResourceId::121918:2D Color Attachment 121918:3440x1440:R10G10B10A2_UNORM;ResourceId::121912:2D Color Attachment 121912:3440x1440:R10G10B10A2_UNORM;ResourceId::121915:2D Color Attachment 121915:3440x1440:R8G8B8A8_SRGB	ResourceId::121886
3980	ps	Shader Module 87735	324	3	ResourceId::121930:2D Color Attachment 121930:3440x1440:R11G11B10_FLOAT;ResourceId::121921:2D Color Attachment 121921:3440x1440:R10G10B10A2_UNORM;ResourceId::121918:2D Color Attachment 121918:3440x1440:R10G10B10A2_UNORM;ResourceId::121912:2D Color Attachment 121912:3440x1440:R10G10B10A2_UNORM;ResourceId::121915:2D Color Attachment 121915:3440x1440:R8G8B8A8_SRGB	ResourceId::121886
3984	ps	Shader Module 87735	216	4	ResourceId::121930:2D Color Attachment 121930:3440x1440:R11G11B10_FLOAT;ResourceId::121921:2D Color Attachment 121921:3440x1440:R10G10B10A2_UNORM;ResourceId::121918:2D Color Attachment 121918:3440x1440:R10G10B10A2_UNORM;ResourceId::121912:2D Color Attachment 121912:3440x1440:R10G10B10A2_UNORM;ResourceId::121915:2D Color Attachment 121915:3440x1440:R8G8B8A8_SRGB	ResourceId::121886
3988	ps	Shader Module 87735	180	2	ResourceId::121930:2D Color Attachment 121930:3440x1440:R11G11B10_FLOAT;ResourceId::121921:2D Color Attachment 121921:3440x1440:R10G10B10A2_UNORM;ResourceId::121918:2D Color Attachment 121918:3440x1440:R10G10B10A2_UNORM;ResourceId::121912:2D Color Attachment 121912:3440x1440:R10G10B10A2_UNORM;ResourceId::121915:2D Color Attachment 121915:3440x1440:R8G8B8A8_SRGB	ResourceId::121886
3992	ps	Shader Module 87735	360	4	ResourceId::121930:2D Color Attachment 121930:3440x1440:R11G11B10_FLOAT;ResourceId::121921:2D Color Attachment 121921:3440x1440:R10G10B10A2_UNORM;ResourceId::121918:2D Color Attachment 121918:3440x1440:R10G10B10A2_UNORM;ResourceId::121912:2D Color Attachment 121912:3440x1440:R10G10B10A2_UNORM;ResourceId::121915:2D Color Attachment 121915:3440x1440:R8G8B8A8_SRGB	ResourceId::121886
3998	ps	Shader Module 87740	4242	1	ResourceId::121930:2D Color Attachment 121930:3440x1440:R11G11B10_FLOAT;ResourceId::121921:2D Color Attachment 121921:3440x1440:R10G10B10A2_UNORM;ResourceId::121918:2D Color Attachment 121918:3440x1440:R10G10B10A2_UNORM;ResourceId::121912:2D Color Attachment 121912:3440x1440:R10G10B10A2_UNORM;ResourceId::121915:2D Color Attachment 121915:3440x1440:R8G8B8A8_SRGB	ResourceId::121886
4002	ps	Shader Module 87740	438	1	ResourceId::121930:2D Color Attachment 121930:3440x1440:R11G11B10_FLOAT;ResourceId::121921:2D Color Attachment 121921:3440x1440:R10G10B10A2_UNORM;ResourceId::121918:2D Color Attachment 121918:3440x1440:R10G10B10A2_UNORM;ResourceId::121912:2D Color Attachment 121912:3440x1440:R10G10B10A2_UNORM;ResourceId::121915:2D Color Attachment 121915:3440x1440:R8G8B8A8_SRGB	ResourceId::121886
4006	ps	Shader Module 87740	756	2	ResourceId::121930:2D Color Attachment 121930:3440x1440:R11G11B10_FLOAT;ResourceId::121921:2D Color Attachment 121921:3440x1440:R10G10B10A2_UNORM;ResourceId::121918:2D Color Attachment 121918:3440x1440:R10G10B10A2_UNORM;ResourceId::121912:2D Color Attachment 121912:3440x1440:R10G10B10A2_UNORM;ResourceId::121915:2D Color Attachment 121915:3440x1440:R8G8B8A8_SRGB	ResourceId::121886
4010	ps	Shader Module 87740	756	2	ResourceId::121930:2D Color Attachment 121930:3440x1440:R11G11B10_FLOAT;ResourceId::121921:2D Color Attachment 121921:3440x1440:R10G10B10A2_UNORM;ResourceId::121918:2D Color Attachment 121918:3440x1440:R10G10B10A2_UNORM;ResourceId::121912:2D Color Attachment 121912:3440x1440:R10G10B10A2_UNORM;ResourceId::121915:2D Color Attachment 121915:3440x1440:R8G8B8A8_SRGB	ResourceId::121886
4016	ps	Shader Module 87745	594	1	ResourceId::121930:2D Color Attachment 121930:3440x1440:R11G11B10_FLOAT;ResourceId::121921:2D Color Attachment 121921:3440x1440:R10G10B10A2_UNORM;ResourceId::121918:2D Color Attachment 121918:3440x1440:R10G10B10A2_UNORM;ResourceId::121912:2D Color Attachment 121912:3440x1440:R10G10B10A2_UNORM;ResourceId::121915:2D Color Attachment 121915:3440x1440:R8G8B8A8_SRGB	ResourceId::121886
4022	ps	Shader Module 87749	9456	1	ResourceId::121930:2D Color Attachment 121930:3440x1440:R11G11B10_FLOAT;ResourceId::121921:2D Color Attachment 121921:3440x1440:R10G10B10A2_UNORM;ResourceId::121918:2D Color Attachment 121918:3440x1440:R10G10B10A2_UNORM;ResourceId::121912:2D Color Attachment 121912:3440x1440:R10G10B10A2_UNORM;ResourceId::121915:2D Color Attachment 121915:3440x1440:R8G8B8A8_SRGB	ResourceId::121886
4027	ps	Shader Module 87763	23208	2	ResourceId::121930:2D Color Attachment 121930:3440x1440:R11G11B10_FLOAT;ResourceId::121921:2D Color Attachment 121921:3440x1440:R10G10B10A2_UNORM;ResourceId::121918:2D Color Attachment 121918:3440x1440:R10G10B10A2_UNORM;ResourceId::121912:2D Color Attachment 121912:3440x1440:R10G10B10A2_UNORM;ResourceId::121915:2D Color Attachment 121915:3440x1440:R8G8B8A8_SRGB	ResourceId::121886
4031	ps	Shader Module 87763	5748	1	ResourceId::121930:2D Color Attachment 121930:3440x1440:R11G11B10_FLOAT;ResourceId::121921:2D Color Attachment 121921:3440x1440:R10G10B10A2_UNORM;ResourceId::121918:2D Color Attachment 121918:3440x1440:R10G10B10A2_UNORM;ResourceId::121912:2D Color Attachment 121912:3440x1440:R10G10B10A2_UNORM;ResourceId::121915:2D Color Attachment 121915:3440x1440:R8G8B8A8_SRGB	ResourceId::121886
4035	ps	Shader Module 87763	633	2	ResourceId::121930:2D Color Attachment 121930:3440x1440:R11G11B10_FLOAT;ResourceId::121921:2D Color Attachment 121921:3440x1440:R10G10B10A2_UNORM;ResourceId::121918:2D Color Attachment 121918:3440x1440:R10G10B10A2_UNORM;ResourceId::121912:2D Color Attachment 121912:3440x1440:R10G10B10A2_UNORM;ResourceId::121915:2D Color Attachment 121915:3440x1440:R8G8B8A8_SRGB	ResourceId::121886
4039	ps	Shader Module 87763	5949	2	ResourceId::121930:2D Color Attachment 121930:3440x1440:R11G11B10_FLOAT;ResourceId::121921:2D Color Attachment 121921:3440x1440:R10G10B10A2_UNORM;ResourceId::121918:2D Color Attachment 121918:3440x1440:R10G10B10A2_UNORM;ResourceId::121912:2D Color Attachment 121912:3440x1440:R10G10B10A2_UNORM;ResourceId::121915:2D Color Attachment 121915:3440x1440:R8G8B8A8_SRGB	ResourceId::121886
4043	ps	Shader Module 87763	11316	2	ResourceId::121930:2D Color Attachment 121930:3440x1440:R11G11B10_FLOAT;ResourceId::121921:2D Color Attachment 121921:3440x1440:R10G10B10A2_UNORM;ResourceId::121918:2D Color Attachment 121918:3440x1440:R10G10B10A2_UNORM;ResourceId::121912:2D Color Attachment 121912:3440x1440:R10G10B10A2_UNORM;ResourceId::121915:2D Color Attachment 121915:3440x1440:R8G8B8A8_SRGB	ResourceId::121886
4047	ps	Shader Module 87763	9498	1	ResourceId::121930:2D Color Attachment 121930:3440x1440:R11G11B10_FLOAT;ResourceId::121921:2D Color Attachment 121921:3440x1440:R10G10B10A2_UNORM;ResourceId::121918:2D Color Attachment 121918:3440x1440:R10G10B10A2_UNORM;ResourceId::121912:2D Color Attachment 121912:3440x1440:R10G10B10A2_UNORM;ResourceId::121915:2D Color Attachment 121915:3440x1440:R8G8B8A8_SRGB	ResourceId::121886
4052	ps	Shader Module 87763	23853	2	ResourceId::121930:2D Color Attachment 121930:3440x1440:R11G11B10_FLOAT;ResourceId::121921:2D Color Attachment 121921:3440x1440:R10G10B10A2_UNORM;ResourceId::121918:2D Color Attachment 121918:3440x1440:R10G10B10A2_UNORM;ResourceId::121912:2D Color Attachment 121912:3440x1440:R10G10B10A2_UNORM;ResourceId::121915:2D Color Attachment 121915:3440x1440:R8G8B8A8_SRGB	ResourceId::121886
4056	ps	Shader Module 87763	5784	1	ResourceId::121930:2D Color Attachment 121930:3440x1440:R11G11B10_FLOAT;ResourceId::121921:2D Color Attachment 121921:3440x1440:R10G10B10A2_UNORM;ResourceId::121918:2D Color Attachment 121918:3440x1440:R10G10B10A2_UNORM;ResourceId::121912:2D Color Attachment 121912:3440x1440:R10G10B10A2_UNORM;ResourceId::121915:2D Color Attachment 121915:3440x1440:R8G8B8A8_SRGB	ResourceId::121886
4061	ps	Shader Module 87763	258	3	ResourceId::121930:2D Color Attachment 121930:3440x1440:R11G11B10_FLOAT;ResourceId::121921:2D Color Attachment 121921:3440x1440:R10G10B10A2_UNORM;ResourceId::121918:2D Color Attachment 121918:3440x1440:R10G10B10A2_UNORM;ResourceId::121912:2D Color Attachment 121912:3440x1440:R10G10B10A2_UNORM;ResourceId::121915:2D Color Attachment 121915:3440x1440:R8G8B8A8_SRGB	ResourceId::121886
4066	ps	Shader Module 87768	8664	1	ResourceId::121930:2D Color Attachment 121930:3440x1440:R11G11B10_FLOAT;ResourceId::121921:2D Color Attachment 121921:3440x1440:R10G10B10A2_UNORM;ResourceId::121918:2D Color Attachment 121918:3440x1440:R10G10B10A2_UNORM;ResourceId::121912:2D Color Attachment 121912:3440x1440:R10G10B10A2_UNORM;ResourceId::121915:2D Color Attachment 121915:3440x1440:R8G8B8A8_SRGB	ResourceId::121886
4070	ps	Shader Module 87768	2154	1	ResourceId::121930:2D Color Attachment 121930:3440x1440:R11G11B10_FLOAT;ResourceId::121921:2D Color Attachment 121921:3440x1440:R10G10B10A2_UNORM;ResourceId::121918:2D Color Attachment 121918:3440x1440:R10G10B10A2_UNORM;ResourceId::121912:2D Color Attachment 121912:3440x1440:R10G10B10A2_UNORM;ResourceId::121915:2D Color Attachment 121915:3440x1440:R8G8B8A8_SRGB	ResourceId::121886
4074	ps	Shader Module 87768	1020	7	ResourceId::121930:2D Color Attachment 121930:3440x1440:R11G11B10_FLOAT;ResourceId::121921:2D Color Attachment 121921:3440x1440:R10G10B10A2_UNORM;ResourceId::121918:2D Color Attachment 121918:3440x1440:R10G10B10A2_UNORM;ResourceId::121912:2D Color Attachment 121912:3440x1440:R10G10B10A2_UNORM;ResourceId::121915:2D Color Attachment 121915:3440x1440:R8G8B8A8_SRGB	ResourceId::121886
4079	ps	Shader Module 87768	408	1	ResourceId::121930:2D Color Attachment 121930:3440x1440:R11G11B10_FLOAT;ResourceId::121921:2D Color Attachment 121921:3440x1440:R10G10B10A2_UNORM;ResourceId::121918:2D Color Attachment 121918:3440x1440:R10G10B10A2_UNORM;ResourceId::121912:2D Color Attachment 121912:3440x1440:R10G10B10A2_UNORM;ResourceId::121915:2D Color Attachment 121915:3440x1440:R8G8B8A8_SRGB	ResourceId::121886
4084	ps	Shader Module 87768	360	1	ResourceId::121930:2D Color Attachment 121930:3440x1440:R11G11B10_FLOAT;ResourceId::121921:2D Color Attachment 121921:3440x1440:R10G10B10A2_UNORM;ResourceId::121918:2D Color Attachment 121918:3440x1440:R10G10B10A2_UNORM;ResourceId::121912:2D Color Attachment 121912:3440x1440:R10G10B10A2_UNORM;ResourceId::121915:2D Color Attachment 121915:3440x1440:R8G8B8A8_SRGB	ResourceId::121886
4088	ps	Shader Module 87768	10320	1	ResourceId::121930:2D Color Attachment 121930:3440x1440:R11G11B10_FLOAT;ResourceId::121921:2D Color Attachment 121921:3440x1440:R10G10B10A2_UNORM;ResourceId::121918:2D Color Attachment 121918:3440x1440:R10G10B10A2_UNORM;ResourceId::121912:2D Color Attachment 121912:3440x1440:R10G10B10A2_UNORM;ResourceId::121915:2D Color Attachment 121915:3440x1440:R8G8B8A8_SRGB	ResourceId::121886
4092	ps	Shader Module 87768	8022	1	ResourceId::121930:2D Color Attachment 121930:3440x1440:R11G11B10_FLOAT;ResourceId::121921:2D Color Attachment 121921:3440x1440:R10G10B10A2_UNORM;ResourceId::121918:2D Color Attachment 121918:3440x1440:R10G10B10A2_UNORM;ResourceId::121912:2D Color Attachment 121912:3440x1440:R10G10B10A2_UNORM;ResourceId::121915:2D Color Attachment 121915:3440x1440:R8G8B8A8_SRGB	ResourceId::121886
4096	ps	Shader Module 87768	3879	1	ResourceId::121930:2D Color Attachment 121930:3440x1440:R11G11B10_FLOAT;ResourceId::121921:2D Color Attachment 121921:3440x1440:R10G10B10A2_UNORM;ResourceId::121918:2D Color Attachment 121918:3440x1440:R10G10B10A2_UNORM;ResourceId::121912:2D Color Attachment 121912:3440x1440:R10G10B10A2_UNORM;ResourceId::121915:2D Color Attachment 121915:3440x1440:R8G8B8A8_SRGB	ResourceId::121886
4101	ps	Shader Module 87768	744	1	ResourceId::121930:2D Color Attachment 121930:3440x1440:R11G11B10_FLOAT;ResourceId::121921:2D Color Attachment 121921:3440x1440:R10G10B10A2_UNORM;ResourceId::121918:2D Color Attachment 121918:3440x1440:R10G10B10A2_UNORM;ResourceId::121912:2D Color Attachment 121912:3440x1440:R10G10B10A2_UNORM;ResourceId::121915:2D Color Attachment 121915:3440x1440:R8G8B8A8_SRGB	ResourceId::121886
4106	ps	Shader Module 87768	1896	1	ResourceId::121930:2D Color Attachment 121930:3440x1440:R11G11B10_FLOAT;ResourceId::121921:2D Color Attachment 121921:3440x1440:R10G10B10A2_UNORM;ResourceId::121918:2D Color Attachment 121918:3440x1440:R10G10B10A2_UNORM;ResourceId::121912:2D Color Attachment 121912:3440x1440:R10G10B10A2_UNORM;ResourceId::121915:2D Color Attachment 121915:3440x1440:R8G8B8A8_SRGB	ResourceId::121886
4110	ps	Shader Module 87768	1542	1	ResourceId::121930:2D Color Attachment 121930:3440x1440:R11G11B10_FLOAT;ResourceId::121921:2D Color Attachment 121921:3440x1440:R10G10B10A2_UNORM;ResourceId::121918:2D Color Attachment 121918:3440x1440:R10G10B10A2_UNORM;ResourceId::121912:2D Color Attachment 121912:3440x1440:R10G10B10A2_UNORM;ResourceId::121915:2D Color Attachment 121915:3440x1440:R8G8B8A8_SRGB	ResourceId::121886
4115	ps	Shader Module 87773	1170	1	ResourceId::121930:2D Color Attachment 121930:3440x1440:R11G11B10_FLOAT;ResourceId::121921:2D Color Attachment 121921:3440x1440:R10G10B10A2_UNORM;ResourceId::121918:2D Color Attachment 121918:3440x1440:R10G10B10A2_UNORM;ResourceId::121912:2D Color Attachment 121912:3440x1440:R10G10B10A2_UNORM;ResourceId::121915:2D Color Attachment 121915:3440x1440:R8G8B8A8_SRGB	ResourceId::121886
4119	ps	Shader Module 87773	36	1	ResourceId::121930:2D Color Attachment 121930:3440x1440:R11G11B10_FLOAT;ResourceId::121921:2D Color Attachment 121921:3440x1440:R10G10B10A2_UNORM;ResourceId::121918:2D Color Attachment 121918:3440x1440:R10G10B10A2_UNORM;ResourceId::121912:2D Color Attachment 121912:3440x1440:R10G10B10A2_UNORM;ResourceId::121915:2D Color Attachment 121915:3440x1440:R8G8B8A8_SRGB	ResourceId::121886
4123	ps	Shader Module 87773	180	2	ResourceId::121930:2D Color Attachment 121930:3440x1440:R11G11B10_FLOAT;ResourceId::121921:2D Color Attachment 121921:3440x1440:R10G10B10A2_UNORM;ResourceId::121918:2D Color Attachment 121918:3440x1440:R10G10B10A2_UNORM;ResourceId::121912:2D Color Attachment 121912:3440x1440:R10G10B10A2_UNORM;ResourceId::121915:2D Color Attachment 121915:3440x1440:R8G8B8A8_SRGB	ResourceId::121886
4127	ps	Shader Module 87773	180	2	ResourceId::121930:2D Color Attachment 121930:3440x1440:R11G11B10_FLOAT;ResourceId::121921:2D Color Attachment 121921:3440x1440:R10G10B10A2_UNORM;ResourceId::121918:2D Color Attachment 121918:3440x1440:R10G10B10A2_UNORM;ResourceId::121912:2D Color Attachment 121912:3440x1440:R10G10B10A2_UNORM;ResourceId::121915:2D Color Attachment 121915:3440x1440:R8G8B8A8_SRGB	ResourceId::121886
4132	ps	Shader Module 87775	1656	3	ResourceId::121930:2D Color Attachment 121930:3440x1440:R11G11B10_FLOAT;ResourceId::121921:2D Color Attachment 121921:3440x1440:R10G10B10A2_UNORM;ResourceId::121918:2D Color Attachment 121918:3440x1440:R10G10B10A2_UNORM;ResourceId::121912:2D Color Attachment 121912:3440x1440:R10G10B10A2_UNORM;ResourceId::121915:2D Color Attachment 121915:3440x1440:R8G8B8A8_SRGB	ResourceId::121886
4136	ps	Shader Module 87778	1944	3	ResourceId::121930:2D Color Attachment 121930:3440x1440:R11G11B10_FLOAT;ResourceId::121921:2D Color Attachment 121921:3440x1440:R10G10B10A2_UNORM;ResourceId::121918:2D Color Attachment 121918:3440x1440:R10G10B10A2_UNORM;ResourceId::121912:2D Color Attachment 121912:3440x1440:R10G10B10A2_UNORM;ResourceId::121915:2D Color Attachment 121915:3440x1440:R8G8B8A8_SRGB	ResourceId::121886
4141	ps	Shader Module 87780	1176	1	ResourceId::121930:2D Color Attachment 121930:3440x1440:R11G11B10_FLOAT;ResourceId::121921:2D Color Attachment 121921:3440x1440:R10G10B10A2_UNORM;ResourceId::121918:2D Color Attachment 121918:3440x1440:R10G10B10A2_UNORM;ResourceId::121912:2D Color Attachment 121912:3440x1440:R10G10B10A2_UNORM;ResourceId::121915:2D Color Attachment 121915:3440x1440:R8G8B8A8_SRGB	ResourceId::121886
4146	ps	Shader Module 110277	28104	1	ResourceId::121930:2D Color Attachment 121930:3440x1440:R11G11B10_FLOAT;ResourceId::121921:2D Color Attachment 121921:3440x1440:R10G10B10A2_UNORM;ResourceId::121918:2D Color Attachment 121918:3440x1440:R10G10B10A2_UNORM;ResourceId::121912:2D Color Attachment 121912:3440x1440:R10G10B10A2_UNORM;ResourceId::121915:2D Color Attachment 121915:3440x1440:R8G8B8A8_SRGB	ResourceId::121886
4151	ps	Shader Module 87782	1323	25	ResourceId::121930:2D Color Attachment 121930:3440x1440:R11G11B10_FLOAT;ResourceId::121921:2D Color Attachment 121921:3440x1440:R10G10B10A2_UNORM;ResourceId::121918:2D Color Attachment 121918:3440x1440:R10G10B10A2_UNORM;ResourceId::121912:2D Color Attachment 121912:3440x1440:R10G10B10A2_UNORM;ResourceId::121915:2D Color Attachment 121915:3440x1440:R8G8B8A8_SRGB	ResourceId::121886
4157	ps	Shader Module 95117	4728	1	ResourceId::121930:2D Color Attachment 121930:3440x1440:R11G11B10_FLOAT;ResourceId::121921:2D Color Attachment 121921:3440x1440:R10G10B10A2_UNORM;ResourceId::121918:2D Color Attachment 121918:3440x1440:R10G10B10A2_UNORM;ResourceId::121912:2D Color Attachment 121912:3440x1440:R10G10B10A2_UNORM;ResourceId::121915:2D Color Attachment 121915:3440x1440:R8G8B8A8_SRGB	ResourceId::121886
4161	ps	Shader Module 95117	2760	4	ResourceId::121930:2D Color Attachment 121930:3440x1440:R11G11B10_FLOAT;ResourceId::121921:2D Color Attachment 121921:3440x1440:R10G10B10A2_UNORM;ResourceId::121918:2D Color Attachment 121918:3440x1440:R10G10B10A2_UNORM;ResourceId::121912:2D Color Attachment 121912:3440x1440:R10G10B10A2_UNORM;ResourceId::121915:2D Color Attachment 121915:3440x1440:R8G8B8A8_SRGB	ResourceId::121886
4167	ps	Shader Module 110279	4290	1	ResourceId::121930:2D Color Attachment 121930:3440x1440:R11G11B10_FLOAT;ResourceId::121921:2D Color Attachment 121921:3440x1440:R10G10B10A2_UNORM;ResourceId::121918:2D Color Attachment 121918:3440x1440:R10G10B10A2_UNORM;ResourceId::121912:2D Color Attachment 121912:3440x1440:R10G10B10A2_UNORM;ResourceId::121915:2D Color Attachment 121915:3440x1440:R8G8B8A8_SRGB	ResourceId::121886
4172	ps	Shader Module 93425	36	4	ResourceId::121930:2D Color Attachment 121930:3440x1440:R11G11B10_FLOAT;ResourceId::121921:2D Color Attachment 121921:3440x1440:R10G10B10A2_UNORM;ResourceId::121918:2D Color Attachment 121918:3440x1440:R10G10B10A2_UNORM;ResourceId::121912:2D Color Attachment 121912:3440x1440:R10G10B10A2_UNORM;ResourceId::121915:2D Color Attachment 121915:3440x1440:R8G8B8A8_SRGB	ResourceId::121886
4176	ps	Shader Module 93425	408	4	ResourceId::121930:2D Color Attachment 121930:3440x1440:R11G11B10_FLOAT;ResourceId::121921:2D Color Attachment 121921:3440x1440:R10G10B10A2_UNORM;ResourceId::121918:2D Color Attachment 121918:3440x1440:R10G10B10A2_UNORM;ResourceId::121912:2D Color Attachment 121912:3440x1440:R10G10B10A2_UNORM;ResourceId::121915:2D Color Attachment 121915:3440x1440:R8G8B8A8_SRGB	ResourceId::121886
4181	ps	Shader Module 93762	144	1	ResourceId::121930:2D Color Attachment 121930:3440x1440:R11G11B10_FLOAT;ResourceId::121921:2D Color Attachment 121921:3440x1440:R10G10B10A2_UNORM;ResourceId::121918:2D Color Attachment 121918:3440x1440:R10G10B10A2_UNORM;ResourceId::121912:2D Color Attachment 121912:3440x1440:R10G10B10A2_UNORM;ResourceId::121915:2D Color Attachment 121915:3440x1440:R8G8B8A8_SRGB	ResourceId::121886
4183	ps	Shader Module 93762	144	1	ResourceId::121930:2D Color Attachment 121930:3440x1440:R11G11B10_FLOAT;ResourceId::121921:2D Color Attachment 121921:3440x1440:R10G10B10A2_UNORM;ResourceId::121918:2D Color Attachment 121918:3440x1440:R10G10B10A2_UNORM;ResourceId::121912:2D Color Attachment 121912:3440x1440:R10G10B10A2_UNORM;ResourceId::121915:2D Color Attachment 121915:3440x1440:R8G8B8A8_SRGB	ResourceId::121886
4187	ps	Shader Module 93762	168	1	ResourceId::121930:2D Color Attachment 121930:3440x1440:R11G11B10_FLOAT;ResourceId::121921:2D Color Attachment 121921:3440x1440:R10G10B10A2_UNORM;ResourceId::121918:2D Color Attachment 121918:3440x1440:R10G10B10A2_UNORM;ResourceId::121912:2D Color Attachment 121912:3440x1440:R10G10B10A2_UNORM;ResourceId::121915:2D Color Attachment 121915:3440x1440:R8G8B8A8_SRGB	ResourceId::121886
4189	ps	Shader Module 93762	168	1	ResourceId::121930:2D Color Attachment 121930:3440x1440:R11G11B10_FLOAT;ResourceId::121921:2D Color Attachment 121921:3440x1440:R10G10B10A2_UNORM;ResourceId::121918:2D Color Attachment 121918:3440x1440:R10G10B10A2_UNORM;ResourceId::121912:2D Color Attachment 121912:3440x1440:R10G10B10A2_UNORM;ResourceId::121915:2D Color Attachment 121915:3440x1440:R8G8B8A8_SRGB	ResourceId::121886
4191	ps	Shader Module 93762	168	1	ResourceId::121930:2D Color Attachment 121930:3440x1440:R11G11B10_FLOAT;ResourceId::121921:2D Color Attachment 121921:3440x1440:R10G10B10A2_UNORM;ResourceId::121918:2D Color Attachment 121918:3440x1440:R10G10B10A2_UNORM;ResourceId::121912:2D Color Attachment 121912:3440x1440:R10G10B10A2_UNORM;ResourceId::121915:2D Color Attachment 121915:3440x1440:R8G8B8A8_SRGB	ResourceId::121886
4197	ps	Shader Module 81872	6	1	ResourceId::121930:2D Color Attachment 121930:3440x1440:R11G11B10_FLOAT;ResourceId::121921:2D Color Attachment 121921:3440x1440:R10G10B10A2_UNORM;ResourceId::121918:2D Color Attachment 121918:3440x1440:R10G10B10A2_UNORM;ResourceId::121912:2D Color Attachment 121912:3440x1440:R10G10B10A2_UNORM;ResourceId::121915:2D Color Attachment 121915:3440x1440:R8G8B8A8_SRGB	ResourceId::121886
4201	ps	Shader Module 81872	6	9	ResourceId::121930:2D Color Attachment 121930:3440x1440:R11G11B10_FLOAT;ResourceId::121921:2D Color Attachment 121921:3440x1440:R10G10B10A2_UNORM;ResourceId::121918:2D Color Attachment 121918:3440x1440:R10G10B10A2_UNORM;ResourceId::121912:2D Color Attachment 121912:3440x1440:R10G10B10A2_UNORM;ResourceId::121915:2D Color Attachment 121915:3440x1440:R8G8B8A8_SRGB	ResourceId::121886
4205	ps	Shader Module 81872	12	2	ResourceId::121930:2D Color Attachment 121930:3440x1440:R11G11B10_FLOAT;ResourceId::121921:2D Color Attachment 121921:3440x1440:R10G10B10A2_UNORM;ResourceId::121918:2D Color Attachment 121918:3440x1440:R10G10B10A2_UNORM;ResourceId::121912:2D Color Attachment 121912:3440x1440:R10G10B10A2_UNORM;ResourceId::121915:2D Color Attachment 121915:3440x1440:R8G8B8A8_SRGB	ResourceId::121886
4209	ps	Shader Module 81872	12	4	ResourceId::121930:2D Color Attachment 121930:3440x1440:R11G11B10_FLOAT;ResourceId::121921:2D Color Attachment 121921:3440x1440:R10G10B10A2_UNORM;ResourceId::121918:2D Color Attachment 121918:3440x1440:R10G10B10A2_UNORM;ResourceId::121912:2D Color Attachment 121912:3440x1440:R10G10B10A2_UNORM;ResourceId::121915:2D Color Attachment 121915:3440x1440:R8G8B8A8_SRGB	ResourceId::121886
4214	ps	Shader Module 81872	24	1	ResourceId::121930:2D Color Attachment 121930:3440x1440:R11G11B10_FLOAT;ResourceId::121921:2D Color Attachment 121921:3440x1440:R10G10B10A2_UNORM;ResourceId::121918:2D Color Attachment 121918:3440x1440:R10G10B10A2_UNORM;ResourceId::121912:2D Color Attachment 121912:3440x1440:R10G10B10A2_UNORM;ResourceId::121915:2D Color Attachment 121915:3440x1440:R8G8B8A8_SRGB	ResourceId::121886
4219	ps	Shader Module 81872	39	15	ResourceId::121930:2D Color Attachment 121930:3440x1440:R11G11B10_FLOAT;ResourceId::121921:2D Color Attachment 121921:3440x1440:R10G10B10A2_UNORM;ResourceId::121918:2D Color Attachment 121918:3440x1440:R10G10B10A2_UNORM;ResourceId::121912:2D Color Attachment 121912:3440x1440:R10G10B10A2_UNORM;ResourceId::121915:2D Color Attachment 121915:3440x1440:R8G8B8A8_SRGB	ResourceId::121886
4223	ps	Shader Module 81872	54	256	ResourceId::121930:2D Color Attachment 121930:3440x1440:R11G11B10_FLOAT;ResourceId::121921:2D Color Attachment 121921:3440x1440:R10G10B10A2_UNORM;ResourceId::121918:2D Color Attachment 121918:3440x1440:R10G10B10A2_UNORM;ResourceId::121912:2D Color Attachment 121912:3440x1440:R10G10B10A2_UNORM;ResourceId::121915:2D Color Attachment 121915:3440x1440:R8G8B8A8_SRGB	ResourceId::121886
4225	ps	Shader Module 81872	54	1	ResourceId::121930:2D Color Attachment 121930:3440x1440:R11G11B10_FLOAT;ResourceId::121921:2D Color Attachment 121921:3440x1440:R10G10B10A2_UNORM;ResourceId::121918:2D Color Attachment 121918:3440x1440:R10G10B10A2_UNORM;ResourceId::121912:2D Color Attachment 121912:3440x1440:R10G10B10A2_UNORM;ResourceId::121915:2D Color Attachment 121915:3440x1440:R8G8B8A8_SRGB	ResourceId::121886
4227	ps	Shader Module 81872	54	7	ResourceId::121930:2D Color Attachment 121930:3440x1440:R11G11B10_FLOAT;ResourceId::121921:2D Color Attachment 121921:3440x1440:R10G10B10A2_UNORM;ResourceId::121918:2D Color Attachment 121918:3440x1440:R10G10B10A2_UNORM;ResourceId::121912:2D Color Attachment 121912:3440x1440:R10G10B10A2_UNORM;ResourceId::121915:2D Color Attachment 121915:3440x1440:R8G8B8A8_SRGB	ResourceId::121886
4231	ps	Shader Module 81872	45	5	ResourceId::121930:2D Color Attachment 121930:3440x1440:R11G11B10_FLOAT;ResourceId::121921:2D Color Attachment 121921:3440x1440:R10G10B10A2_UNORM;ResourceId::121918:2D Color Attachment 121918:3440x1440:R10G10B10A2_UNORM;ResourceId::121912:2D Color Attachment 121912:3440x1440:R10G10B10A2_UNORM;ResourceId::121915:2D Color Attachment 121915:3440x1440:R8G8B8A8_SRGB	ResourceId::121886
4235	ps	Shader Module 81872	33	1	ResourceId::121930:2D Color Attachment 121930:3440x1440:R11G11B10_FLOAT;ResourceId::121921:2D Color Attachment 121921:3440x1440:R10G10B10A2_UNORM;ResourceId::121918:2D Color Attachment 121918:3440x1440:R10G10B10A2_UNORM;ResourceId::121912:2D Color Attachment 121912:3440x1440:R10G10B10A2_UNORM;ResourceId::121915:2D Color Attachment 121915:3440x1440:R8G8B8A8_SRGB	ResourceId::121886
4239	ps	Shader Module 81872	24	24	ResourceId::121930:2D Color Attachment 121930:3440x1440:R11G11B10_FLOAT;ResourceId::121921:2D Color Attachment 121921:3440x1440:R10G10B10A2_UNORM;ResourceId::121918:2D Color Attachment 121918:3440x1440:R10G10B10A2_UNORM;ResourceId::121912:2D Color Attachment 121912:3440x1440:R10G10B10A2_UNORM;ResourceId::121915:2D Color Attachment 121915:3440x1440:R8G8B8A8_SRGB	ResourceId::121886
4243	ps	Shader Module 81872	18	6	ResourceId::121930:2D Color Attachment 121930:3440x1440:R11G11B10_FLOAT;ResourceId::121921:2D Color Attachment 121921:3440x1440:R10G10B10A2_UNORM;ResourceId::121918:2D Color Attachment 121918:3440x1440:R10G10B10A2_UNORM;ResourceId::121912:2D Color Attachment 121912:3440x1440:R10G10B10A2_UNORM;ResourceId::121915:2D Color Attachment 121915:3440x1440:R8G8B8A8_SRGB	ResourceId::121886
4247	ps	Shader Module 81872	18	4	ResourceId::121930:2D Color Attachment 121930:3440x1440:R11G11B10_FLOAT;ResourceId::121921:2D Color Attachment 121921:3440x1440:R10G10B10A2_UNORM;ResourceId::121918:2D Color Attachment 121918:3440x1440:R10G10B10A2_UNORM;ResourceId::121912:2D Color Attachment 121912:3440x1440:R10G10B10A2_UNORM;ResourceId::121915:2D Color Attachment 121915:3440x1440:R8G8B8A8_SRGB	ResourceId::121886
4251	ps	Shader Module 81872	54	3	ResourceId::121930:2D Color Attachment 121930:3440x1440:R11G11B10_FLOAT;ResourceId::121921:2D Color Attachment 121921:3440x1440:R10G10B10A2_UNORM;ResourceId::121918:2D Color Attachment 121918:3440x1440:R10G10B10A2_UNORM;ResourceId::121912:2D Color Attachment 121912:3440x1440:R10G10B10A2_UNORM;ResourceId::121915:2D Color Attachment 121915:3440x1440:R8G8B8A8_SRGB	ResourceId::121886
4255	ps	Shader Module 81872	45	1	ResourceId::121930:2D Color Attachment 121930:3440x1440:R11G11B10_FLOAT;ResourceId::121921:2D Color Attachment 121921:3440x1440:R10G10B10A2_UNORM;ResourceId::121918:2D Color Attachment 121918:3440x1440:R10G10B10A2_UNORM;ResourceId::121912:2D Color Attachment 121912:3440x1440:R10G10B10A2_UNORM;ResourceId::121915:2D Color Attachment 121915:3440x1440:R8G8B8A8_SRGB	ResourceId::121886
4259	ps	Shader Module 81872	12	1	ResourceId::121930:2D Color Attachment 121930:3440x1440:R11G11B10_FLOAT;ResourceId::121921:2D Color Attachment 121921:3440x1440:R10G10B10A2_UNORM;ResourceId::121918:2D Color Attachment 121918:3440x1440:R10G10B10A2_UNORM;ResourceId::121912:2D Color Attachment 121912:3440x1440:R10G10B10A2_UNORM;ResourceId::121915:2D Color Attachment 121915:3440x1440:R8G8B8A8_SRGB	ResourceId::121886
4263	ps	Shader Module 81872	18	1	ResourceId::121930:2D Color Attachment 121930:3440x1440:R11G11B10_FLOAT;ResourceId::121921:2D Color Attachment 121921:3440x1440:R10G10B10A2_UNORM;ResourceId::121918:2D Color Attachment 121918:3440x1440:R10G10B10A2_UNORM;ResourceId::121912:2D Color Attachment 121912:3440x1440:R10G10B10A2_UNORM;ResourceId::121915:2D Color Attachment 121915:3440x1440:R8G8B8A8_SRGB	ResourceId::121886
4267	ps	Shader Module 81872	18	11	ResourceId::121930:2D Color Attachment 121930:3440x1440:R11G11B10_FLOAT;ResourceId::121921:2D Color Attachment 121921:3440x1440:R10G10B10A2_UNORM;ResourceId::121918:2D Color Attachment 121918:3440x1440:R10G10B10A2_UNORM;ResourceId::121912:2D Color Attachment 121912:3440x1440:R10G10B10A2_UNORM;ResourceId::121915:2D Color Attachment 121915:3440x1440:R8G8B8A8_SRGB	ResourceId::121886
4271	ps	Shader Module 81872	18	16	ResourceId::121930:2D Color Attachment 121930:3440x1440:R11G11B10_FLOAT;ResourceId::121921:2D Color Attachment 121921:3440x1440:R10G10B10A2_UNORM;ResourceId::121918:2D Color Attachment 121918:3440x1440:R10G10B10A2_UNORM;ResourceId::121912:2D Color Attachment 121912:3440x1440:R10G10B10A2_UNORM;ResourceId::121915:2D Color Attachment 121915:3440x1440:R8G8B8A8_SRGB	ResourceId::121886
4275	ps	Shader Module 81872	30	3	ResourceId::121930:2D Color Attachment 121930:3440x1440:R11G11B10_FLOAT;ResourceId::121921:2D Color Attachment 121921:3440x1440:R10G10B10A2_UNORM;ResourceId::121918:2D Color Attachment 121918:3440x1440:R10G10B10A2_UNORM;ResourceId::121912:2D Color Attachment 121912:3440x1440:R10G10B10A2_UNORM;ResourceId::121915:2D Color Attachment 121915:3440x1440:R8G8B8A8_SRGB	ResourceId::121886
4279	ps	Shader Module 81872	18	6	ResourceId::121930:2D Color Attachment 121930:3440x1440:R11G11B10_FLOAT;ResourceId::121921:2D Color Attachment 121921:3440x1440:R10G10B10A2_UNORM;ResourceId::121918:2D Color Attachment 121918:3440x1440:R10G10B10A2_UNORM;ResourceId::121912:2D Color Attachment 121912:3440x1440:R10G10B10A2_UNORM;ResourceId::121915:2D Color Attachment 121915:3440x1440:R8G8B8A8_SRGB	ResourceId::121886
4283	ps	Shader Module 81872	18	5	ResourceId::121930:2D Color Attachment 121930:3440x1440:R11G11B10_FLOAT;ResourceId::121921:2D Color Attachment 121921:3440x1440:R10G10B10A2_UNORM;ResourceId::121918:2D Color Attachment 121918:3440x1440:R10G10B10A2_UNORM;ResourceId::121912:2D Color Attachment 121912:3440x1440:R10G10B10A2_UNORM;ResourceId::121915:2D Color Attachment 121915:3440x1440:R8G8B8A8_SRGB	ResourceId::121886
4287	ps	Shader Module 81872	33	2	ResourceId::121930:2D Color Attachment 121930:3440x1440:R11G11B10_FLOAT;ResourceId::121921:2D Color Attachment 121921:3440x1440:R10G10B10A2_UNORM;ResourceId::121918:2D Color Attachment 121918:3440x1440:R10G10B10A2_UNORM;ResourceId::121912:2D Color Attachment 121912:3440x1440:R10G10B10A2_UNORM;ResourceId::121915:2D Color Attachment 121915:3440x1440:R8G8B8A8_SRGB	ResourceId::121886
4291	ps	Shader Module 81872	30	12	ResourceId::121930:2D Color Attachment 121930:3440x1440:R11G11B10_FLOAT;ResourceId::121921:2D Color Attachment 121921:3440x1440:R10G10B10A2_UNORM;ResourceId::121918:2D Color Attachment 121918:3440x1440:R10G10B10A2_UNORM;ResourceId::121912:2D Color Attachment 121912:3440x1440:R10G10B10A2_UNORM;ResourceId::121915:2D Color Attachment 121915:3440x1440:R8G8B8A8_SRGB	ResourceId::121886
4295	ps	Shader Module 81872	30	44	ResourceId::121930:2D Color Attachment 121930:3440x1440:R11G11B10_FLOAT;ResourceId::121921:2D Color Attachment 121921:3440x1440:R10G10B10A2_UNORM;ResourceId::121918:2D Color Attachment 121918:3440x1440:R10G10B10A2_UNORM;ResourceId::121912:2D Color Attachment 121912:3440x1440:R10G10B10A2_UNORM;ResourceId::121915:2D Color Attachment 121915:3440x1440:R8G8B8A8_SRGB	ResourceId::121886
4299	ps	Shader Module 81872	24	17	ResourceId::121930:2D Color Attachment 121930:3440x1440:R11G11B10_FLOAT;ResourceId::121921:2D Color Attachment 121921:3440x1440:R10G10B10A2_UNORM;ResourceId::121918:2D Color Attachment 121918:3440x1440:R10G10B10A2_UNORM;ResourceId::121912:2D Color Attachment 121912:3440x1440:R10G10B10A2_UNORM;ResourceId::121915:2D Color Attachment 121915:3440x1440:R8G8B8A8_SRGB	ResourceId::121886
4303	ps	Shader Module 81872	42	2	ResourceId::121930:2D Color Attachment 121930:3440x1440:R11G11B10_FLOAT;ResourceId::121921:2D Color Attachment 121921:3440x1440:R10G10B10A2_UNORM;ResourceId::121918:2D Color Attachment 121918:3440x1440:R10G10B10A2_UNORM;ResourceId::121912:2D Color Attachment 121912:3440x1440:R10G10B10A2_UNORM;ResourceId::121915:2D Color Attachment 121915:3440x1440:R8G8B8A8_SRGB	ResourceId::121886
4307	ps	Shader Module 81872	39	5	ResourceId::121930:2D Color Attachment 121930:3440x1440:R11G11B10_FLOAT;ResourceId::121921:2D Color Attachment 121921:3440x1440:R10G10B10A2_UNORM;ResourceId::121918:2D Color Attachment 121918:3440x1440:R10G10B10A2_UNORM;ResourceId::121912:2D Color Attachment 121912:3440x1440:R10G10B10A2_UNORM;ResourceId::121915:2D Color Attachment 121915:3440x1440:R8G8B8A8_SRGB	ResourceId::121886
4311	ps	Shader Module 81872	12	8	ResourceId::121930:2D Color Attachment 121930:3440x1440:R11G11B10_FLOAT;ResourceId::121921:2D Color Attachment 121921:3440x1440:R10G10B10A2_UNORM;ResourceId::121918:2D Color Attachment 121918:3440x1440:R10G10B10A2_UNORM;ResourceId::121912:2D Color Attachment 121912:3440x1440:R10G10B10A2_UNORM;ResourceId::121915:2D Color Attachment 121915:3440x1440:R8G8B8A8_SRGB	ResourceId::121886
4315	ps	Shader Module 81872	24	13	ResourceId::121930:2D Color Attachment 121930:3440x1440:R11G11B10_FLOAT;ResourceId::121921:2D Color Attachment 121921:3440x1440:R10G10B10A2_UNORM;ResourceId::121918:2D Color Attachment 121918:3440x1440:R10G10B10A2_UNORM;ResourceId::121912:2D Color Attachment 121912:3440x1440:R10G10B10A2_UNORM;ResourceId::121915:2D Color Attachment 121915:3440x1440:R8G8B8A8_SRGB	ResourceId::121886
4319	ps	Shader Module 81872	12	1	ResourceId::121930:2D Color Attachment 121930:3440x1440:R11G11B10_FLOAT;ResourceId::121921:2D Color Attachment 121921:3440x1440:R10G10B10A2_UNORM;ResourceId::121918:2D Color Attachment 121918:3440x1440:R10G10B10A2_UNORM;ResourceId::121912:2D Color Attachment 121912:3440x1440:R10G10B10A2_UNORM;ResourceId::121915:2D Color Attachment 121915:3440x1440:R8G8B8A8_SRGB	ResourceId::121886
4323	ps	Shader Module 81872	12	8	ResourceId::121930:2D Color Attachment 121930:3440x1440:R11G11B10_FLOAT;ResourceId::121921:2D Color Attachment 121921:3440x1440:R10G10B10A2_UNORM;ResourceId::121918:2D Color Attachment 121918:3440x1440:R10G10B10A2_UNORM;ResourceId::121912:2D Color Attachment 121912:3440x1440:R10G10B10A2_UNORM;ResourceId::121915:2D Color Attachment 121915:3440x1440:R8G8B8A8_SRGB	ResourceId::121886
4327	ps	Shader Module 81872	39	8	ResourceId::121930:2D Color Attachment 121930:3440x1440:R11G11B10_FLOAT;ResourceId::121921:2D Color Attachment 121921:3440x1440:R10G10B10A2_UNORM;ResourceId::121918:2D Color Attachment 121918:3440x1440:R10G10B10A2_UNORM;ResourceId::121912:2D Color Attachment 121912:3440x1440:R10G10B10A2_UNORM;ResourceId::121915:2D Color Attachment 121915:3440x1440:R8G8B8A8_SRGB	ResourceId::121886
4331	ps	Shader Module 81872	90	1	ResourceId::121930:2D Color Attachment 121930:3440x1440:R11G11B10_FLOAT;ResourceId::121921:2D Color Attachment 121921:3440x1440:R10G10B10A2_UNORM;ResourceId::121918:2D Color Attachment 121918:3440x1440:R10G10B10A2_UNORM;ResourceId::121912:2D Color Attachment 121912:3440x1440:R10G10B10A2_UNORM;ResourceId::121915:2D Color Attachment 121915:3440x1440:R8G8B8A8_SRGB	ResourceId::121886
4335	ps	Shader Module 81872	24	5	ResourceId::121930:2D Color Attachment 121930:3440x1440:R11G11B10_FLOAT;ResourceId::121921:2D Color Attachment 121921:3440x1440:R10G10B10A2_UNORM;ResourceId::121918:2D Color Attachment 121918:3440x1440:R10G10B10A2_UNORM;ResourceId::121912:2D Color Attachment 121912:3440x1440:R10G10B10A2_UNORM;ResourceId::121915:2D Color Attachment 121915:3440x1440:R8G8B8A8_SRGB	ResourceId::121886
4339	ps	Shader Module 81872	63	1	ResourceId::121930:2D Color Attachment 121930:3440x1440:R11G11B10_FLOAT;ResourceId::121921:2D Color Attachment 121921:3440x1440:R10G10B10A2_UNORM;ResourceId::121918:2D Color Attachment 121918:3440x1440:R10G10B10A2_UNORM;ResourceId::121912:2D Color Attachment 121912:3440x1440:R10G10B10A2_UNORM;ResourceId::121915:2D Color Attachment 121915:3440x1440:R8G8B8A8_SRGB	ResourceId::121886
4343	ps	Shader Module 81872	36	4	ResourceId::121930:2D Color Attachment 121930:3440x1440:R11G11B10_FLOAT;ResourceId::121921:2D Color Attachment 121921:3440x1440:R10G10B10A2_UNORM;ResourceId::121918:2D Color Attachment 121918:3440x1440:R10G10B10A2_UNORM;ResourceId::121912:2D Color Attachment 121912:3440x1440:R10G10B10A2_UNORM;ResourceId::121915:2D Color Attachment 121915:3440x1440:R8G8B8A8_SRGB	ResourceId::121886
4348	ps	Shader Module 87728	573	8	ResourceId::121930:2D Color Attachment 121930:3440x1440:R11G11B10_FLOAT;ResourceId::121921:2D Color Attachment 121921:3440x1440:R10G10B10A2_UNORM;ResourceId::121918:2D Color Attachment 121918:3440x1440:R10G10B10A2_UNORM;ResourceId::121912:2D Color Attachment 121912:3440x1440:R10G10B10A2_UNORM;ResourceId::121915:2D Color Attachment 121915:3440x1440:R8G8B8A8_SRGB	ResourceId::121886
4353	ps	Shader Module 87728	294	21	ResourceId::121930:2D Color Attachment 121930:3440x1440:R11G11B10_FLOAT;ResourceId::121921:2D Color Attachment 121921:3440x1440:R10G10B10A2_UNORM;ResourceId::121918:2D Color Attachment 121918:3440x1440:R10G10B10A2_UNORM;ResourceId::121912:2D Color Attachment 121912:3440x1440:R10G10B10A2_UNORM;ResourceId::121915:2D Color Attachment 121915:3440x1440:R8G8B8A8_SRGB	ResourceId::121886
4355	ps	Shader Module 87728	294	1	ResourceId::121930:2D Color Attachment 121930:3440x1440:R11G11B10_FLOAT;ResourceId::121921:2D Color Attachment 121921:3440x1440:R10G10B10A2_UNORM;ResourceId::121918:2D Color Attachment 121918:3440x1440:R10G10B10A2_UNORM;ResourceId::121912:2D Color Attachment 121912:3440x1440:R10G10B10A2_UNORM;ResourceId::121915:2D Color Attachment 121915:3440x1440:R8G8B8A8_SRGB	ResourceId::121886
4360	ps	Shader Module 87728	19332	13	ResourceId::121930:2D Color Attachment 121930:3440x1440:R11G11B10_FLOAT;ResourceId::121921:2D Color Attachment 121921:3440x1440:R10G10B10A2_UNORM;ResourceId::121918:2D Color Attachment 121918:3440x1440:R10G10B10A2_UNORM;ResourceId::121912:2D Color Attachment 121912:3440x1440:R10G10B10A2_UNORM;ResourceId::121915:2D Color Attachment 121915:3440x1440:R8G8B8A8_SRGB	ResourceId::121886
4364	ps	Shader Module 87728	2172	13	ResourceId::121930:2D Color Attachment 121930:3440x1440:R11G11B10_FLOAT;ResourceId::121921:2D Color Attachment 121921:3440x1440:R10G10B10A2_UNORM;ResourceId::121918:2D Color Attachment 121918:3440x1440:R10G10B10A2_UNORM;ResourceId::121912:2D Color Attachment 121912:3440x1440:R10G10B10A2_UNORM;ResourceId::121915:2D Color Attachment 121915:3440x1440:R8G8B8A8_SRGB	ResourceId::121886
4366	ps	Shader Module 87728	2172	2	ResourceId::121930:2D Color Attachment 121930:3440x1440:R11G11B10_FLOAT;ResourceId::121921:2D Color Attachment 121921:3440x1440:R10G10B10A2_UNORM;ResourceId::121918:2D Color Attachment 121918:3440x1440:R10G10B10A2_UNORM;ResourceId::121912:2D Color Attachment 121912:3440x1440:R10G10B10A2_UNORM;ResourceId::121915:2D Color Attachment 121915:3440x1440:R8G8B8A8_SRGB	ResourceId::121886
4370	ps	Shader Module 87728	13650	6	ResourceId::121930:2D Color Attachment 121930:3440x1440:R11G11B10_FLOAT;ResourceId::121921:2D Color Attachment 121921:3440x1440:R10G10B10A2_UNORM;ResourceId::121918:2D Color Attachment 121918:3440x1440:R10G10B10A2_UNORM;ResourceId::121912:2D Color Attachment 121912:3440x1440:R10G10B10A2_UNORM;ResourceId::121915:2D Color Attachment 121915:3440x1440:R8G8B8A8_SRGB	ResourceId::121886
4374	ps	Shader Module 87728	8316	12	ResourceId::121930:2D Color Attachment 121930:3440x1440:R11G11B10_FLOAT;ResourceId::121921:2D Color Attachment 121921:3440x1440:R10G10B10A2_UNORM;ResourceId::121918:2D Color Attachment 121918:3440x1440:R10G10B10A2_UNORM;ResourceId::121912:2D Color Attachment 121912:3440x1440:R10G10B10A2_UNORM;ResourceId::121915:2D Color Attachment 121915:3440x1440:R8G8B8A8_SRGB	ResourceId::121886
4378	ps	Shader Module 87728	4716	2	ResourceId::121930:2D Color Attachment 121930:3440x1440:R11G11B10_FLOAT;ResourceId::121921:2D Color Attachment 121921:3440x1440:R10G10B10A2_UNORM;ResourceId::121918:2D Color Attachment 121918:3440x1440:R10G10B10A2_UNORM;ResourceId::121912:2D Color Attachment 121912:3440x1440:R10G10B10A2_UNORM;ResourceId::121915:2D Color Attachment 121915:3440x1440:R8G8B8A8_SRGB	ResourceId::121886
4382	ps	Shader Module 87728	2424	2	ResourceId::121930:2D Color Attachment 121930:3440x1440:R11G11B10_FLOAT;ResourceId::121921:2D Color Attachment 121921:3440x1440:R10G10B10A2_UNORM;ResourceId::121918:2D Color Attachment 121918:3440x1440:R10G10B10A2_UNORM;ResourceId::121912:2D Color Attachment 121912:3440x1440:R10G10B10A2_UNORM;ResourceId::121915:2D Color Attachment 121915:3440x1440:R8G8B8A8_SRGB	ResourceId::121886
4386	ps	Shader Module 87728	1608	3	ResourceId::121930:2D Color Attachment 121930:3440x1440:R11G11B10_FLOAT;ResourceId::121921:2D Color Attachment 121921:3440x1440:R10G10B10A2_UNORM;ResourceId::121918:2D Color Attachment 121918:3440x1440:R10G10B10A2_UNORM;ResourceId::121912:2D Color Attachment 121912:3440x1440:R10G10B10A2_UNORM;ResourceId::121915:2D Color Attachment 121915:3440x1440:R8G8B8A8_SRGB	ResourceId::121886
4390	ps	Shader Module 87728	7053	2	ResourceId::121930:2D Color Attachment 121930:3440x1440:R11G11B10_FLOAT;ResourceId::121921:2D Color Attachment 121921:3440x1440:R10G10B10A2_UNORM;ResourceId::121918:2D Color Attachment 121918:3440x1440:R10G10B10A2_UNORM;ResourceId::121912:2D Color Attachment 121912:3440x1440:R10G10B10A2_UNORM;ResourceId::121915:2D Color Attachment 121915:3440x1440:R8G8B8A8_SRGB	ResourceId::121886
4395	ps	Shader Module 87728	2502	1	ResourceId::121930:2D Color Attachment 121930:3440x1440:R11G11B10_FLOAT;ResourceId::121921:2D Color Attachment 121921:3440x1440:R10G10B10A2_UNORM;ResourceId::121918:2D Color Attachment 121918:3440x1440:R10G10B10A2_UNORM;ResourceId::121912:2D Color Attachment 121912:3440x1440:R10G10B10A2_UNORM;ResourceId::121915:2D Color Attachment 121915:3440x1440:R8G8B8A8_SRGB	ResourceId::121886
4399	ps	Shader Module 87728	11070	1	ResourceId::121930:2D Color Attachment 121930:3440x1440:R11G11B10_FLOAT;ResourceId::121921:2D Color Attachment 121921:3440x1440:R10G10B10A2_UNORM;ResourceId::121918:2D Color Attachment 121918:3440x1440:R10G10B10A2_UNORM;ResourceId::121912:2D Color Attachment 121912:3440x1440:R10G10B10A2_UNORM;ResourceId::121915:2D Color Attachment 121915:3440x1440:R8G8B8A8_SRGB	ResourceId::121886
4404	ps	Shader Module 87728	2172	3	ResourceId::121930:2D Color Attachment 121930:3440x1440:R11G11B10_FLOAT;ResourceId::121921:2D Color Attachment 121921:3440x1440:R10G10B10A2_UNORM;ResourceId::121918:2D Color Attachment 121918:3440x1440:R10G10B10A2_UNORM;ResourceId::121912:2D Color Attachment 121912:3440x1440:R10G10B10A2_UNORM;ResourceId::121915:2D Color Attachment 121915:3440x1440:R8G8B8A8_SRGB	ResourceId::121886
4408	ps	Shader Module 87728	9468	2	ResourceId::121930:2D Color Attachment 121930:3440x1440:R11G11B10_FLOAT;ResourceId::121921:2D Color Attachment 121921:3440x1440:R10G10B10A2_UNORM;ResourceId::121918:2D Color Attachment 121918:3440x1440:R10G10B10A2_UNORM;ResourceId::121912:2D Color Attachment 121912:3440x1440:R10G10B10A2_UNORM;ResourceId::121915:2D Color Attachment 121915:3440x1440:R8G8B8A8_SRGB	ResourceId::121886
4412	ps	Shader Module 87728	594	4	ResourceId::121930:2D Color Attachment 121930:3440x1440:R11G11B10_FLOAT;ResourceId::121921:2D Color Attachment 121921:3440x1440:R10G10B10A2_UNORM;ResourceId::121918:2D Color Attachment 121918:3440x1440:R10G10B10A2_UNORM;ResourceId::121912:2D Color Attachment 121912:3440x1440:R10G10B10A2_UNORM;ResourceId::121915:2D Color Attachment 121915:3440x1440:R8G8B8A8_SRGB	ResourceId::121886
4416	ps	Shader Module 87728	519	2	ResourceId::121930:2D Color Attachment 121930:3440x1440:R11G11B10_FLOAT;ResourceId::121921:2D Color Attachment 121921:3440x1440:R10G10B10A2_UNORM;ResourceId::121918:2D Color Attachment 121918:3440x1440:R10G10B10A2_UNORM;ResourceId::121912:2D Color Attachment 121912:3440x1440:R10G10B10A2_UNORM;ResourceId::121915:2D Color Attachment 121915:3440x1440:R8G8B8A8_SRGB	ResourceId::121886
4420	ps	Shader Module 87728	9	3	ResourceId::121930:2D Color Attachment 121930:3440x1440:R11G11B10_FLOAT;ResourceId::121921:2D Color Attachment 121921:3440x1440:R10G10B10A2_UNORM;ResourceId::121918:2D Color Attachment 121918:3440x1440:R10G10B10A2_UNORM;ResourceId::121912:2D Color Attachment 121912:3440x1440:R10G10B10A2_UNORM;ResourceId::121915:2D Color Attachment 121915:3440x1440:R8G8B8A8_SRGB	ResourceId::121886
4424	ps	Shader Module 87728	9	1	ResourceId::121930:2D Color Attachment 121930:3440x1440:R11G11B10_FLOAT;ResourceId::121921:2D Color Attachment 121921:3440x1440:R10G10B10A2_UNORM;ResourceId::121918:2D Color Attachment 121918:3440x1440:R10G10B10A2_UNORM;ResourceId::121912:2D Color Attachment 121912:3440x1440:R10G10B10A2_UNORM;ResourceId::121915:2D Color Attachment 121915:3440x1440:R8G8B8A8_SRGB	ResourceId::121886
4429	ps	Shader Module 87736	7272	2	ResourceId::121930:2D Color Attachment 121930:3440x1440:R11G11B10_FLOAT;ResourceId::121921:2D Color Attachment 121921:3440x1440:R10G10B10A2_UNORM;ResourceId::121918:2D Color Attachment 121918:3440x1440:R10G10B10A2_UNORM;ResourceId::121912:2D Color Attachment 121912:3440x1440:R10G10B10A2_UNORM;ResourceId::121915:2D Color Attachment 121915:3440x1440:R8G8B8A8_SRGB	ResourceId::121886
4433	ps	Shader Module 87736	924	12	ResourceId::121930:2D Color Attachment 121930:3440x1440:R11G11B10_FLOAT;ResourceId::121921:2D Color Attachment 121921:3440x1440:R10G10B10A2_UNORM;ResourceId::121918:2D Color Attachment 121918:3440x1440:R10G10B10A2_UNORM;ResourceId::121912:2D Color Attachment 121912:3440x1440:R10G10B10A2_UNORM;ResourceId::121915:2D Color Attachment 121915:3440x1440:R8G8B8A8_SRGB	ResourceId::121886
4437	ps	Shader Module 87736	1776	1	ResourceId::121930:2D Color Attachment 121930:3440x1440:R11G11B10_FLOAT;ResourceId::121921:2D Color Attachment 121921:3440x1440:R10G10B10A2_UNORM;ResourceId::121918:2D Color Attachment 121918:3440x1440:R10G10B10A2_UNORM;ResourceId::121912:2D Color Attachment 121912:3440x1440:R10G10B10A2_UNORM;ResourceId::121915:2D Color Attachment 121915:3440x1440:R8G8B8A8_SRGB	ResourceId::121886
4442	ps	Shader Module 87739	30	76	ResourceId::121930:2D Color Attachment 121930:3440x1440:R11G11B10_FLOAT;ResourceId::121921:2D Color Attachment 121921:3440x1440:R10G10B10A2_UNORM;ResourceId::121918:2D Color Attachment 121918:3440x1440:R10G10B10A2_UNORM;ResourceId::121912:2D Color Attachment 121912:3440x1440:R10G10B10A2_UNORM;ResourceId::121915:2D Color Attachment 121915:3440x1440:R8G8B8A8_SRGB	ResourceId::121886
4446	ps	Shader Module 87739	30	2	ResourceId::121930:2D Color Attachment 121930:3440x1440:R11G11B10_FLOAT;ResourceId::121921:2D Color Attachment 121921:3440x1440:R10G10B10A2_UNORM;ResourceId::121918:2D Color Attachment 121918:3440x1440:R10G10B10A2_UNORM;ResourceId::121912:2D Color Attachment 121912:3440x1440:R10G10B10A2_UNORM;ResourceId::121915:2D Color Attachment 121915:3440x1440:R8G8B8A8_SRGB	ResourceId::121886
4450	ps	Shader Module 87739	63	5	ResourceId::121930:2D Color Attachment 121930:3440x1440:R11G11B10_FLOAT;ResourceId::121921:2D Color Attachment 121921:3440x1440:R10G10B10A2_UNORM;ResourceId::121918:2D Color Attachment 121918:3440x1440:R10G10B10A2_UNORM;ResourceId::121912:2D Color Attachment 121912:3440x1440:R10G10B10A2_UNORM;ResourceId::121915:2D Color Attachment 121915:3440x1440:R8G8B8A8_SRGB	ResourceId::121886
4454	ps	Shader Module 87739	24	7	ResourceId::121930:2D Color Attachment 121930:3440x1440:R11G11B10_FLOAT;ResourceId::121921:2D Color Attachment 121921:3440x1440:R10G10B10A2_UNORM;ResourceId::121918:2D Color Attachment 121918:3440x1440:R10G10B10A2_UNORM;ResourceId::121912:2D Color Attachment 121912:3440x1440:R10G10B10A2_UNORM;ResourceId::121915:2D Color Attachment 121915:3440x1440:R8G8B8A8_SRGB	ResourceId::121886
4458	ps	Shader Module 87739	36	4	ResourceId::121930:2D Color Attachment 121930:3440x1440:R11G11B10_FLOAT;ResourceId::121921:2D Color Attachment 121921:3440x1440:R10G10B10A2_UNORM;ResourceId::121918:2D Color Attachment 121918:3440x1440:R10G10B10A2_UNORM;ResourceId::121912:2D Color Attachment 121912:3440x1440:R10G10B10A2_UNORM;ResourceId::121915:2D Color Attachment 121915:3440x1440:R8G8B8A8_SRGB	ResourceId::121886
4463	ps	Shader Module 87728	180	51	ResourceId::121930:2D Color Attachment 121930:3440x1440:R11G11B10_FLOAT;ResourceId::121921:2D Color Attachment 121921:3440x1440:R10G10B10A2_UNORM;ResourceId::121918:2D Color Attachment 121918:3440x1440:R10G10B10A2_UNORM;ResourceId::121912:2D Color Attachment 121912:3440x1440:R10G10B10A2_UNORM;ResourceId::121915:2D Color Attachment 121915:3440x1440:R8G8B8A8_SRGB	ResourceId::121886
4465	ps	Shader Module 87728	180	4	ResourceId::121930:2D Color Attachment 121930:3440x1440:R11G11B10_FLOAT;ResourceId::121921:2D Color Attachment 121921:3440x1440:R10G10B10A2_UNORM;ResourceId::121918:2D Color Attachment 121918:3440x1440:R10G10B10A2_UNORM;ResourceId::121912:2D Color Attachment 121912:3440x1440:R10G10B10A2_UNORM;ResourceId::121915:2D Color Attachment 121915:3440x1440:R8G8B8A8_SRGB	ResourceId::121886
4469	ps	Shader Module 87728	3648	1	ResourceId::121930:2D Color Attachment 121930:3440x1440:R11G11B10_FLOAT;ResourceId::121921:2D Color Attachment 121921:3440x1440:R10G10B10A2_UNORM;ResourceId::121918:2D Color Attachment 121918:3440x1440:R10G10B10A2_UNORM;ResourceId::121912:2D Color Attachment 121912:3440x1440:R10G10B10A2_UNORM;ResourceId::121915:2D Color Attachment 121915:3440x1440:R8G8B8A8_SRGB	ResourceId::121886
4473	ps	Shader Module 87728	1125	4	ResourceId::121930:2D Color Attachment 121930:3440x1440:R11G11B10_FLOAT;ResourceId::121921:2D Color Attachment 121921:3440x1440:R10G10B10A2_UNORM;ResourceId::121918:2D Color Attachment 121918:3440x1440:R10G10B10A2_UNORM;ResourceId::121912:2D Color Attachment 121912:3440x1440:R10G10B10A2_UNORM;ResourceId::121915:2D Color Attachment 121915:3440x1440:R8G8B8A8_SRGB	ResourceId::121886
4477	ps	Shader Module 87728	1944	2	ResourceId::121930:2D Color Attachment 121930:3440x1440:R11G11B10_FLOAT;ResourceId::121921:2D Color Attachment 121921:3440x1440:R10G10B10A2_UNORM;ResourceId::121918:2D Color Attachment 121918:3440x1440:R10G10B10A2_UNORM;ResourceId::121912:2D Color Attachment 121912:3440x1440:R10G10B10A2_UNORM;ResourceId::121915:2D Color Attachment 121915:3440x1440:R8G8B8A8_SRGB	ResourceId::121886
4481	ps	Shader Module 87728	3048	1	ResourceId::121930:2D Color Attachment 121930:3440x1440:R11G11B10_FLOAT;ResourceId::121921:2D Color Attachment 121921:3440x1440:R10G10B10A2_UNORM;ResourceId::121918:2D Color Attachment 121918:3440x1440:R10G10B10A2_UNORM;ResourceId::121912:2D Color Attachment 121912:3440x1440:R10G10B10A2_UNORM;ResourceId::121915:2D Color Attachment 121915:3440x1440:R8G8B8A8_SRGB	ResourceId::121886
4485	ps	Shader Module 87728	1668	26	ResourceId::121930:2D Color Attachment 121930:3440x1440:R11G11B10_FLOAT;ResourceId::121921:2D Color Attachment 121921:3440x1440:R10G10B10A2_UNORM;ResourceId::121918:2D Color Attachment 121918:3440x1440:R10G10B10A2_UNORM;ResourceId::121912:2D Color Attachment 121912:3440x1440:R10G10B10A2_UNORM;ResourceId::121915:2D Color Attachment 121915:3440x1440:R8G8B8A8_SRGB	ResourceId::121886
4489	ps	Shader Module 87728	2169	12	ResourceId::121930:2D Color Attachment 121930:3440x1440:R11G11B10_FLOAT;ResourceId::121921:2D Color Attachment 121921:3440x1440:R10G10B10A2_UNORM;ResourceId::121918:2D Color Attachment 121918:3440x1440:R10G10B10A2_UNORM;ResourceId::121912:2D Color Attachment 121912:3440x1440:R10G10B10A2_UNORM;ResourceId::121915:2D Color Attachment 121915:3440x1440:R8G8B8A8_SRGB	ResourceId::121886
4494	ps	Shader Module 87742	45	1	ResourceId::121930:2D Color Attachment 121930:3440x1440:R11G11B10_FLOAT;ResourceId::121921:2D Color Attachment 121921:3440x1440:R10G10B10A2_UNORM;ResourceId::121918:2D Color Attachment 121918:3440x1440:R10G10B10A2_UNORM;ResourceId::121912:2D Color Attachment 121912:3440x1440:R10G10B10A2_UNORM;ResourceId::121915:2D Color Attachment 121915:3440x1440:R8G8B8A8_SRGB	ResourceId::121886
4498	ps	Shader Module 87742	54	7	ResourceId::121930:2D Color Attachment 121930:3440x1440:R11G11B10_FLOAT;ResourceId::121921:2D Color Attachment 121921:3440x1440:R10G10B10A2_UNORM;ResourceId::121918:2D Color Attachment 121918:3440x1440:R10G10B10A2_UNORM;ResourceId::121912:2D Color Attachment 121912:3440x1440:R10G10B10A2_UNORM;ResourceId::121915:2D Color Attachment 121915:3440x1440:R8G8B8A8_SRGB	ResourceId::121886
4503	ps	Shader Module 87728	4836	2	ResourceId::121930:2D Color Attachment 121930:3440x1440:R11G11B10_FLOAT;ResourceId::121921:2D Color Attachment 121921:3440x1440:R10G10B10A2_UNORM;ResourceId::121918:2D Color Attachment 121918:3440x1440:R10G10B10A2_UNORM;ResourceId::121912:2D Color Attachment 121912:3440x1440:R10G10B10A2_UNORM;ResourceId::121915:2D Color Attachment 121915:3440x1440:R8G8B8A8_SRGB	ResourceId::121886
4507	ps	Shader Module 87728	1056	3	ResourceId::121930:2D Color Attachment 121930:3440x1440:R11G11B10_FLOAT;ResourceId::121921:2D Color Attachment 121921:3440x1440:R10G10B10A2_UNORM;ResourceId::121918:2D Color Attachment 121918:3440x1440:R10G10B10A2_UNORM;ResourceId::121912:2D Color Attachment 121912:3440x1440:R10G10B10A2_UNORM;ResourceId::121915:2D Color Attachment 121915:3440x1440:R8G8B8A8_SRGB	ResourceId::121886
4511	ps	Shader Module 87728	3792	1	ResourceId::121930:2D Color Attachment 121930:3440x1440:R11G11B10_FLOAT;ResourceId::121921:2D Color Attachment 121921:3440x1440:R10G10B10A2_UNORM;ResourceId::121918:2D Color Attachment 121918:3440x1440:R10G10B10A2_UNORM;ResourceId::121912:2D Color Attachment 121912:3440x1440:R10G10B10A2_UNORM;ResourceId::121915:2D Color Attachment 121915:3440x1440:R8G8B8A8_SRGB	ResourceId::121886
4515	ps	Shader Module 87728	2082	3	ResourceId::121930:2D Color Attachment 121930:3440x1440:R11G11B10_FLOAT;ResourceId::121921:2D Color Attachment 121921:3440x1440:R10G10B10A2_UNORM;ResourceId::121918:2D Color Attachment 121918:3440x1440:R10G10B10A2_UNORM;ResourceId::121912:2D Color Attachment 121912:3440x1440:R10G10B10A2_UNORM;ResourceId::121915:2D Color Attachment 121915:3440x1440:R8G8B8A8_SRGB	ResourceId::121886
4519	ps	Shader Module 87728	789	3	ResourceId::121930:2D Color Attachment 121930:3440x1440:R11G11B10_FLOAT;ResourceId::121921:2D Color Attachment 121921:3440x1440:R10G10B10A2_UNORM;ResourceId::121918:2D Color Attachment 121918:3440x1440:R10G10B10A2_UNORM;ResourceId::121912:2D Color Attachment 121912:3440x1440:R10G10B10A2_UNORM;ResourceId::121915:2D Color Attachment 121915:3440x1440:R8G8B8A8_SRGB	ResourceId::121886
4524	ps	Shader Module 87746	3198	1	ResourceId::121930:2D Color Attachment 121930:3440x1440:R11G11B10_FLOAT;ResourceId::121921:2D Color Attachment 121921:3440x1440:R10G10B10A2_UNORM;ResourceId::121918:2D Color Attachment 121918:3440x1440:R10G10B10A2_UNORM;ResourceId::121912:2D Color Attachment 121912:3440x1440:R10G10B10A2_UNORM;ResourceId::121915:2D Color Attachment 121915:3440x1440:R8G8B8A8_SRGB	ResourceId::121886
4529	ps	Shader Module 87736	471	2	ResourceId::121930:2D Color Attachment 121930:3440x1440:R11G11B10_FLOAT;ResourceId::121921:2D Color Attachment 121921:3440x1440:R10G10B10A2_UNORM;ResourceId::121918:2D Color Attachment 121918:3440x1440:R10G10B10A2_UNORM;ResourceId::121912:2D Color Attachment 121912:3440x1440:R10G10B10A2_UNORM;ResourceId::121915:2D Color Attachment 121915:3440x1440:R8G8B8A8_SRGB	ResourceId::121886
4533	ps	Shader Module 87736	108	1	ResourceId::121930:2D Color Attachment 121930:3440x1440:R11G11B10_FLOAT;ResourceId::121921:2D Color Attachment 121921:3440x1440:R10G10B10A2_UNORM;ResourceId::121918:2D Color Attachment 121918:3440x1440:R10G10B10A2_UNORM;ResourceId::121912:2D Color Attachment 121912:3440x1440:R10G10B10A2_UNORM;ResourceId::121915:2D Color Attachment 121915:3440x1440:R8G8B8A8_SRGB	ResourceId::121886
4537	ps	Shader Module 87736	543	3	ResourceId::121930:2D Color Attachment 121930:3440x1440:R11G11B10_FLOAT;ResourceId::121921:2D Color Attachment 121921:3440x1440:R10G10B10A2_UNORM;ResourceId::121918:2D Color Attachment 121918:3440x1440:R10G10B10A2_UNORM;ResourceId::121912:2D Color Attachment 121912:3440x1440:R10G10B10A2_UNORM;ResourceId::121915:2D Color Attachment 121915:3440x1440:R8G8B8A8_SRGB	ResourceId::121886
4542	ps	Shader Module 87750	48	5	ResourceId::121930:2D Color Attachment 121930:3440x1440:R11G11B10_FLOAT;ResourceId::121921:2D Color Attachment 121921:3440x1440:R10G10B10A2_UNORM;ResourceId::121918:2D Color Attachment 121918:3440x1440:R10G10B10A2_UNORM;ResourceId::121912:2D Color Attachment 121912:3440x1440:R10G10B10A2_UNORM;ResourceId::121915:2D Color Attachment 121915:3440x1440:R8G8B8A8_SRGB	ResourceId::121886
4546	ps	Shader Module 87750	30	36	ResourceId::121930:2D Color Attachment 121930:3440x1440:R11G11B10_FLOAT;ResourceId::121921:2D Color Attachment 121921:3440x1440:R10G10B10A2_UNORM;ResourceId::121918:2D Color Attachment 121918:3440x1440:R10G10B10A2_UNORM;ResourceId::121912:2D Color Attachment 121912:3440x1440:R10G10B10A2_UNORM;ResourceId::121915:2D Color Attachment 121915:3440x1440:R8G8B8A8_SRGB	ResourceId::121886
4551	ps	Shader Module 87754	24	10	ResourceId::121930:2D Color Attachment 121930:3440x1440:R11G11B10_FLOAT;ResourceId::121921:2D Color Attachment 121921:3440x1440:R10G10B10A2_UNORM;ResourceId::121918:2D Color Attachment 121918:3440x1440:R10G10B10A2_UNORM;ResourceId::121912:2D Color Attachment 121912:3440x1440:R10G10B10A2_UNORM;ResourceId::121915:2D Color Attachment 121915:3440x1440:R8G8B8A8_SRGB	ResourceId::121886
4555	ps	Shader Module 87754	36	10	ResourceId::121930:2D Color Attachment 121930:3440x1440:R11G11B10_FLOAT;ResourceId::121921:2D Color Attachment 121921:3440x1440:R10G10B10A2_UNORM;ResourceId::121918:2D Color Attachment 121918:3440x1440:R10G10B10A2_UNORM;ResourceId::121912:2D Color Attachment 121912:3440x1440:R10G10B10A2_UNORM;ResourceId::121915:2D Color Attachment 121915:3440x1440:R8G8B8A8_SRGB	ResourceId::121886
4560	ps	Shader Module 87756	333	1	ResourceId::121930:2D Color Attachment 121930:3440x1440:R11G11B10_FLOAT;ResourceId::121921:2D Color Attachment 121921:3440x1440:R10G10B10A2_UNORM;ResourceId::121918:2D Color Attachment 121918:3440x1440:R10G10B10A2_UNORM;ResourceId::121912:2D Color Attachment 121912:3440x1440:R10G10B10A2_UNORM;ResourceId::121915:2D Color Attachment 121915:3440x1440:R8G8B8A8_SRGB	ResourceId::121886
4564	ps	Shader Module 87756	60	1	ResourceId::121930:2D Color Attachment 121930:3440x1440:R11G11B10_FLOAT;ResourceId::121921:2D Color Attachment 121921:3440x1440:R10G10B10A2_UNORM;ResourceId::121918:2D Color Attachment 121918:3440x1440:R10G10B10A2_UNORM;ResourceId::121912:2D Color Attachment 121912:3440x1440:R10G10B10A2_UNORM;ResourceId::121915:2D Color Attachment 121915:3440x1440:R8G8B8A8_SRGB	ResourceId::121886
4569	ps	Shader Module 87756	228	4	ResourceId::121930:2D Color Attachment 121930:3440x1440:R11G11B10_FLOAT;ResourceId::121921:2D Color Attachment 121921:3440x1440:R10G10B10A2_UNORM;ResourceId::121918:2D Color Attachment 121918:3440x1440:R10G10B10A2_UNORM;ResourceId::121912:2D Color Attachment 121912:3440x1440:R10G10B10A2_UNORM;ResourceId::121915:2D Color Attachment 121915:3440x1440:R8G8B8A8_SRGB	ResourceId::121886
4574	ps	Shader Module 87736	1164	1	ResourceId::121930:2D Color Attachment 121930:3440x1440:R11G11B10_FLOAT;ResourceId::121921:2D Color Attachment 121921:3440x1440:R10G10B10A2_UNORM;ResourceId::121918:2D Color Attachment 121918:3440x1440:R10G10B10A2_UNORM;ResourceId::121912:2D Color Attachment 121912:3440x1440:R10G10B10A2_UNORM;ResourceId::121915:2D Color Attachment 121915:3440x1440:R8G8B8A8_SRGB	ResourceId::121886
4579	ps	Shader Module 87736	1371	1	ResourceId::121930:2D Color Attachment 121930:3440x1440:R11G11B10_FLOAT;ResourceId::121921:2D Color Attachment 121921:3440x1440:R10G10B10A2_UNORM;ResourceId::121918:2D Color Attachment 121918:3440x1440:R10G10B10A2_UNORM;ResourceId::121912:2D Color Attachment 121912:3440x1440:R10G10B10A2_UNORM;ResourceId::121915:2D Color Attachment 121915:3440x1440:R8G8B8A8_SRGB	ResourceId::121886
4584	ps	Shader Module 87758	294	27	ResourceId::121930:2D Color Attachment 121930:3440x1440:R11G11B10_FLOAT;ResourceId::121921:2D Color Attachment 121921:3440x1440:R10G10B10A2_UNORM;ResourceId::121918:2D Color Attachment 121918:3440x1440:R10G10B10A2_UNORM;ResourceId::121912:2D Color Attachment 121912:3440x1440:R10G10B10A2_UNORM;ResourceId::121915:2D Color Attachment 121915:3440x1440:R8G8B8A8_SRGB	ResourceId::121886
4589	ps	Shader Module 87761	12	4	ResourceId::121930:2D Color Attachment 121930:3440x1440:R11G11B10_FLOAT;ResourceId::121921:2D Color Attachment 121921:3440x1440:R10G10B10A2_UNORM;ResourceId::121918:2D Color Attachment 121918:3440x1440:R10G10B10A2_UNORM;ResourceId::121912:2D Color Attachment 121912:3440x1440:R10G10B10A2_UNORM;ResourceId::121915:2D Color Attachment 121915:3440x1440:R8G8B8A8_SRGB	ResourceId::121886
4595	ps	Shader Module 93762	672	1	ResourceId::121930:2D Color Attachment 121930:3440x1440:R11G11B10_FLOAT;ResourceId::121921:2D Color Attachment 121921:3440x1440:R10G10B10A2_UNORM;ResourceId::121918:2D Color Attachment 121918:3440x1440:R10G10B10A2_UNORM;ResourceId::121912:2D Color Attachment 121912:3440x1440:R10G10B10A2_UNORM;ResourceId::121915:2D Color Attachment 121915:3440x1440:R8G8B8A8_SRGB	ResourceId::121886
4597	ps	Shader Module 93762	672	1	ResourceId::121930:2D Color Attachment 121930:3440x1440:R11G11B10_FLOAT;ResourceId::121921:2D Color Attachment 121921:3440x1440:R10G10B10A2_UNORM;ResourceId::121918:2D Color Attachment 121918:3440x1440:R10G10B10A2_UNORM;ResourceId::121912:2D Color Attachment 121912:3440x1440:R10G10B10A2_UNORM;ResourceId::121915:2D Color Attachment 121915:3440x1440:R8G8B8A8_SRGB	ResourceId::121886
4599	ps	Shader Module 93762	672	1	ResourceId::121930:2D Color Attachment 121930:3440x1440:R11G11B10_FLOAT;ResourceId::121921:2D Color Attachment 121921:3440x1440:R10G10B10A2_UNORM;ResourceId::121918:2D Color Attachment 121918:3440x1440:R10G10B10A2_UNORM;ResourceId::121912:2D Color Attachment 121912:3440x1440:R10G10B10A2_UNORM;ResourceId::121915:2D Color Attachment 121915:3440x1440:R8G8B8A8_SRGB	ResourceId::121886
4603	ps	Shader Module 93762	576	1	ResourceId::121930:2D Color Attachment 121930:3440x1440:R11G11B10_FLOAT;ResourceId::121921:2D Color Attachment 121921:3440x1440:R10G10B10A2_UNORM;ResourceId::121918:2D Color Attachment 121918:3440x1440:R10G10B10A2_UNORM;ResourceId::121912:2D Color Attachment 121912:3440x1440:R10G10B10A2_UNORM;ResourceId::121915:2D Color Attachment 121915:3440x1440:R8G8B8A8_SRGB	ResourceId::121886
4605	ps	Shader Module 93762	576	1	ResourceId::121930:2D Color Attachment 121930:3440x1440:R11G11B10_FLOAT;ResourceId::121921:2D Color Attachment 121921:3440x1440:R10G10B10A2_UNORM;ResourceId::121918:2D Color Attachment 121918:3440x1440:R10G10B10A2_UNORM;ResourceId::121912:2D Color Attachment 121912:3440x1440:R10G10B10A2_UNORM;ResourceId::121915:2D Color Attachment 121915:3440x1440:R8G8B8A8_SRGB	ResourceId::121886
4607	ps	Shader Module 93762	576	1	ResourceId::121930:2D Color Attachment 121930:3440x1440:R11G11B10_FLOAT;ResourceId::121921:2D Color Attachment 121921:3440x1440:R10G10B10A2_UNORM;ResourceId::121918:2D Color Attachment 121918:3440x1440:R10G10B10A2_UNORM;ResourceId::121912:2D Color Attachment 121912:3440x1440:R10G10B10A2_UNORM;ResourceId::121915:2D Color Attachment 121915:3440x1440:R8G8B8A8_SRGB	ResourceId::121886
4613	ps	Shader Module 88014	12	1	ResourceId::121930:2D Color Attachment 121930:3440x1440:R11G11B10_FLOAT;ResourceId::121921:2D Color Attachment 121921:3440x1440:R10G10B10A2_UNORM;ResourceId::121918:2D Color Attachment 121918:3440x1440:R10G10B10A2_UNORM;ResourceId::121912:2D Color Attachment 121912:3440x1440:R10G10B10A2_UNORM;ResourceId::121915:2D Color Attachment 121915:3440x1440:R8G8B8A8_SRGB	ResourceId::121886
4617	ps	Shader Module 88014	36	658	ResourceId::121930:2D Color Attachment 121930:3440x1440:R11G11B10_FLOAT;ResourceId::121921:2D Color Attachment 121921:3440x1440:R10G10B10A2_UNORM;ResourceId::121918:2D Color Attachment 121918:3440x1440:R10G10B10A2_UNORM;ResourceId::121912:2D Color Attachment 121912:3440x1440:R10G10B10A2_UNORM;ResourceId::121915:2D Color Attachment 121915:3440x1440:R8G8B8A8_SRGB	ResourceId::121886
4620	ps	Shader Module 88014	36	188	ResourceId::121930:2D Color Attachment 121930:3440x1440:R11G11B10_FLOAT;ResourceId::121921:2D Color Attachment 121921:3440x1440:R10G10B10A2_UNORM;ResourceId::121918:2D Color Attachment 121918:3440x1440:R10G10B10A2_UNORM;ResourceId::121912:2D Color Attachment 121912:3440x1440:R10G10B10A2_UNORM;ResourceId::121915:2D Color Attachment 121915:3440x1440:R8G8B8A8_SRGB	ResourceId::121886
4624	ps	Shader Module 88014	24	512	ResourceId::121930:2D Color Attachment 121930:3440x1440:R11G11B10_FLOAT;ResourceId::121921:2D Color Attachment 121921:3440x1440:R10G10B10A2_UNORM;ResourceId::121918:2D Color Attachment 121918:3440x1440:R10G10B10A2_UNORM;ResourceId::121912:2D Color Attachment 121912:3440x1440:R10G10B10A2_UNORM;ResourceId::121915:2D Color Attachment 121915:3440x1440:R8G8B8A8_SRGB	ResourceId::121886
4629	ps	Shader Module 88016	24	25	ResourceId::121930:2D Color Attachment 121930:3440x1440:R11G11B10_FLOAT;ResourceId::121921:2D Color Attachment 121921:3440x1440:R10G10B10A2_UNORM;ResourceId::121918:2D Color Attachment 121918:3440x1440:R10G10B10A2_UNORM;ResourceId::121912:2D Color Attachment 121912:3440x1440:R10G10B10A2_UNORM;ResourceId::121915:2D Color Attachment 121915:3440x1440:R8G8B8A8_SRGB	ResourceId::121886
4634	ps	Shader Module 88018	1287	9	ResourceId::121930:2D Color Attachment 121930:3440x1440:R11G11B10_FLOAT;ResourceId::121921:2D Color Attachment 121921:3440x1440:R10G10B10A2_UNORM;ResourceId::121918:2D Color Attachment 121918:3440x1440:R10G10B10A2_UNORM;ResourceId::121912:2D Color Attachment 121912:3440x1440:R10G10B10A2_UNORM;ResourceId::121915:2D Color Attachment 121915:3440x1440:R8G8B8A8_SRGB	ResourceId::121886
4638	ps	Shader Module 88018	4998	10	ResourceId::121930:2D Color Attachment 121930:3440x1440:R11G11B10_FLOAT;ResourceId::121921:2D Color Attachment 121921:3440x1440:R10G10B10A2_UNORM;ResourceId::121918:2D Color Attachment 121918:3440x1440:R10G10B10A2_UNORM;ResourceId::121912:2D Color Attachment 121912:3440x1440:R10G10B10A2_UNORM;ResourceId::121915:2D Color Attachment 121915:3440x1440:R8G8B8A8_SRGB	ResourceId::121886
4642	ps	Shader Module 88018	459	9	ResourceId::121930:2D Color Attachment 121930:3440x1440:R11G11B10_FLOAT;ResourceId::121921:2D Color Attachment 121921:3440x1440:R10G10B10A2_UNORM;ResourceId::121918:2D Color Attachment 121918:3440x1440:R10G10B10A2_UNORM;ResourceId::121912:2D Color Attachment 121912:3440x1440:R10G10B10A2_UNORM;ResourceId::121915:2D Color Attachment 121915:3440x1440:R8G8B8A8_SRGB	ResourceId::121886
4646	ps	Shader Module 88018	1500	7	ResourceId::121930:2D Color Attachment 121930:3440x1440:R11G11B10_FLOAT;ResourceId::121921:2D Color Attachment 121921:3440x1440:R10G10B10A2_UNORM;ResourceId::121918:2D Color Attachment 121918:3440x1440:R10G10B10A2_UNORM;ResourceId::121912:2D Color Attachment 121912:3440x1440:R10G10B10A2_UNORM;ResourceId::121915:2D Color Attachment 121915:3440x1440:R8G8B8A8_SRGB	ResourceId::121886
4650	ps	Shader Module 88018	750	13	ResourceId::121930:2D Color Attachment 121930:3440x1440:R11G11B10_FLOAT;ResourceId::121921:2D Color Attachment 121921:3440x1440:R10G10B10A2_UNORM;ResourceId::121918:2D Color Attachment 121918:3440x1440:R10G10B10A2_UNORM;ResourceId::121912:2D Color Attachment 121912:3440x1440:R10G10B10A2_UNORM;ResourceId::121915:2D Color Attachment 121915:3440x1440:R8G8B8A8_SRGB	ResourceId::121886
4654	ps	Shader Module 88018	375	31	ResourceId::121930:2D Color Attachment 121930:3440x1440:R11G11B10_FLOAT;ResourceId::121921:2D Color Attachment 121921:3440x1440:R10G10B10A2_UNORM;ResourceId::121918:2D Color Attachment 121918:3440x1440:R10G10B10A2_UNORM;ResourceId::121912:2D Color Attachment 121912:3440x1440:R10G10B10A2_UNORM;ResourceId::121915:2D Color Attachment 121915:3440x1440:R8G8B8A8_SRGB	ResourceId::121886
4659	ps	Shader Module 88018	186	2	ResourceId::121930:2D Color Attachment 121930:3440x1440:R11G11B10_FLOAT;ResourceId::121921:2D Color Attachment 121921:3440x1440:R10G10B10A2_UNORM;ResourceId::121918:2D Color Attachment 121918:3440x1440:R10G10B10A2_UNORM;ResourceId::121912:2D Color Attachment 121912:3440x1440:R10G10B10A2_UNORM;ResourceId::121915:2D Color Attachment 121915:3440x1440:R8G8B8A8_SRGB	ResourceId::121886
4663	ps	Shader Module 88018	528	3	ResourceId::121930:2D Color Attachment 121930:3440x1440:R11G11B10_FLOAT;ResourceId::121921:2D Color Attachment 121921:3440x1440:R10G10B10A2_UNORM;ResourceId::121918:2D Color Attachment 121918:3440x1440:R10G10B10A2_UNORM;ResourceId::121912:2D Color Attachment 121912:3440x1440:R10G10B10A2_UNORM;ResourceId::121915:2D Color Attachment 121915:3440x1440:R8G8B8A8_SRGB	ResourceId::121886
4667	ps	Shader Module 88018	1164	7	ResourceId::121930:2D Color Attachment 121930:3440x1440:R11G11B10_FLOAT;ResourceId::121921:2D Color Attachment 121921:3440x1440:R10G10B10A2_UNORM;ResourceId::121918:2D Color Attachment 121918:3440x1440:R10G10B10A2_UNORM;ResourceId::121912:2D Color Attachment 121912:3440x1440:R10G10B10A2_UNORM;ResourceId::121915:2D Color Attachment 121915:3440x1440:R8G8B8A8_SRGB	ResourceId::121886
4672	ps	Shader Module 88020	153	13	ResourceId::121930:2D Color Attachment 121930:3440x1440:R11G11B10_FLOAT;ResourceId::121921:2D Color Attachment 121921:3440x1440:R10G10B10A2_UNORM;ResourceId::121918:2D Color Attachment 121918:3440x1440:R10G10B10A2_UNORM;ResourceId::121912:2D Color Attachment 121912:3440x1440:R10G10B10A2_UNORM;ResourceId::121915:2D Color Attachment 121915:3440x1440:R8G8B8A8_SRGB	ResourceId::121886
4676	ps	Shader Module 88020	150	18	ResourceId::121930:2D Color Attachment 121930:3440x1440:R11G11B10_FLOAT;ResourceId::121921:2D Color Attachment 121921:3440x1440:R10G10B10A2_UNORM;ResourceId::121918:2D Color Attachment 121918:3440x1440:R10G10B10A2_UNORM;ResourceId::121912:2D Color Attachment 121912:3440x1440:R10G10B10A2_UNORM;ResourceId::121915:2D Color Attachment 121915:3440x1440:R8G8B8A8_SRGB	ResourceId::121886
4681	ps	Shader Module 88022	24	163	ResourceId::121930:2D Color Attachment 121930:3440x1440:R11G11B10_FLOAT;ResourceId::121921:2D Color Attachment 121921:3440x1440:R10G10B10A2_UNORM;ResourceId::121918:2D Color Attachment 121918:3440x1440:R10G10B10A2_UNORM;ResourceId::121912:2D Color Attachment 121912:3440x1440:R10G10B10A2_UNORM;ResourceId::121915:2D Color Attachment 121915:3440x1440:R8G8B8A8_SRGB	ResourceId::121886
4685	ps	Shader Module 88022	18	659	ResourceId::121930:2D Color Attachment 121930:3440x1440:R11G11B10_FLOAT;ResourceId::121921:2D Color Attachment 121921:3440x1440:R10G10B10A2_UNORM;ResourceId::121918:2D Color Attachment 121918:3440x1440:R10G10B10A2_UNORM;ResourceId::121912:2D Color Attachment 121912:3440x1440:R10G10B10A2_UNORM;ResourceId::121915:2D Color Attachment 121915:3440x1440:R8G8B8A8_SRGB	ResourceId::121886
4688	ps	Shader Module 88022	18	678	ResourceId::121930:2D Color Attachment 121930:3440x1440:R11G11B10_FLOAT;ResourceId::121921:2D Color Attachment 121921:3440x1440:R10G10B10A2_UNORM;ResourceId::121918:2D Color Attachment 121918:3440x1440:R10G10B10A2_UNORM;ResourceId::121912:2D Color Attachment 121912:3440x1440:R10G10B10A2_UNORM;ResourceId::121915:2D Color Attachment 121915:3440x1440:R8G8B8A8_SRGB	ResourceId::121886
4691	ps	Shader Module 88022	18	252	ResourceId::121930:2D Color Attachment 121930:3440x1440:R11G11B10_FLOAT;ResourceId::121921:2D Color Attachment 121921:3440x1440:R10G10B10A2_UNORM;ResourceId::121918:2D Color Attachment 121918:3440x1440:R10G10B10A2_UNORM;ResourceId::121912:2D Color Attachment 121912:3440x1440:R10G10B10A2_UNORM;ResourceId::121915:2D Color Attachment 121915:3440x1440:R8G8B8A8_SRGB	ResourceId::121886
4695	ps	Shader Module 88022	12	668	ResourceId::121930:2D Color Attachment 121930:3440x1440:R11G11B10_FLOAT;ResourceId::121921:2D Color Attachment 121921:3440x1440:R10G10B10A2_UNORM;ResourceId::121918:2D Color Attachment 121918:3440x1440:R10G10B10A2_UNORM;ResourceId::121912:2D Color Attachment 121912:3440x1440:R10G10B10A2_UNORM;ResourceId::121915:2D Color Attachment 121915:3440x1440:R8G8B8A8_SRGB	ResourceId::121886
4698	ps	Shader Module 88022	12	679	ResourceId::121930:2D Color Attachment 121930:3440x1440:R11G11B10_FLOAT;ResourceId::121921:2D Color Attachment 121921:3440x1440:R10G10B10A2_UNORM;ResourceId::121918:2D Color Attachment 121918:3440x1440:R10G10B10A2_UNORM;ResourceId::121912:2D Color Attachment 121912:3440x1440:R10G10B10A2_UNORM;ResourceId::121915:2D Color Attachment 121915:3440x1440:R8G8B8A8_SRGB	ResourceId::121886
4701	ps	Shader Module 88022	12	681	ResourceId::121930:2D Color Attachment 121930:3440x1440:R11G11B10_FLOAT;ResourceId::121921:2D Color Attachment 121921:3440x1440:R10G10B10A2_UNORM;ResourceId::121918:2D Color Attachment 121918:3440x1440:R10G10B10A2_UNORM;ResourceId::121912:2D Color Attachment 121912:3440x1440:R10G10B10A2_UNORM;ResourceId::121915:2D Color Attachment 121915:3440x1440:R8G8B8A8_SRGB	ResourceId::121886
4704	ps	Shader Module 88022	12	165	ResourceId::121930:2D Color Attachment 121930:3440x1440:R11G11B10_FLOAT;ResourceId::121921:2D Color Attachment 121921:3440x1440:R10G10B10A2_UNORM;ResourceId::121918:2D Color Attachment 121918:3440x1440:R10G10B10A2_UNORM;ResourceId::121912:2D Color Attachment 121912:3440x1440:R10G10B10A2_UNORM;ResourceId::121915:2D Color Attachment 121915:3440x1440:R8G8B8A8_SRGB	ResourceId::121886
4708	ps	Shader Module 88022	18	267	ResourceId::121930:2D Color Attachment 121930:3440x1440:R11G11B10_FLOAT;ResourceId::121921:2D Color Attachment 121921:3440x1440:R10G10B10A2_UNORM;ResourceId::121918:2D Color Attachment 121918:3440x1440:R10G10B10A2_UNORM;ResourceId::121912:2D Color Attachment 121912:3440x1440:R10G10B10A2_UNORM;ResourceId::121915:2D Color Attachment 121915:3440x1440:R8G8B8A8_SRGB	ResourceId::121886
4712	ps	Shader Module 88022	12	73	ResourceId::121930:2D Color Attachment 121930:3440x1440:R11G11B10_FLOAT;ResourceId::121921:2D Color Attachment 121921:3440x1440:R10G10B10A2_UNORM;ResourceId::121918:2D Color Attachment 121918:3440x1440:R10G10B10A2_UNORM;ResourceId::121912:2D Color Attachment 121912:3440x1440:R10G10B10A2_UNORM;ResourceId::121915:2D Color Attachment 121915:3440x1440:R8G8B8A8_SRGB	ResourceId::121886
4716	ps	Shader Module 88022	18	219	ResourceId::121930:2D Color Attachment 121930:3440x1440:R11G11B10_FLOAT;ResourceId::121921:2D Color Attachment 121921:3440x1440:R10G10B10A2_UNORM;ResourceId::121918:2D Color Attachment 121918:3440x1440:R10G10B10A2_UNORM;ResourceId::121912:2D Color Attachment 121912:3440x1440:R10G10B10A2_UNORM;ResourceId::121915:2D Color Attachment 121915:3440x1440:R8G8B8A8_SRGB	ResourceId::121886
4721	ps	Shader Module 88024	291	51	ResourceId::121930:2D Color Attachment 121930:3440x1440:R11G11B10_FLOAT;ResourceId::121921:2D Color Attachment 121921:3440x1440:R10G10B10A2_UNORM;ResourceId::121918:2D Color Attachment 121918:3440x1440:R10G10B10A2_UNORM;ResourceId::121912:2D Color Attachment 121912:3440x1440:R10G10B10A2_UNORM;ResourceId::121915:2D Color Attachment 121915:3440x1440:R8G8B8A8_SRGB	ResourceId::121886
4726	ps	Shader Module 88024	96	15	ResourceId::121930:2D Color Attachment 121930:3440x1440:R11G11B10_FLOAT;ResourceId::121921:2D Color Attachment 121921:3440x1440:R10G10B10A2_UNORM;ResourceId::121918:2D Color Attachment 121918:3440x1440:R10G10B10A2_UNORM;ResourceId::121912:2D Color Attachment 121912:3440x1440:R10G10B10A2_UNORM;ResourceId::121915:2D Color Attachment 121915:3440x1440:R8G8B8A8_SRGB	ResourceId::121886
4731	ps	Shader Module 88024	156	111	ResourceId::121930:2D Color Attachment 121930:3440x1440:R11G11B10_FLOAT;ResourceId::121921:2D Color Attachment 121921:3440x1440:R10G10B10A2_UNORM;ResourceId::121918:2D Color Attachment 121918:3440x1440:R10G10B10A2_UNORM;ResourceId::121912:2D Color Attachment 121912:3440x1440:R10G10B10A2_UNORM;ResourceId::121915:2D Color Attachment 121915:3440x1440:R8G8B8A8_SRGB	ResourceId::121886
4735	ps	Shader Module 88024	84	348	ResourceId::121930:2D Color Attachment 121930:3440x1440:R11G11B10_FLOAT;ResourceId::121921:2D Color Attachment 121921:3440x1440:R10G10B10A2_UNORM;ResourceId::121918:2D Color Attachment 121918:3440x1440:R10G10B10A2_UNORM;ResourceId::121912:2D Color Attachment 121912:3440x1440:R10G10B10A2_UNORM;ResourceId::121915:2D Color Attachment 121915:3440x1440:R8G8B8A8_SRGB	ResourceId::121886
4740	ps	Shader Module 88026	120	99	ResourceId::121930:2D Color Attachment 121930:3440x1440:R11G11B10_FLOAT;ResourceId::121921:2D Color Attachment 121921:3440x1440:R10G10B10A2_UNORM;ResourceId::121918:2D Color Attachment 121918:3440x1440:R10G10B10A2_UNORM;ResourceId::121912:2D Color Attachment 121912:3440x1440:R10G10B10A2_UNORM;ResourceId::121915:2D Color Attachment 121915:3440x1440:R8G8B8A8_SRGB	ResourceId::121886
4744	ps	Shader Module 88026	78	449	ResourceId::121930:2D Color Attachment 121930:3440x1440:R11G11B10_FLOAT;ResourceId::121921:2D Color Attachment 121921:3440x1440:R10G10B10A2_UNORM;ResourceId::121918:2D Color Attachment 121918:3440x1440:R10G10B10A2_UNORM;ResourceId::121912:2D Color Attachment 121912:3440x1440:R10G10B10A2_UNORM;ResourceId::121915:2D Color Attachment 121915:3440x1440:R8G8B8A8_SRGB	ResourceId::121886
4748	ps	Shader Module 88026	240	131	ResourceId::121930:2D Color Attachment 121930:3440x1440:R11G11B10_FLOAT;ResourceId::121921:2D Color Attachment 121921:3440x1440:R10G10B10A2_UNORM;ResourceId::121918:2D Color Attachment 121918:3440x1440:R10G10B10A2_UNORM;ResourceId::121912:2D Color Attachment 121912:3440x1440:R10G10B10A2_UNORM;ResourceId::121915:2D Color Attachment 121915:3440x1440:R8G8B8A8_SRGB	ResourceId::121886
4752	ps	Shader Module 88026	120	136	ResourceId::121930:2D Color Attachment 121930:3440x1440:R11G11B10_FLOAT;ResourceId::121921:2D Color Attachment 121921:3440x1440:R10G10B10A2_UNORM;ResourceId::121918:2D Color Attachment 121918:3440x1440:R10G10B10A2_UNORM;ResourceId::121912:2D Color Attachment 121912:3440x1440:R10G10B10A2_UNORM;ResourceId::121915:2D Color Attachment 121915:3440x1440:R8G8B8A8_SRGB	ResourceId::121886
4756	ps	Shader Module 88026	60	666	ResourceId::121930:2D Color Attachment 121930:3440x1440:R11G11B10_FLOAT;ResourceId::121921:2D Color Attachment 121921:3440x1440:R10G10B10A2_UNORM;ResourceId::121918:2D Color Attachment 121918:3440x1440:R10G10B10A2_UNORM;ResourceId::121912:2D Color Attachment 121912:3440x1440:R10G10B10A2_UNORM;ResourceId::121915:2D Color Attachment 121915:3440x1440:R8G8B8A8_SRGB	ResourceId::121886
4759	ps	Shader Module 88026	60	59	ResourceId::121930:2D Color Attachment 121930:3440x1440:R11G11B10_FLOAT;ResourceId::121921:2D Color Attachment 121921:3440x1440:R10G10B10A2_UNORM;ResourceId::121918:2D Color Attachment 121918:3440x1440:R10G10B10A2_UNORM;ResourceId::121912:2D Color Attachment 121912:3440x1440:R10G10B10A2_UNORM;ResourceId::121915:2D Color Attachment 121915:3440x1440:R8G8B8A8_SRGB	ResourceId::121886
4763	ps	Shader Module 88026	84	111	ResourceId::121930:2D Color Attachment 121930:3440x1440:R11G11B10_FLOAT;ResourceId::121921:2D Color Attachment 121921:3440x1440:R10G10B10A2_UNORM;ResourceId::121918:2D Color Attachment 121918:3440x1440:R10G10B10A2_UNORM;ResourceId::121912:2D Color Attachment 121912:3440x1440:R10G10B10A2_UNORM;ResourceId::121915:2D Color Attachment 121915:3440x1440:R8G8B8A8_SRGB	ResourceId::121886
4767	ps	Shader Module 88026	270	10	ResourceId::121930:2D Color Attachment 121930:3440x1440:R11G11B10_FLOAT;ResourceId::121921:2D Color Attachment 121921:3440x1440:R10G10B10A2_UNORM;ResourceId::121918:2D Color Attachment 121918:3440x1440:R10G10B10A2_UNORM;ResourceId::121912:2D Color Attachment 121912:3440x1440:R10G10B10A2_UNORM;ResourceId::121915:2D Color Attachment 121915:3440x1440:R8G8B8A8_SRGB	ResourceId::121886
4771	ps	Shader Module 88026	558	21	ResourceId::121930:2D Color Attachment 121930:3440x1440:R11G11B10_FLOAT;ResourceId::121921:2D Color Attachment 121921:3440x1440:R10G10B10A2_UNORM;ResourceId::121918:2D Color Attachment 121918:3440x1440:R10G10B10A2_UNORM;ResourceId::121912:2D Color Attachment 121912:3440x1440:R10G10B10A2_UNORM;ResourceId::121915:2D Color Attachment 121915:3440x1440:R8G8B8A8_SRGB	ResourceId::121886
4777	ps	Shader Module 88014	54	152	ResourceId::121930:2D Color Attachment 121930:3440x1440:R11G11B10_FLOAT;ResourceId::121921:2D Color Attachment 121921:3440x1440:R10G10B10A2_UNORM;ResourceId::121918:2D Color Attachment 121918:3440x1440:R10G10B10A2_UNORM;ResourceId::121912:2D Color Attachment 121912:3440x1440:R10G10B10A2_UNORM;ResourceId::121915:2D Color Attachment 121915:3440x1440:R8G8B8A8_SRGB	ResourceId::121886
4779	ps	Shader Module 88014	54	20	ResourceId::121930:2D Color Attachment 121930:3440x1440:R11G11B10_FLOAT;ResourceId::121921:2D Color Attachment 121921:3440x1440:R10G10B10A2_UNORM;ResourceId::121918:2D Color Attachment 121918:3440x1440:R10G10B10A2_UNORM;ResourceId::121912:2D Color Attachment 121912:3440x1440:R10G10B10A2_UNORM;ResourceId::121915:2D Color Attachment 121915:3440x1440:R8G8B8A8_SRGB	ResourceId::121886
4784	ps	Shader Module 88042	180	6	ResourceId::121930:2D Color Attachment 121930:3440x1440:R11G11B10_FLOAT;ResourceId::121921:2D Color Attachment 121921:3440x1440:R10G10B10A2_UNORM;ResourceId::121918:2D Color Attachment 121918:3440x1440:R10G10B10A2_UNORM;ResourceId::121912:2D Color Attachment 121912:3440x1440:R10G10B10A2_UNORM;ResourceId::121915:2D Color Attachment 121915:3440x1440:R8G8B8A8_SRGB	ResourceId::121886
4786	ps	Shader Module 88042	180	16	ResourceId::121930:2D Color Attachment 121930:3440x1440:R11G11B10_FLOAT;ResourceId::121921:2D Color Attachment 121921:3440x1440:R10G10B10A2_UNORM;ResourceId::121918:2D Color Attachment 121918:3440x1440:R10G10B10A2_UNORM;ResourceId::121912:2D Color Attachment 121912:3440x1440:R10G10B10A2_UNORM;ResourceId::121915:2D Color Attachment 121915:3440x1440:R8G8B8A8_SRGB	ResourceId::121886
4790	ps	Shader Module 88042	696	1	ResourceId::121930:2D Color Attachment 121930:3440x1440:R11G11B10_FLOAT;ResourceId::121921:2D Color Attachment 121921:3440x1440:R10G10B10A2_UNORM;ResourceId::121918:2D Color Attachment 121918:3440x1440:R10G10B10A2_UNORM;ResourceId::121912:2D Color Attachment 121912:3440x1440:R10G10B10A2_UNORM;ResourceId::121915:2D Color Attachment 121915:3440x1440:R8G8B8A8_SRGB	ResourceId::121886
4794	ps	Shader Module 88042	342	10	ResourceId::121930:2D Color Attachment 121930:3440x1440:R11G11B10_FLOAT;ResourceId::121921:2D Color Attachment 121921:3440x1440:R10G10B10A2_UNORM;ResourceId::121918:2D Color Attachment 121918:3440x1440:R10G10B10A2_UNORM;ResourceId::121912:2D Color Attachment 121912:3440x1440:R10G10B10A2_UNORM;ResourceId::121915:2D Color Attachment 121915:3440x1440:R8G8B8A8_SRGB	ResourceId::121886
4798	ps	Shader Module 82095	3	1	ResourceId::121930:2D Color Attachment 121930:3440x1440:R11G11B10_FLOAT;ResourceId::121921:2D Color Attachment 121921:3440x1440:R10G10B10A2_UNORM;ResourceId::121918:2D Color Attachment 121918:3440x1440:R10G10B10A2_UNORM;ResourceId::121912:2D Color Attachment 121912:3440x1440:R10G10B10A2_UNORM;ResourceId::121915:2D Color Attachment 121915:3440x1440:R8G8B8A8_SRGB	ResourceId::121886
4809	ps	Shader Module 88055	54	2		ResourceId::121886
4815	ps	Shader Module 88076	36	25		ResourceId::121886
4817	ps	Shader Module 88076	36	3		ResourceId::121886
4819	ps	Shader Module 88076	36	1		ResourceId::121886
4823	ps	Shader Module 97946	36	2		ResourceId::121886
4827	ps	Shader Module 88076	36	2		ResourceId::121886
4833	ps	Shader Module 88089	12	120		ResourceId::121886
4839	ps	Shader Module 88085	54	2		ResourceId::121886
4844	cs	Shader Module 1719	0	0		ResourceId::0
4852	ps	Shader Module 1726	3	1	ResourceId::121792:2D Color Attachment 121792:3440x1440:R32_FLOAT	ResourceId::0
4861	ps	Shader Module 1732	3	1	ResourceId::121891:2D Color Attachment 121891:3440x1440:R10G10B10A2_UNORM	ResourceId::0
4872	ps	Shader Module 88104	36	96	ResourceId::121930:2D Color Attachment 121930:3440x1440:R11G11B10_FLOAT;ResourceId::121921:2D Color Attachment 121921:3440x1440:R10G10B10A2_UNORM;ResourceId::121918:2D Color Attachment 121918:3440x1440:R10G10B10A2_UNORM;ResourceId::121912:2D Color Attachment 121912:3440x1440:R10G10B10A2_UNORM;ResourceId::121915:2D Color Attachment 121915:3440x1440:R8G8B8A8_SRGB	ResourceId::121886
4874	ps	Shader Module 88104	36	3	ResourceId::121930:2D Color Attachment 121930:3440x1440:R11G11B10_FLOAT;ResourceId::121921:2D Color Attachment 121921:3440x1440:R10G10B10A2_UNORM;ResourceId::121918:2D Color Attachment 121918:3440x1440:R10G10B10A2_UNORM;ResourceId::121912:2D Color Attachment 121912:3440x1440:R10G10B10A2_UNORM;ResourceId::121915:2D Color Attachment 121915:3440x1440:R8G8B8A8_SRGB	ResourceId::121886
4876	ps	Shader Module 88104	36	3	ResourceId::121930:2D Color Attachment 121930:3440x1440:R11G11B10_FLOAT;ResourceId::121921:2D Color Attachment 121921:3440x1440:R10G10B10A2_UNORM;ResourceId::121918:2D Color Attachment 121918:3440x1440:R10G10B10A2_UNORM;ResourceId::121912:2D Color Attachment 121912:3440x1440:R10G10B10A2_UNORM;ResourceId::121915:2D Color Attachment 121915:3440x1440:R8G8B8A8_SRGB	ResourceId::121886
4880	ps	Shader Module 88109	36	2	ResourceId::121930:2D Color Attachment 121930:3440x1440:R11G11B10_FLOAT;ResourceId::121921:2D Color Attachment 121921:3440x1440:R10G10B10A2_UNORM;ResourceId::121918:2D Color Attachment 121918:3440x1440:R10G10B10A2_UNORM;ResourceId::121912:2D Color Attachment 121912:3440x1440:R10G10B10A2_UNORM;ResourceId::121915:2D Color Attachment 121915:3440x1440:R8G8B8A8_SRGB	ResourceId::121886
4884	ps	Shader Module 88104	36	4	ResourceId::121930:2D Color Attachment 121930:3440x1440:R11G11B10_FLOAT;ResourceId::121921:2D Color Attachment 121921:3440x1440:R10G10B10A2_UNORM;ResourceId::121918:2D Color Attachment 121918:3440x1440:R10G10B10A2_UNORM;ResourceId::121912:2D Color Attachment 121912:3440x1440:R10G10B10A2_UNORM;ResourceId::121915:2D Color Attachment 121915:3440x1440:R8G8B8A8_SRGB	ResourceId::121886
4893	ps	Shader Module 1726	3	1	ResourceId::121792:2D Color Attachment 121792:3440x1440:R32_FLOAT	ResourceId::0
4904	ps	Shader Module 82109	6	1	ResourceId::121909:2D Color Attachment 121909:3440x1440:R8G8_UNORM	ResourceId::121886
4910	ps	Shader Module 82109	12603	1	ResourceId::121909:2D Color Attachment 121909:3440x1440:R8G8_UNORM	ResourceId::121886
4916	ps	Shader Module 82109	474	1	ResourceId::121909:2D Color Attachment 121909:3440x1440:R8G8_UNORM	ResourceId::121886
4922	ps	Shader Module 82109	2019	1	ResourceId::121909:2D Color Attachment 121909:3440x1440:R8G8_UNORM	ResourceId::121886
4928	ps	Shader Module 82109	2127	1	ResourceId::121909:2D Color Attachment 121909:3440x1440:R8G8_UNORM	ResourceId::121886
4934	ps	Shader Module 82109	6	1	ResourceId::121909:2D Color Attachment 121909:3440x1440:R8G8_UNORM	ResourceId::121886
4940	ps	Shader Module 82109	19617	1	ResourceId::121909:2D Color Attachment 121909:3440x1440:R8G8_UNORM	ResourceId::121886
4946	ps	Shader Module 82109	1962	1	ResourceId::121909:2D Color Attachment 121909:3440x1440:R8G8_UNORM	ResourceId::121886
4952	ps	Shader Module 82109	2730	1	ResourceId::121909:2D Color Attachment 121909:3440x1440:R8G8_UNORM	ResourceId::121886
4958	ps	Shader Module 82109	315	1	ResourceId::121909:2D Color Attachment 121909:3440x1440:R8G8_UNORM	ResourceId::121886
4964	ps	Shader Module 82109	588	1	ResourceId::121909:2D Color Attachment 121909:3440x1440:R8G8_UNORM	ResourceId::121886
4970	ps	Shader Module 82109	3561	1	ResourceId::121909:2D Color Attachment 121909:3440x1440:R8G8_UNORM	ResourceId::121886
4976	ps	Shader Module 82109	2997	1	ResourceId::121909:2D Color Attachment 121909:3440x1440:R8G8_UNORM	ResourceId::121886
4985	ps	Shader Module 82163	3	1	ResourceId::121858:2D Color Attachment 121858:3440x1440:R10G10B10A2_UNORM;ResourceId::121723:2D Color Attachment 121723:3440x1440:R8G8B8A8_UNORM	ResourceId::121818
4996	ps	Shader Module 88211	6	1	ResourceId::121906:2D Color Attachment 121906:1024x1024:R8G8B8A8_UNORM;ResourceId::121903:2D Color Attachment 121903:1024x1024:R10G10B10A2_UNORM	ResourceId::121900
5002	ps	Shader Module 88211	783	1	ResourceId::121906:2D Color Attachment 121906:1024x1024:R8G8B8A8_UNORM;ResourceId::121903:2D Color Attachment 121903:1024x1024:R10G10B10A2_UNORM	ResourceId::121900
5008	ps	Shader Module 88211	3099	1	ResourceId::121906:2D Color Attachment 121906:1024x1024:R8G8B8A8_UNORM;ResourceId::121903:2D Color Attachment 121903:1024x1024:R10G10B10A2_UNORM	ResourceId::121900
5014	ps	Shader Module 88211	4665	1	ResourceId::121906:2D Color Attachment 121906:1024x1024:R8G8B8A8_UNORM;ResourceId::121903:2D Color Attachment 121903:1024x1024:R10G10B10A2_UNORM	ResourceId::121900
5020	ps	Shader Module 88211	3876	1	ResourceId::121906:2D Color Attachment 121906:1024x1024:R8G8B8A8_UNORM;ResourceId::121903:2D Color Attachment 121903:1024x1024:R10G10B10A2_UNORM	ResourceId::121900
5026	ps	Shader Module 88211	2997	1	ResourceId::121906:2D Color Attachment 121906:1024x1024:R8G8B8A8_UNORM;ResourceId::121903:2D Color Attachment 121903:1024x1024:R10G10B10A2_UNORM	ResourceId::121900
5032	ps	Shader Module 88211	1005	1	ResourceId::121906:2D Color Attachment 121906:1024x1024:R8G8B8A8_UNORM;ResourceId::121903:2D Color Attachment 121903:1024x1024:R10G10B10A2_UNORM	ResourceId::121900
5038	ps	Shader Module 88211	498	1	ResourceId::121906:2D Color Attachment 121906:1024x1024:R8G8B8A8_UNORM;ResourceId::121903:2D Color Attachment 121903:1024x1024:R10G10B10A2_UNORM	ResourceId::121900
5047	ps	Shader Module 88226	3	1	ResourceId::121894:2D Color Attachment 121894:1024x1024:R16_FLOAT	ResourceId::121897
5053	ps	Shader Module 88232	36	1	ResourceId::121894:2D Color Attachment 121894:1024x1024:R16_FLOAT	ResourceId::121897
5059	ps	Shader Module 88239	4272	1	ResourceId::121894:2D Color Attachment 121894:1024x1024:R16_FLOAT	ResourceId::121897
5064	cs	Shader Module 89702	0	0		ResourceId::0
5068	cs	Shader Module 88250	0	0		ResourceId::0
5079	ps	Shader Module 88253	1536	50	ResourceId::121858:2D Color Attachment 121858:3440x1440:R10G10B10A2_UNORM;ResourceId::121723:2D Color Attachment 121723:3440x1440:R8G8B8A8_UNORM;ResourceId::121921:2D Color Attachment 121921:3440x1440:R10G10B10A2_UNORM	ResourceId::121818
5085	ps	Shader Module 82171	6	1	ResourceId::121858:2D Color Attachment 121858:3440x1440:R10G10B10A2_UNORM;ResourceId::121723:2D Color Attachment 121723:3440x1440:R8G8B8A8_UNORM;ResourceId::121921:2D Color Attachment 121921:3440x1440:R10G10B10A2_UNORM	ResourceId::121818
5091	ps	Shader Module 82171	12603	1	ResourceId::121858:2D Color Attachment 121858:3440x1440:R10G10B10A2_UNORM;ResourceId::121723:2D Color Attachment 121723:3440x1440:R8G8B8A8_UNORM;ResourceId::121921:2D Color Attachment 121921:3440x1440:R10G10B10A2_UNORM	ResourceId::121818
5097	ps	Shader Module 82171	474	1	ResourceId::121858:2D Color Attachment 121858:3440x1440:R10G10B10A2_UNORM;ResourceId::121723:2D Color Attachment 121723:3440x1440:R8G8B8A8_UNORM;ResourceId::121921:2D Color Attachment 121921:3440x1440:R10G10B10A2_UNORM	ResourceId::121818
5103	ps	Shader Module 82171	2019	1	ResourceId::121858:2D Color Attachment 121858:3440x1440:R10G10B10A2_UNORM;ResourceId::121723:2D Color Attachment 121723:3440x1440:R8G8B8A8_UNORM;ResourceId::121921:2D Color Attachment 121921:3440x1440:R10G10B10A2_UNORM	ResourceId::121818
5109	ps	Shader Module 82171	2127	1	ResourceId::121858:2D Color Attachment 121858:3440x1440:R10G10B10A2_UNORM;ResourceId::121723:2D Color Attachment 121723:3440x1440:R8G8B8A8_UNORM;ResourceId::121921:2D Color Attachment 121921:3440x1440:R10G10B10A2_UNORM	ResourceId::121818
5115	ps	Shader Module 82171	6	1	ResourceId::121858:2D Color Attachment 121858:3440x1440:R10G10B10A2_UNORM;ResourceId::121723:2D Color Attachment 121723:3440x1440:R8G8B8A8_UNORM;ResourceId::121921:2D Color Attachment 121921:3440x1440:R10G10B10A2_UNORM	ResourceId::121818
5121	ps	Shader Module 82171	19617	1	ResourceId::121858:2D Color Attachment 121858:3440x1440:R10G10B10A2_UNORM;ResourceId::121723:2D Color Attachment 121723:3440x1440:R8G8B8A8_UNORM;ResourceId::121921:2D Color Attachment 121921:3440x1440:R10G10B10A2_UNORM	ResourceId::121818
5127	ps	Shader Module 82171	1962	1	ResourceId::121858:2D Color Attachment 121858:3440x1440:R10G10B10A2_UNORM;ResourceId::121723:2D Color Attachment 121723:3440x1440:R8G8B8A8_UNORM;ResourceId::121921:2D Color Attachment 121921:3440x1440:R10G10B10A2_UNORM	ResourceId::121818
5133	ps	Shader Module 82171	2730	1	ResourceId::121858:2D Color Attachment 121858:3440x1440:R10G10B10A2_UNORM;ResourceId::121723:2D Color Attachment 121723:3440x1440:R8G8B8A8_UNORM;ResourceId::121921:2D Color Attachment 121921:3440x1440:R10G10B10A2_UNORM	ResourceId::121818
5139	ps	Shader Module 82171	315	1	ResourceId::121858:2D Color Attachment 121858:3440x1440:R10G10B10A2_UNORM;ResourceId::121723:2D Color Attachment 121723:3440x1440:R8G8B8A8_UNORM;ResourceId::121921:2D Color Attachment 121921:3440x1440:R10G10B10A2_UNORM	ResourceId::121818
5145	ps	Shader Module 82171	588	1	ResourceId::121858:2D Color Attachment 121858:3440x1440:R10G10B10A2_UNORM;ResourceId::121723:2D Color Attachment 121723:3440x1440:R8G8B8A8_UNORM;ResourceId::121921:2D Color Attachment 121921:3440x1440:R10G10B10A2_UNORM	ResourceId::121818
5151	ps	Shader Module 82171	3561	1	ResourceId::121858:2D Color Attachment 121858:3440x1440:R10G10B10A2_UNORM;ResourceId::121723:2D Color Attachment 121723:3440x1440:R8G8B8A8_UNORM;ResourceId::121921:2D Color Attachment 121921:3440x1440:R10G10B10A2_UNORM	ResourceId::121818
5157	ps	Shader Module 82171	2997	1	ResourceId::121858:2D Color Attachment 121858:3440x1440:R10G10B10A2_UNORM;ResourceId::121723:2D Color Attachment 121723:3440x1440:R8G8B8A8_UNORM;ResourceId::121921:2D Color Attachment 121921:3440x1440:R10G10B10A2_UNORM	ResourceId::121818
5162	cs	Shader Module 1740	0	0		ResourceId::0
5166	cs	Shader Module 1744	0	0		ResourceId::0
5170	cs	Shader Module 1744	0	0		ResourceId::0
5174	cs	Shader Module 1744	0	0		ResourceId::0
5178	cs	Shader Module 1744	0	0		ResourceId::0
5182	cs	Shader Module 1744	0	0		ResourceId::0
5186	cs	Shader Module 1744	0	0		ResourceId::0
5190	cs	Shader Module 82225	0	0		ResourceId::0
5194	cs	Shader Module 82230	0	0		ResourceId::0
5198	cs	Shader Module 82235	0	0		ResourceId::0
5202	cs	Shader Module 82238	0	0		ResourceId::0
5206	cs	Shader Module 82240	0	0		ResourceId::0
5210	cs	Shader Module 82242	0	0		ResourceId::0
5214	cs	Shader Module 82968	0	0		ResourceId::0
5218	cs	Shader Module 82975	0	0		ResourceId::0
5222	cs	Shader Module 82982	0	0		ResourceId::0
5226	cs	Shader Module 82989	0	0		ResourceId::0
5230	cs	Shader Module 82994	0	0		ResourceId::0
5234	cs	Shader Module 82998	0	0		ResourceId::0
5238	cs	Shader Module 83002	0	0		ResourceId::0
5242	cs	Shader Module 83006	0	0		ResourceId::0
5246	cs	Shader Module 83011	0	0		ResourceId::0
5250	cs	Shader Module 83011	0	0		ResourceId::0
5254	cs	Shader Module 83011	0	0		ResourceId::0
5258	cs	Shader Module 83011	0	0		ResourceId::0
5262	cs	Shader Module 83011	0	0		ResourceId::0
5266	cs	Shader Module 83011	0	0		ResourceId::0
5270	cs	Shader Module 83028	0	0		ResourceId::0
5274	cs	Shader Module 83032	0	0		ResourceId::0
5278	cs	Shader Module 83036	0	0		ResourceId::0
5282	cs	Shader Module 1761	0	0		ResourceId::0
5285	cs	Shader Module 1761	0	0		ResourceId::0
5293	ps	Shader Module 88348	3	1		ResourceId::121807
5304	ps	Shader Module 88353	336	40	ResourceId::121804:2D Color Attachment 121804:1720x720:R16G16B16A16_FLOAT	ResourceId::121807
5313	ps	Shader Module 1778	3	1	ResourceId::121777:2D Color Attachment 121777:860x360:R8_UNORM	ResourceId::0
5322	ps	Shader Module 1785	3	1	ResourceId::121801:2D Color Attachment 121801:860x360:R8_UNORM	ResourceId::0
5331	ps	Shader Module 1791	3	1	ResourceId::121777:2D Color Attachment 121777:860x360:R8_UNORM	ResourceId::0
5340	ps	Shader Module 1796	3	1	ResourceId::121798:2D Color Attachment 121798:3440x1440:R8G8_UNORM	ResourceId::121886
5344	ps	Shader Module 1802	3	1	ResourceId::121798:2D Color Attachment 121798:3440x1440:R8G8_UNORM	ResourceId::121886
5353	ps	Shader Module 82254	3	1	ResourceId::121930:2D Color Attachment 121930:3440x1440:R11G11B10_FLOAT	ResourceId::121886
5357	ps	Shader Module 82260	3	1	ResourceId::121930:2D Color Attachment 121930:3440x1440:R11G11B10_FLOAT	ResourceId::121886
5361	ps	Shader Module 82266	3	1	ResourceId::121930:2D Color Attachment 121930:3440x1440:R11G11B10_FLOAT	ResourceId::121886
5372	ps	Shader Module 88367	10590	1	ResourceId::121930:2D Color Attachment 121930:3440x1440:R11G11B10_FLOAT;ResourceId::121921:2D Color Attachment 121921:3440x1440:R10G10B10A2_UNORM	ResourceId::121886
5377	ps	Shader Module 88374	1368	1	ResourceId::121930:2D Color Attachment 121930:3440x1440:R11G11B10_FLOAT;ResourceId::121921:2D Color Attachment 121921:3440x1440:R10G10B10A2_UNORM	ResourceId::121886
5381	ps	Shader Module 88374	18642	1	ResourceId::121930:2D Color Attachment 121930:3440x1440:R11G11B10_FLOAT;ResourceId::121921:2D Color Attachment 121921:3440x1440:R10G10B10A2_UNORM	ResourceId::121886
5386	ps	Shader Module 88374	4500	1	ResourceId::121930:2D Color Attachment 121930:3440x1440:R11G11B10_FLOAT;ResourceId::121921:2D Color Attachment 121921:3440x1440:R10G10B10A2_UNORM	ResourceId::121886
5391	ps	Shader Module 88374	14958	1	ResourceId::121930:2D Color Attachment 121930:3440x1440:R11G11B10_FLOAT;ResourceId::121921:2D Color Attachment 121921:3440x1440:R10G10B10A2_UNORM	ResourceId::121886
5395	ps	Shader Module 88374	59679	1	ResourceId::121930:2D Color Attachment 121930:3440x1440:R11G11B10_FLOAT;ResourceId::121921:2D Color Attachment 121921:3440x1440:R10G10B10A2_UNORM	ResourceId::121886
5399	ps	Shader Module 88374	2766	1	ResourceId::121930:2D Color Attachment 121930:3440x1440:R11G11B10_FLOAT;ResourceId::121921:2D Color Attachment 121921:3440x1440:R10G10B10A2_UNORM	ResourceId::121886
5404	ps	Shader Module 88379	948	1	ResourceId::121930:2D Color Attachment 121930:3440x1440:R11G11B10_FLOAT;ResourceId::121921:2D Color Attachment 121921:3440x1440:R10G10B10A2_UNORM	ResourceId::121886
5408	ps	Shader Module 88379	996	1	ResourceId::121930:2D Color Attachment 121930:3440x1440:R11G11B10_FLOAT;ResourceId::121921:2D Color Attachment 121921:3440x1440:R10G10B10A2_UNORM	ResourceId::121886
5412	ps	Shader Module 88379	948	1	ResourceId::121930:2D Color Attachment 121930:3440x1440:R11G11B10_FLOAT;ResourceId::121921:2D Color Attachment 121921:3440x1440:R10G10B10A2_UNORM	ResourceId::121886
5417	ps	Shader Module 88379	840	1	ResourceId::121930:2D Color Attachment 121930:3440x1440:R11G11B10_FLOAT;ResourceId::121921:2D Color Attachment 121921:3440x1440:R10G10B10A2_UNORM	ResourceId::121886
5422	ps	Shader Module 88382	3132	1	ResourceId::121930:2D Color Attachment 121930:3440x1440:R11G11B10_FLOAT;ResourceId::121921:2D Color Attachment 121921:3440x1440:R10G10B10A2_UNORM	ResourceId::121886
5426	ps	Shader Module 88382	7596	1	ResourceId::121930:2D Color Attachment 121930:3440x1440:R11G11B10_FLOAT;ResourceId::121921:2D Color Attachment 121921:3440x1440:R10G10B10A2_UNORM	ResourceId::121886
5430	ps	Shader Module 88382	6537	1	ResourceId::121930:2D Color Attachment 121930:3440x1440:R11G11B10_FLOAT;ResourceId::121921:2D Color Attachment 121921:3440x1440:R10G10B10A2_UNORM	ResourceId::121886
5435	ps	Shader Module 88382	23220	1	ResourceId::121930:2D Color Attachment 121930:3440x1440:R11G11B10_FLOAT;ResourceId::121921:2D Color Attachment 121921:3440x1440:R10G10B10A2_UNORM	ResourceId::121886
5440	ps	Shader Module 88387	1434	1	ResourceId::121930:2D Color Attachment 121930:3440x1440:R11G11B10_FLOAT;ResourceId::121921:2D Color Attachment 121921:3440x1440:R10G10B10A2_UNORM	ResourceId::121886
5444	ps	Shader Module 88387	2598	1	ResourceId::121930:2D Color Attachment 121930:3440x1440:R11G11B10_FLOAT;ResourceId::121921:2D Color Attachment 121921:3440x1440:R10G10B10A2_UNORM	ResourceId::121886
5449	ps	Shader Module 88387	1878	1	ResourceId::121930:2D Color Attachment 121930:3440x1440:R11G11B10_FLOAT;ResourceId::121921:2D Color Attachment 121921:3440x1440:R10G10B10A2_UNORM	ResourceId::121886
5453	ps	Shader Module 88387	1356	1	ResourceId::121930:2D Color Attachment 121930:3440x1440:R11G11B10_FLOAT;ResourceId::121921:2D Color Attachment 121921:3440x1440:R10G10B10A2_UNORM	ResourceId::121886
5458	ps	Shader Module 109175	4797	1	ResourceId::121930:2D Color Attachment 121930:3440x1440:R11G11B10_FLOAT;ResourceId::121921:2D Color Attachment 121921:3440x1440:R10G10B10A2_UNORM	ResourceId::121886
5463	ps	Shader Module 88407	9282	1	ResourceId::121930:2D Color Attachment 121930:3440x1440:R11G11B10_FLOAT;ResourceId::121921:2D Color Attachment 121921:3440x1440:R10G10B10A2_UNORM	ResourceId::121886
5467	ps	Shader Module 88407	8718	1	ResourceId::121930:2D Color Attachment 121930:3440x1440:R11G11B10_FLOAT;ResourceId::121921:2D Color Attachment 121921:3440x1440:R10G10B10A2_UNORM	ResourceId::121886
5472	ps	Shader Module 109651	1026	1	ResourceId::121930:2D Color Attachment 121930:3440x1440:R11G11B10_FLOAT;ResourceId::121921:2D Color Attachment 121921:3440x1440:R10G10B10A2_UNORM	ResourceId::121886
5477	ps	Shader Module 108031	8502	1	ResourceId::121930:2D Color Attachment 121930:3440x1440:R11G11B10_FLOAT;ResourceId::121921:2D Color Attachment 121921:3440x1440:R10G10B10A2_UNORM	ResourceId::121886
5482	ps	Shader Module 88389	57693	1	ResourceId::121930:2D Color Attachment 121930:3440x1440:R11G11B10_FLOAT;ResourceId::121921:2D Color Attachment 121921:3440x1440:R10G10B10A2_UNORM	ResourceId::121886
5487	ps	Shader Module 109214	24768	1	ResourceId::121930:2D Color Attachment 121930:3440x1440:R11G11B10_FLOAT;ResourceId::121921:2D Color Attachment 121921:3440x1440:R10G10B10A2_UNORM	ResourceId::121886
5492	ps	Shader Module 109703	1779	1	ResourceId::121930:2D Color Attachment 121930:3440x1440:R11G11B10_FLOAT;ResourceId::121921:2D Color Attachment 121921:3440x1440:R10G10B10A2_UNORM	ResourceId::121886
5497	ps	Shader Module 109175	43773	1	ResourceId::121930:2D Color Attachment 121930:3440x1440:R11G11B10_FLOAT;ResourceId::121921:2D Color Attachment 121921:3440x1440:R10G10B10A2_UNORM	ResourceId::121886
5502	ps	Shader Module 88399	16953	1	ResourceId::121930:2D Color Attachment 121930:3440x1440:R11G11B10_FLOAT;ResourceId::121921:2D Color Attachment 121921:3440x1440:R10G10B10A2_UNORM	ResourceId::121886
5506	ps	Shader Module 88399	6876	1	ResourceId::121930:2D Color Attachment 121930:3440x1440:R11G11B10_FLOAT;ResourceId::121921:2D Color Attachment 121921:3440x1440:R10G10B10A2_UNORM	ResourceId::121886
5511	ps	Shader Module 88401	37839	1	ResourceId::121930:2D Color Attachment 121930:3440x1440:R11G11B10_FLOAT;ResourceId::121921:2D Color Attachment 121921:3440x1440:R10G10B10A2_UNORM	ResourceId::121886
5516	ps	Shader Module 88405	9768	1	ResourceId::121930:2D Color Attachment 121930:3440x1440:R11G11B10_FLOAT;ResourceId::121921:2D Color Attachment 121921:3440x1440:R10G10B10A2_UNORM	ResourceId::121886
5521	ps	Shader Module 112890	3468	1	ResourceId::121930:2D Color Attachment 121930:3440x1440:R11G11B10_FLOAT;ResourceId::121921:2D Color Attachment 121921:3440x1440:R10G10B10A2_UNORM	ResourceId::121886
5525	ps	Shader Module 112890	570	1	ResourceId::121930:2D Color Attachment 121930:3440x1440:R11G11B10_FLOAT;ResourceId::121921:2D Color Attachment 121921:3440x1440:R10G10B10A2_UNORM	ResourceId::121886
5530	ps	Shader Module 127494	942	1	ResourceId::121930:2D Color Attachment 121930:3440x1440:R11G11B10_FLOAT;ResourceId::121921:2D Color Attachment 121921:3440x1440:R10G10B10A2_UNORM	ResourceId::121886
5535	ps	Shader Module 115422	888	1	ResourceId::121930:2D Color Attachment 121930:3440x1440:R11G11B10_FLOAT;ResourceId::121921:2D Color Attachment 121921:3440x1440:R10G10B10A2_UNORM	ResourceId::121886
5540	ps	Shader Module 88374	14280	1	ResourceId::121930:2D Color Attachment 121930:3440x1440:R11G11B10_FLOAT;ResourceId::121921:2D Color Attachment 121921:3440x1440:R10G10B10A2_UNORM	ResourceId::121886
5544	ps	Shader Module 88374	46845	1	ResourceId::121930:2D Color Attachment 121930:3440x1440:R11G11B10_FLOAT;ResourceId::121921:2D Color Attachment 121921:3440x1440:R10G10B10A2_UNORM	ResourceId::121886
5549	ps	Shader Module 88409	32481	1	ResourceId::121930:2D Color Attachment 121930:3440x1440:R11G11B10_FLOAT;ResourceId::121921:2D Color Attachment 121921:3440x1440:R10G10B10A2_UNORM	ResourceId::121886
5553	ps	Shader Module 88409	20451	1	ResourceId::121930:2D Color Attachment 121930:3440x1440:R11G11B10_FLOAT;ResourceId::121921:2D Color Attachment 121921:3440x1440:R10G10B10A2_UNORM	ResourceId::121886
5557	ps	Shader Module 88409	29655	1	ResourceId::121930:2D Color Attachment 121930:3440x1440:R11G11B10_FLOAT;ResourceId::121921:2D Color Attachment 121921:3440x1440:R10G10B10A2_UNORM	ResourceId::121886
5562	ps	Shader Module 88411	41307	1	ResourceId::121930:2D Color Attachment 121930:3440x1440:R11G11B10_FLOAT;ResourceId::121921:2D Color Attachment 121921:3440x1440:R10G10B10A2_UNORM	ResourceId::121886
5567	ps	Shader Module 115424	18471	1	ResourceId::121930:2D Color Attachment 121930:3440x1440:R11G11B10_FLOAT;ResourceId::121921:2D Color Attachment 121921:3440x1440:R10G10B10A2_UNORM	ResourceId::121886
5573	ps	Shader Module 95302	6	1	ResourceId::121930:2D Color Attachment 121930:3440x1440:R11G11B10_FLOAT;ResourceId::121921:2D Color Attachment 121921:3440x1440:R10G10B10A2_UNORM	ResourceId::121886
5579	ps	Shader Module 88439	10590	1	ResourceId::121930:2D Color Attachment 121930:3440x1440:R11G11B10_FLOAT;ResourceId::121921:2D Color Attachment 121921:3440x1440:R10G10B10A2_UNORM	ResourceId::121886
5584	ps	Shader Module 88444	1368	1	ResourceId::121930:2D Color Attachment 121930:3440x1440:R11G11B10_FLOAT;ResourceId::121921:2D Color Attachment 121921:3440x1440:R10G10B10A2_UNORM	ResourceId::121886
5588	ps	Shader Module 88444	18642	1	ResourceId::121930:2D Color Attachment 121930:3440x1440:R11G11B10_FLOAT;ResourceId::121921:2D Color Attachment 121921:3440x1440:R10G10B10A2_UNORM	ResourceId::121886
5593	ps	Shader Module 88444	4500	1	ResourceId::121930:2D Color Attachment 121930:3440x1440:R11G11B10_FLOAT;ResourceId::121921:2D Color Attachment 121921:3440x1440:R10G10B10A2_UNORM	ResourceId::121886
5598	ps	Shader Module 88444	14958	1	ResourceId::121930:2D Color Attachment 121930:3440x1440:R11G11B10_FLOAT;ResourceId::121921:2D Color Attachment 121921:3440x1440:R10G10B10A2_UNORM	ResourceId::121886
5602	ps	Shader Module 88444	59679	1	ResourceId::121930:2D Color Attachment 121930:3440x1440:R11G11B10_FLOAT;ResourceId::121921:2D Color Attachment 121921:3440x1440:R10G10B10A2_UNORM	ResourceId::121886
5606	ps	Shader Module 88444	2766	1	ResourceId::121930:2D Color Attachment 121930:3440x1440:R11G11B10_FLOAT;ResourceId::121921:2D Color Attachment 121921:3440x1440:R10G10B10A2_UNORM	ResourceId::121886
5611	ps	Shader Module 88447	3132	1	ResourceId::121930:2D Color Attachment 121930:3440x1440:R11G11B10_FLOAT;ResourceId::121921:2D Color Attachment 121921:3440x1440:R10G10B10A2_UNORM	ResourceId::121886
5615	ps	Shader Module 88447	7596	1	ResourceId::121930:2D Color Attachment 121930:3440x1440:R11G11B10_FLOAT;ResourceId::121921:2D Color Attachment 121921:3440x1440:R10G10B10A2_UNORM	ResourceId::121886
5619	ps	Shader Module 88447	6537	1	ResourceId::121930:2D Color Attachment 121930:3440x1440:R11G11B10_FLOAT;ResourceId::121921:2D Color Attachment 121921:3440x1440:R10G10B10A2_UNORM	ResourceId::121886
5624	ps	Shader Module 88447	23220	1	ResourceId::121930:2D Color Attachment 121930:3440x1440:R11G11B10_FLOAT;ResourceId::121921:2D Color Attachment 121921:3440x1440:R10G10B10A2_UNORM	ResourceId::121886
5629	ps	Shader Module 88439	9282	1	ResourceId::121930:2D Color Attachment 121930:3440x1440:R11G11B10_FLOAT;ResourceId::121921:2D Color Attachment 121921:3440x1440:R10G10B10A2_UNORM	ResourceId::121886
5633	ps	Shader Module 88439	8718	1	ResourceId::121930:2D Color Attachment 121930:3440x1440:R11G11B10_FLOAT;ResourceId::121921:2D Color Attachment 121921:3440x1440:R10G10B10A2_UNORM	ResourceId::121886
5637	ps	Shader Module 88439	8502	1	ResourceId::121930:2D Color Attachment 121930:3440x1440:R11G11B10_FLOAT;ResourceId::121921:2D Color Attachment 121921:3440x1440:R10G10B10A2_UNORM	ResourceId::121886
5642	ps	Shader Module 88444	57693	1	ResourceId::121930:2D Color Attachment 121930:3440x1440:R11G11B10_FLOAT;ResourceId::121921:2D Color Attachment 121921:3440x1440:R10G10B10A2_UNORM	ResourceId::121886
5647	ps	Shader Module 88451	24768	1	ResourceId::121930:2D Color Attachment 121930:3440x1440:R11G11B10_FLOAT;ResourceId::121921:2D Color Attachment 121921:3440x1440:R10G10B10A2_UNORM	ResourceId::121886
5652	ps	Shader Module 88444	1779	1	ResourceId::121930:2D Color Attachment 121930:3440x1440:R11G11B10_FLOAT;ResourceId::121921:2D Color Attachment 121921:3440x1440:R10G10B10A2_UNORM	ResourceId::121886
5657	ps	Shader Module 88444	16953	1	ResourceId::121930:2D Color Attachment 121930:3440x1440:R11G11B10_FLOAT;ResourceId::121921:2D Color Attachment 121921:3440x1440:R10G10B10A2_UNORM	ResourceId::121886
5661	ps	Shader Module 88444	6876	1	ResourceId::121930:2D Color Attachment 121930:3440x1440:R11G11B10_FLOAT;ResourceId::121921:2D Color Attachment 121921:3440x1440:R10G10B10A2_UNORM	ResourceId::121886
5666	ps	Shader Module 88449	37839	1	ResourceId::121930:2D Color Attachment 121930:3440x1440:R11G11B10_FLOAT;ResourceId::121921:2D Color Attachment 121921:3440x1440:R10G10B10A2_UNORM	ResourceId::121886
5671	ps	Shader Module 88451	888	1	ResourceId::121930:2D Color Attachment 121930:3440x1440:R11G11B10_FLOAT;ResourceId::121921:2D Color Attachment 121921:3440x1440:R10G10B10A2_UNORM	ResourceId::121886
5676	ps	Shader Module 88451	14280	1	ResourceId::121930:2D Color Attachment 121930:3440x1440:R11G11B10_FLOAT;ResourceId::121921:2D Color Attachment 121921:3440x1440:R10G10B10A2_UNORM	ResourceId::121886
5680	ps	Shader Module 88451	46845	1	ResourceId::121930:2D Color Attachment 121930:3440x1440:R11G11B10_FLOAT;ResourceId::121921:2D Color Attachment 121921:3440x1440:R10G10B10A2_UNORM	ResourceId::121886
5686	ps	Shader Module 107508	32481	1	ResourceId::121930:2D Color Attachment 121930:3440x1440:R11G11B10_FLOAT;ResourceId::121921:2D Color Attachment 121921:3440x1440:R10G10B10A2_UNORM	ResourceId::121886
5690	ps	Shader Module 107508	20451	1	ResourceId::121930:2D Color Attachment 121930:3440x1440:R11G11B10_FLOAT;ResourceId::121921:2D Color Attachment 121921:3440x1440:R10G10B10A2_UNORM	ResourceId::121886
5694	ps	Shader Module 107508	29655	1	ResourceId::121930:2D Color Attachment 121930:3440x1440:R11G11B10_FLOAT;ResourceId::121921:2D Color Attachment 121921:3440x1440:R10G10B10A2_UNORM	ResourceId::121886
5700	ps	Shader Module 109286	4797	1	ResourceId::121930:2D Color Attachment 121930:3440x1440:R11G11B10_FLOAT;ResourceId::121921:2D Color Attachment 121921:3440x1440:R10G10B10A2_UNORM	ResourceId::121886
5705	ps	Shader Module 109177	43773	1	ResourceId::121930:2D Color Attachment 121930:3440x1440:R11G11B10_FLOAT;ResourceId::121921:2D Color Attachment 121921:3440x1440:R10G10B10A2_UNORM	ResourceId::121886
5711	ps	Shader Module 107510	41307	1	ResourceId::121930:2D Color Attachment 121930:3440x1440:R11G11B10_FLOAT;ResourceId::121921:2D Color Attachment 121921:3440x1440:R10G10B10A2_UNORM	ResourceId::121886
5717	ps	Shader Module 82273	240	1	ResourceId::121930:2D Color Attachment 121930:3440x1440:R11G11B10_FLOAT;ResourceId::121921:2D Color Attachment 121921:3440x1440:R10G10B10A2_UNORM	ResourceId::121886
5726	ps	Shader Module 1726	3	1	ResourceId::121795:2D Color Attachment 121795:3440x1440:R32_FLOAT	ResourceId::0
5735	ps	Shader Module 1732	3	1	ResourceId::121780:2D Color Attachment 121780:3440x1440:R11G11B10_FLOAT	ResourceId::0
5744	ps	Shader Module 1726	3	1	ResourceId::121792:2D Color Attachment 121792:3440x1440:R32_FLOAT	ResourceId::0
5755	ps	Shader Module 88488	36	1	ResourceId::121723:2D Color Attachment 121723:3440x1440:R8G8B8A8_UNORM	ResourceId::121818
5761	ps	Shader Module 82288	4272	1	ResourceId::121723:2D Color Attachment 121723:3440x1440:R8G8B8A8_UNORM	ResourceId::121818
5770	ps	Shader Module 82298	3	1	ResourceId::121930:2D Color Attachment 121930:3440x1440:R11G11B10_FLOAT	ResourceId::121818
5779	ps	Shader Module 82305	3	1	ResourceId::121789:2D Color Attachment 121789:1720x720:R11G11B10_FLOAT	ResourceId::0
5788	ps	Shader Module 82312	3	1	ResourceId::121786:2D Color Attachment 121786:1720x720:R11G11B10_FLOAT	ResourceId::0
5797	ps	Shader Module 82312	3	1	ResourceId::121789:2D Color Attachment 121789:1720x720:R11G11B10_FLOAT	ResourceId::0
5806	ps	Shader Module 82312	3	1	ResourceId::121786:2D Color Attachment 121786:1720x720:R11G11B10_FLOAT	ResourceId::0
5815	ps	Shader Module 1848	3	1	ResourceId::121783:2D Color Attachment 121783:3440x1440:R11G11B10_FLOAT;ResourceId::121921:2D Color Attachment 121921:3440x1440:R10G10B10A2_UNORM	ResourceId::121886
5821	ps	Shader Module 94573	24	1	ResourceId::121783:2D Color Attachment 121783:3440x1440:R11G11B10_FLOAT;ResourceId::121921:2D Color Attachment 121921:3440x1440:R10G10B10A2_UNORM	ResourceId::121886
5826	ps	Shader Module 93853	156	1	ResourceId::121783:2D Color Attachment 121783:3440x1440:R11G11B10_FLOAT;ResourceId::121921:2D Color Attachment 121921:3440x1440:R10G10B10A2_UNORM	ResourceId::121886
5828	ps	Shader Module 93853	156	1	ResourceId::121783:2D Color Attachment 121783:3440x1440:R11G11B10_FLOAT;ResourceId::121921:2D Color Attachment 121921:3440x1440:R10G10B10A2_UNORM	ResourceId::121886
5830	ps	Shader Module 93853	156	1	ResourceId::121783:2D Color Attachment 121783:3440x1440:R11G11B10_FLOAT;ResourceId::121921:2D Color Attachment 121921:3440x1440:R10G10B10A2_UNORM	ResourceId::121886
5832	ps	Shader Module 93853	150	1	ResourceId::121783:2D Color Attachment 121783:3440x1440:R11G11B10_FLOAT;ResourceId::121921:2D Color Attachment 121921:3440x1440:R10G10B10A2_UNORM	ResourceId::121886
5834	ps	Shader Module 93853	156	1	ResourceId::121783:2D Color Attachment 121783:3440x1440:R11G11B10_FLOAT;ResourceId::121921:2D Color Attachment 121921:3440x1440:R10G10B10A2_UNORM	ResourceId::121886
5838	ps	Shader Module 109326	66	1	ResourceId::121783:2D Color Attachment 121783:3440x1440:R11G11B10_FLOAT;ResourceId::121921:2D Color Attachment 121921:3440x1440:R10G10B10A2_UNORM	ResourceId::121886
5844	ps	Shader Module 88500	96	1	ResourceId::121783:2D Color Attachment 121783:3440x1440:R11G11B10_FLOAT;ResourceId::121921:2D Color Attachment 121921:3440x1440:R10G10B10A2_UNORM	ResourceId::121886
5847	ps	Shader Module 88500	96	1	ResourceId::121783:2D Color Attachment 121783:3440x1440:R11G11B10_FLOAT;ResourceId::121921:2D Color Attachment 121921:3440x1440:R10G10B10A2_UNORM	ResourceId::121886
5853	ps	Shader Module 88506	393	1	ResourceId::121783:2D Color Attachment 121783:3440x1440:R11G11B10_FLOAT;ResourceId::121921:2D Color Attachment 121921:3440x1440:R10G10B10A2_UNORM	ResourceId::121886
5858	ps	Shader Module 88500	108	1	ResourceId::121783:2D Color Attachment 121783:3440x1440:R11G11B10_FLOAT;ResourceId::121921:2D Color Attachment 121921:3440x1440:R10G10B10A2_UNORM	ResourceId::121886
5861	ps	Shader Module 88500	108	1	ResourceId::121783:2D Color Attachment 121783:3440x1440:R11G11B10_FLOAT;ResourceId::121921:2D Color Attachment 121921:3440x1440:R10G10B10A2_UNORM	ResourceId::121886
5866	ps	Shader Module 88500	96	1	ResourceId::121783:2D Color Attachment 121783:3440x1440:R11G11B10_FLOAT;ResourceId::121921:2D Color Attachment 121921:3440x1440:R10G10B10A2_UNORM	ResourceId::121886
5869	ps	Shader Module 88500	96	1	ResourceId::121783:2D Color Attachment 121783:3440x1440:R11G11B10_FLOAT;ResourceId::121921:2D Color Attachment 121921:3440x1440:R10G10B10A2_UNORM	ResourceId::121886
5875	ps	Shader Module 88506	402	1	ResourceId::121783:2D Color Attachment 121783:3440x1440:R11G11B10_FLOAT;ResourceId::121921:2D Color Attachment 121921:3440x1440:R10G10B10A2_UNORM	ResourceId::121886
5880	ps	Shader Module 88500	96	1	ResourceId::121783:2D Color Attachment 121783:3440x1440:R11G11B10_FLOAT;ResourceId::121921:2D Color Attachment 121921:3440x1440:R10G10B10A2_UNORM	ResourceId::121886
5883	ps	Shader Module 88500	96	1	ResourceId::121783:2D Color Attachment 121783:3440x1440:R11G11B10_FLOAT;ResourceId::121921:2D Color Attachment 121921:3440x1440:R10G10B10A2_UNORM	ResourceId::121886
5889	ps	Shader Module 108033	41307	1	ResourceId::121783:2D Color Attachment 121783:3440x1440:R11G11B10_FLOAT;ResourceId::121921:2D Color Attachment 121921:3440x1440:R10G10B10A2_UNORM	ResourceId::121886
5894	ps	Shader Module 115426	18471	1	ResourceId::121783:2D Color Attachment 121783:3440x1440:R11G11B10_FLOAT;ResourceId::121921:2D Color Attachment 121921:3440x1440:R10G10B10A2_UNORM	ResourceId::121886
5900	ps	Shader Module 108038	41307	1	ResourceId::121783:2D Color Attachment 121783:3440x1440:R11G11B10_FLOAT;ResourceId::121921:2D Color Attachment 121921:3440x1440:R10G10B10A2_UNORM	ResourceId::121886
5906	ps	Shader Module 82330	2724	1	ResourceId::121783:2D Color Attachment 121783:3440x1440:R11G11B10_FLOAT;ResourceId::121921:2D Color Attachment 121921:3440x1440:R10G10B10A2_UNORM	ResourceId::121886
5912	ps	Shader Module 88503	387	1	ResourceId::121783:2D Color Attachment 121783:3440x1440:R11G11B10_FLOAT;ResourceId::121921:2D Color Attachment 121921:3440x1440:R10G10B10A2_UNORM	ResourceId::121886
5916	ps	Shader Module 88506	387	1	ResourceId::121783:2D Color Attachment 121783:3440x1440:R11G11B10_FLOAT;ResourceId::121921:2D Color Attachment 121921:3440x1440:R10G10B10A2_UNORM	ResourceId::121886
5921	ps	Shader Module 88503	267	1	ResourceId::121783:2D Color Attachment 121783:3440x1440:R11G11B10_FLOAT;ResourceId::121921:2D Color Attachment 121921:3440x1440:R10G10B10A2_UNORM	ResourceId::121886
5925	ps	Shader Module 88506	267	1	ResourceId::121783:2D Color Attachment 121783:3440x1440:R11G11B10_FLOAT;ResourceId::121921:2D Color Attachment 121921:3440x1440:R10G10B10A2_UNORM	ResourceId::121886
5931	ps	Shader Module 95287	6	1	ResourceId::121783:2D Color Attachment 121783:3440x1440:R11G11B10_FLOAT;ResourceId::121921:2D Color Attachment 121921:3440x1440:R10G10B10A2_UNORM	ResourceId::121886
5933	ps	Shader Module 95287	6	1	ResourceId::121783:2D Color Attachment 121783:3440x1440:R11G11B10_FLOAT;ResourceId::121921:2D Color Attachment 121921:3440x1440:R10G10B10A2_UNORM	ResourceId::121886
5935	ps	Shader Module 95287	6	1	ResourceId::121783:2D Color Attachment 121783:3440x1440:R11G11B10_FLOAT;ResourceId::121921:2D Color Attachment 121921:3440x1440:R10G10B10A2_UNORM	ResourceId::121886
5941	ps	Shader Module 82356	6	1	ResourceId::121783:2D Color Attachment 121783:3440x1440:R11G11B10_FLOAT;ResourceId::121921:2D Color Attachment 121921:3440x1440:R10G10B10A2_UNORM	ResourceId::121886
5946	ps	Shader Module 88514	612	1	ResourceId::121783:2D Color Attachment 121783:3440x1440:R11G11B10_FLOAT;ResourceId::121921:2D Color Attachment 121921:3440x1440:R10G10B10A2_UNORM	ResourceId::121886
5951	ps	Shader Module 88516	3186	1	ResourceId::121783:2D Color Attachment 121783:3440x1440:R11G11B10_FLOAT;ResourceId::121921:2D Color Attachment 121921:3440x1440:R10G10B10A2_UNORM	ResourceId::121886
5956	ps	Shader Module 88518	72	1	ResourceId::121783:2D Color Attachment 121783:3440x1440:R11G11B10_FLOAT;ResourceId::121921:2D Color Attachment 121921:3440x1440:R10G10B10A2_UNORM	ResourceId::121886
5961	ps	Shader Module 82377	6	1	ResourceId::121783:2D Color Attachment 121783:3440x1440:R11G11B10_FLOAT;ResourceId::121921:2D Color Attachment 121921:3440x1440:R10G10B10A2_UNORM	ResourceId::121886
5964	ps	Shader Module 82377	6	1	ResourceId::121783:2D Color Attachment 121783:3440x1440:R11G11B10_FLOAT;ResourceId::121921:2D Color Attachment 121921:3440x1440:R10G10B10A2_UNORM	ResourceId::121886
5968	ps	Shader Module 82356	6	1	ResourceId::121783:2D Color Attachment 121783:3440x1440:R11G11B10_FLOAT;ResourceId::121921:2D Color Attachment 121921:3440x1440:R10G10B10A2_UNORM	ResourceId::121886
5973	ps	Shader Module 82375	120	1	ResourceId::121783:2D Color Attachment 121783:3440x1440:R11G11B10_FLOAT;ResourceId::121921:2D Color Attachment 121921:3440x1440:R10G10B10A2_UNORM	ResourceId::121886
5978	ps	Shader Module 82356	6	1	ResourceId::121783:2D Color Attachment 121783:3440x1440:R11G11B10_FLOAT;ResourceId::121921:2D Color Attachment 121921:3440x1440:R10G10B10A2_UNORM	ResourceId::121886
5982	ps	Shader Module 82377	6	1	ResourceId::121783:2D Color Attachment 121783:3440x1440:R11G11B10_FLOAT;ResourceId::121921:2D Color Attachment 121921:3440x1440:R10G10B10A2_UNORM	ResourceId::121886
5986	ps	Shader Module 82368	6	1	ResourceId::121783:2D Color Attachment 121783:3440x1440:R11G11B10_FLOAT;ResourceId::121921:2D Color Attachment 121921:3440x1440:R10G10B10A2_UNORM	ResourceId::121886
5990	ps	Shader Module 82356	6	1	ResourceId::121783:2D Color Attachment 121783:3440x1440:R11G11B10_FLOAT;ResourceId::121921:2D Color Attachment 121921:3440x1440:R10G10B10A2_UNORM	ResourceId::121886
5993	ps	Shader Module 82356	6	1	ResourceId::121783:2D Color Attachment 121783:3440x1440:R11G11B10_FLOAT;ResourceId::121921:2D Color Attachment 121921:3440x1440:R10G10B10A2_UNORM	ResourceId::121886
5997	ps	Shader Module 82377	6	1	ResourceId::121783:2D Color Attachment 121783:3440x1440:R11G11B10_FLOAT;ResourceId::121921:2D Color Attachment 121921:3440x1440:R10G10B10A2_UNORM	ResourceId::121886
6001	ps	Shader Module 82368	6	1	ResourceId::121783:2D Color Attachment 121783:3440x1440:R11G11B10_FLOAT;ResourceId::121921:2D Color Attachment 121921:3440x1440:R10G10B10A2_UNORM	ResourceId::121886
6004	ps	Shader Module 82368	6	1	ResourceId::121783:2D Color Attachment 121783:3440x1440:R11G11B10_FLOAT;ResourceId::121921:2D Color Attachment 121921:3440x1440:R10G10B10A2_UNORM	ResourceId::121886
6008	ps	Shader Module 82356	6	1	ResourceId::121783:2D Color Attachment 121783:3440x1440:R11G11B10_FLOAT;ResourceId::121921:2D Color Attachment 121921:3440x1440:R10G10B10A2_UNORM	ResourceId::121886
6013	ps	Shader Module 82375	150	1	ResourceId::121783:2D Color Attachment 121783:3440x1440:R11G11B10_FLOAT;ResourceId::121921:2D Color Attachment 121921:3440x1440:R10G10B10A2_UNORM	ResourceId::121886
6018	ps	Shader Module 82356	6	1	ResourceId::121783:2D Color Attachment 121783:3440x1440:R11G11B10_FLOAT;ResourceId::121921:2D Color Attachment 121921:3440x1440:R10G10B10A2_UNORM	ResourceId::121886
6022	ps	Shader Module 82377	6	1	ResourceId::121783:2D Color Attachment 121783:3440x1440:R11G11B10_FLOAT;ResourceId::121921:2D Color Attachment 121921:3440x1440:R10G10B10A2_UNORM	ResourceId::121886
6026	ps	Shader Module 82356	6	1	ResourceId::121783:2D Color Attachment 121783:3440x1440:R11G11B10_FLOAT;ResourceId::121921:2D Color Attachment 121921:3440x1440:R10G10B10A2_UNORM	ResourceId::121886
6030	ps	Shader Module 82368	6	1	ResourceId::121783:2D Color Attachment 121783:3440x1440:R11G11B10_FLOAT;ResourceId::121921:2D Color Attachment 121921:3440x1440:R10G10B10A2_UNORM	ResourceId::121886
6035	ps	Shader Module 82375	126	1	ResourceId::121783:2D Color Attachment 121783:3440x1440:R11G11B10_FLOAT;ResourceId::121921:2D Color Attachment 121921:3440x1440:R10G10B10A2_UNORM	ResourceId::121886
6040	ps	Shader Module 82356	6	1	ResourceId::121783:2D Color Attachment 121783:3440x1440:R11G11B10_FLOAT;ResourceId::121921:2D Color Attachment 121921:3440x1440:R10G10B10A2_UNORM	ResourceId::121886
6044	ps	Shader Module 82377	6	1	ResourceId::121783:2D Color Attachment 121783:3440x1440:R11G11B10_FLOAT;ResourceId::121921:2D Color Attachment 121921:3440x1440:R10G10B10A2_UNORM	ResourceId::121886
6048	ps	Shader Module 82368	6	1	ResourceId::121783:2D Color Attachment 121783:3440x1440:R11G11B10_FLOAT;ResourceId::121921:2D Color Attachment 121921:3440x1440:R10G10B10A2_UNORM	ResourceId::121886
6053	ps	Shader Module 92471	1500	1	ResourceId::121783:2D Color Attachment 121783:3440x1440:R11G11B10_FLOAT;ResourceId::121921:2D Color Attachment 121921:3440x1440:R10G10B10A2_UNORM	ResourceId::121886
6058	ps	Shader Module 82368	6	1	ResourceId::121783:2D Color Attachment 121783:3440x1440:R11G11B10_FLOAT;ResourceId::121921:2D Color Attachment 121921:3440x1440:R10G10B10A2_UNORM	ResourceId::121886
6060	ps	Shader Module 82368	6	1	ResourceId::121783:2D Color Attachment 121783:3440x1440:R11G11B10_FLOAT;ResourceId::121921:2D Color Attachment 121921:3440x1440:R10G10B10A2_UNORM	ResourceId::121886
6065	ps	Shader Module 88526	48	1	ResourceId::121783:2D Color Attachment 121783:3440x1440:R11G11B10_FLOAT;ResourceId::121921:2D Color Attachment 121921:3440x1440:R10G10B10A2_UNORM	ResourceId::121886
6070	ps	Shader Module 96034	102	1	ResourceId::121783:2D Color Attachment 121783:3440x1440:R11G11B10_FLOAT;ResourceId::121921:2D Color Attachment 121921:3440x1440:R10G10B10A2_UNORM	ResourceId::121886
6075	ps	Shader Module 82377	6	1	ResourceId::121783:2D Color Attachment 121783:3440x1440:R11G11B10_FLOAT;ResourceId::121921:2D Color Attachment 121921:3440x1440:R10G10B10A2_UNORM	ResourceId::121886
6080	ps	Shader Module 88526	36	1	ResourceId::121783:2D Color Attachment 121783:3440x1440:R11G11B10_FLOAT;ResourceId::121921:2D Color Attachment 121921:3440x1440:R10G10B10A2_UNORM	ResourceId::121886
6086	ps	Shader Module 95289	777	1	ResourceId::121783:2D Color Attachment 121783:3440x1440:R11G11B10_FLOAT;ResourceId::121921:2D Color Attachment 121921:3440x1440:R10G10B10A2_UNORM	ResourceId::121886
6090	ps	Shader Module 95289	1194	1	ResourceId::121783:2D Color Attachment 121783:3440x1440:R11G11B10_FLOAT;ResourceId::121921:2D Color Attachment 121921:3440x1440:R10G10B10A2_UNORM	ResourceId::121886
6095	ps	Shader Module 95292	708	1	ResourceId::121783:2D Color Attachment 121783:3440x1440:R11G11B10_FLOAT;ResourceId::121921:2D Color Attachment 121921:3440x1440:R10G10B10A2_UNORM	ResourceId::121886
6100	ps	Shader Module 95297	2118	1	ResourceId::121783:2D Color Attachment 121783:3440x1440:R11G11B10_FLOAT;ResourceId::121921:2D Color Attachment 121921:3440x1440:R10G10B10A2_UNORM	ResourceId::121886
6106	ps	Shader Module 109970	144	1	ResourceId::121783:2D Color Attachment 121783:3440x1440:R11G11B10_FLOAT;ResourceId::121921:2D Color Attachment 121921:3440x1440:R10G10B10A2_UNORM	ResourceId::121886
6111	ps	Shader Module 88528	72	1	ResourceId::121783:2D Color Attachment 121783:3440x1440:R11G11B10_FLOAT;ResourceId::121921:2D Color Attachment 121921:3440x1440:R10G10B10A2_UNORM	ResourceId::121886
6116	ps	Shader Module 109970	120	1	ResourceId::121783:2D Color Attachment 121783:3440x1440:R11G11B10_FLOAT;ResourceId::121921:2D Color Attachment 121921:3440x1440:R10G10B10A2_UNORM	ResourceId::121886
6121	ps	Shader Module 88528	72	2	ResourceId::121783:2D Color Attachment 121783:3440x1440:R11G11B10_FLOAT;ResourceId::121921:2D Color Attachment 121921:3440x1440:R10G10B10A2_UNORM	ResourceId::121886
6126	ps	Shader Module 82375	1944	1	ResourceId::121783:2D Color Attachment 121783:3440x1440:R11G11B10_FLOAT;ResourceId::121921:2D Color Attachment 121921:3440x1440:R10G10B10A2_UNORM	ResourceId::121886
6131	ps	Shader Module 88528	72	2	ResourceId::121783:2D Color Attachment 121783:3440x1440:R11G11B10_FLOAT;ResourceId::121921:2D Color Attachment 121921:3440x1440:R10G10B10A2_UNORM	ResourceId::121886
6133	ps	Shader Module 88528	72	2	ResourceId::121783:2D Color Attachment 121783:3440x1440:R11G11B10_FLOAT;ResourceId::121921:2D Color Attachment 121921:3440x1440:R10G10B10A2_UNORM	ResourceId::121886
6138	ps	Shader Module 93433	36	2	ResourceId::121783:2D Color Attachment 121783:3440x1440:R11G11B10_FLOAT;ResourceId::121921:2D Color Attachment 121921:3440x1440:R10G10B10A2_UNORM	ResourceId::121886
6142	ps	Shader Module 93433	36	2	ResourceId::121783:2D Color Attachment 121783:3440x1440:R11G11B10_FLOAT;ResourceId::121921:2D Color Attachment 121921:3440x1440:R10G10B10A2_UNORM	ResourceId::121886
6147	ps	Shader Module 93521	192	1	ResourceId::121783:2D Color Attachment 121783:3440x1440:R11G11B10_FLOAT;ResourceId::121921:2D Color Attachment 121921:3440x1440:R10G10B10A2_UNORM	ResourceId::121886
6152	ps	Shader Module 93433	36	2	ResourceId::121783:2D Color Attachment 121783:3440x1440:R11G11B10_FLOAT;ResourceId::121921:2D Color Attachment 121921:3440x1440:R10G10B10A2_UNORM	ResourceId::121886
6156	ps	Shader Module 93433	36	2	ResourceId::121783:2D Color Attachment 121783:3440x1440:R11G11B10_FLOAT;ResourceId::121921:2D Color Attachment 121921:3440x1440:R10G10B10A2_UNORM	ResourceId::121886
6161	ps	Shader Module 88528	72	1	ResourceId::121783:2D Color Attachment 121783:3440x1440:R11G11B10_FLOAT;ResourceId::121921:2D Color Attachment 121921:3440x1440:R10G10B10A2_UNORM	ResourceId::121886
6166	ps	Shader Module 88530	330	1	ResourceId::121783:2D Color Attachment 121783:3440x1440:R11G11B10_FLOAT;ResourceId::121921:2D Color Attachment 121921:3440x1440:R10G10B10A2_UNORM	ResourceId::121886
6171	ps	Shader Module 88532	3582	1	ResourceId::121783:2D Color Attachment 121783:3440x1440:R11G11B10_FLOAT;ResourceId::121921:2D Color Attachment 121921:3440x1440:R10G10B10A2_UNORM	ResourceId::121886
6176	ps	Shader Module 88528	72	1	ResourceId::121783:2D Color Attachment 121783:3440x1440:R11G11B10_FLOAT;ResourceId::121921:2D Color Attachment 121921:3440x1440:R10G10B10A2_UNORM	ResourceId::121886
6181	ps	Shader Module 109653	1860	1	ResourceId::121783:2D Color Attachment 121783:3440x1440:R11G11B10_FLOAT;ResourceId::121921:2D Color Attachment 121921:3440x1440:R10G10B10A2_UNORM	ResourceId::121886
6186	ps	Shader Module 109655	1860	1	ResourceId::121783:2D Color Attachment 121783:3440x1440:R11G11B10_FLOAT;ResourceId::121921:2D Color Attachment 121921:3440x1440:R10G10B10A2_UNORM	ResourceId::121886
6192	ps	Shader Module 88532	840	1	ResourceId::121783:2D Color Attachment 121783:3440x1440:R11G11B10_FLOAT;ResourceId::121921:2D Color Attachment 121921:3440x1440:R10G10B10A2_UNORM	ResourceId::121886
6197	ps	Shader Module 88532	3378	1	ResourceId::121783:2D Color Attachment 121783:3440x1440:R11G11B10_FLOAT;ResourceId::121921:2D Color Attachment 121921:3440x1440:R10G10B10A2_UNORM	ResourceId::121886
6202	ps	Shader Module 88535	1200	1	ResourceId::121783:2D Color Attachment 121783:3440x1440:R11G11B10_FLOAT;ResourceId::121921:2D Color Attachment 121921:3440x1440:R10G10B10A2_UNORM	ResourceId::121886
6207	ps	Shader Module 108634	960	1	ResourceId::121783:2D Color Attachment 121783:3440x1440:R11G11B10_FLOAT;ResourceId::121921:2D Color Attachment 121921:3440x1440:R10G10B10A2_UNORM	ResourceId::121886
6212	ps	Shader Module 110172	600	1	ResourceId::121783:2D Color Attachment 121783:3440x1440:R11G11B10_FLOAT;ResourceId::121921:2D Color Attachment 121921:3440x1440:R10G10B10A2_UNORM	ResourceId::121886
6217	ps	Shader Module 109657	1026	1	ResourceId::121783:2D Color Attachment 121783:3440x1440:R11G11B10_FLOAT;ResourceId::121921:2D Color Attachment 121921:3440x1440:R10G10B10A2_UNORM	ResourceId::121886
6222	ps	Shader Module 93765	36	1	ResourceId::121783:2D Color Attachment 121783:3440x1440:R11G11B10_FLOAT;ResourceId::121921:2D Color Attachment 121921:3440x1440:R10G10B10A2_UNORM	ResourceId::121886
6224	ps	Shader Module 93765	36	1	ResourceId::121783:2D Color Attachment 121783:3440x1440:R11G11B10_FLOAT;ResourceId::121921:2D Color Attachment 121921:3440x1440:R10G10B10A2_UNORM	ResourceId::121886
6226	ps	Shader Module 93765	36	1	ResourceId::121783:2D Color Attachment 121783:3440x1440:R11G11B10_FLOAT;ResourceId::121921:2D Color Attachment 121921:3440x1440:R10G10B10A2_UNORM	ResourceId::121886
6228	ps	Shader Module 93765	36	1	ResourceId::121783:2D Color Attachment 121783:3440x1440:R11G11B10_FLOAT;ResourceId::121921:2D Color Attachment 121921:3440x1440:R10G10B10A2_UNORM	ResourceId::121886
6233	ps	Shader Module 88516	54	1	ResourceId::121783:2D Color Attachment 121783:3440x1440:R11G11B10_FLOAT;ResourceId::121921:2D Color Attachment 121921:3440x1440:R10G10B10A2_UNORM	ResourceId::121886
6237	ps	Shader Module 88516	150	1	ResourceId::121783:2D Color Attachment 121783:3440x1440:R11G11B10_FLOAT;ResourceId::121921:2D Color Attachment 121921:3440x1440:R10G10B10A2_UNORM	ResourceId::121886
6241	ps	Shader Module 95302	204	1	ResourceId::121783:2D Color Attachment 121783:3440x1440:R11G11B10_FLOAT;ResourceId::121921:2D Color Attachment 121921:3440x1440:R10G10B10A2_UNORM	ResourceId::121886
6246	ps	Shader Module 109659	540	1	ResourceId::121783:2D Color Attachment 121783:3440x1440:R11G11B10_FLOAT;ResourceId::121921:2D Color Attachment 121921:3440x1440:R10G10B10A2_UNORM	ResourceId::121886
6251	ps	Shader Module 93526	66	1	ResourceId::121783:2D Color Attachment 121783:3440x1440:R11G11B10_FLOAT;ResourceId::121921:2D Color Attachment 121921:3440x1440:R10G10B10A2_UNORM	ResourceId::121886
6256	ps	Shader Module 93771	150	1	ResourceId::121783:2D Color Attachment 121783:3440x1440:R11G11B10_FLOAT;ResourceId::121921:2D Color Attachment 121921:3440x1440:R10G10B10A2_UNORM	ResourceId::121886
6261	ps	Shader Module 93767	6	1	ResourceId::121783:2D Color Attachment 121783:3440x1440:R11G11B10_FLOAT;ResourceId::121921:2D Color Attachment 121921:3440x1440:R10G10B10A2_UNORM	ResourceId::121886
6266	ps	Shader Module 93769	48	1	ResourceId::121783:2D Color Attachment 121783:3440x1440:R11G11B10_FLOAT;ResourceId::121921:2D Color Attachment 121921:3440x1440:R10G10B10A2_UNORM	ResourceId::121886
6271	ps	Shader Module 93769	6	1	ResourceId::121783:2D Color Attachment 121783:3440x1440:R11G11B10_FLOAT;ResourceId::121921:2D Color Attachment 121921:3440x1440:R10G10B10A2_UNORM	ResourceId::121886
6275	ps	Shader Module 93765	6	1	ResourceId::121783:2D Color Attachment 121783:3440x1440:R11G11B10_FLOAT;ResourceId::121921:2D Color Attachment 121921:3440x1440:R10G10B10A2_UNORM	ResourceId::121886
6280	ps	Shader Module 93771	150	1	ResourceId::121783:2D Color Attachment 121783:3440x1440:R11G11B10_FLOAT;ResourceId::121921:2D Color Attachment 121921:3440x1440:R10G10B10A2_UNORM	ResourceId::121886
6285	ps	Shader Module 93767	6	1	ResourceId::121783:2D Color Attachment 121783:3440x1440:R11G11B10_FLOAT;ResourceId::121921:2D Color Attachment 121921:3440x1440:R10G10B10A2_UNORM	ResourceId::121886
6290	ps	Shader Module 93769	48	1	ResourceId::121783:2D Color Attachment 121783:3440x1440:R11G11B10_FLOAT;ResourceId::121921:2D Color Attachment 121921:3440x1440:R10G10B10A2_UNORM	ResourceId::121886
6295	ps	Shader Module 93769	6	1	ResourceId::121783:2D Color Attachment 121783:3440x1440:R11G11B10_FLOAT;ResourceId::121921:2D Color Attachment 121921:3440x1440:R10G10B10A2_UNORM	ResourceId::121886
6299	ps	Shader Module 93765	6	1	ResourceId::121783:2D Color Attachment 121783:3440x1440:R11G11B10_FLOAT;ResourceId::121921:2D Color Attachment 121921:3440x1440:R10G10B10A2_UNORM	ResourceId::121886
6304	ps	Shader Module 93771	150	1	ResourceId::121783:2D Color Attachment 121783:3440x1440:R11G11B10_FLOAT;ResourceId::121921:2D Color Attachment 121921:3440x1440:R10G10B10A2_UNORM	ResourceId::121886
6309	ps	Shader Module 93767	6	1	ResourceId::121783:2D Color Attachment 121783:3440x1440:R11G11B10_FLOAT;ResourceId::121921:2D Color Attachment 121921:3440x1440:R10G10B10A2_UNORM	ResourceId::121886
6314	ps	Shader Module 93769	48	1	ResourceId::121783:2D Color Attachment 121783:3440x1440:R11G11B10_FLOAT;ResourceId::121921:2D Color Attachment 121921:3440x1440:R10G10B10A2_UNORM	ResourceId::121886
6319	ps	Shader Module 93769	6	1	ResourceId::121783:2D Color Attachment 121783:3440x1440:R11G11B10_FLOAT;ResourceId::121921:2D Color Attachment 121921:3440x1440:R10G10B10A2_UNORM	ResourceId::121886
6323	ps	Shader Module 93765	6	1	ResourceId::121783:2D Color Attachment 121783:3440x1440:R11G11B10_FLOAT;ResourceId::121921:2D Color Attachment 121921:3440x1440:R10G10B10A2_UNORM	ResourceId::121886
6328	ps	Shader Module 93771	150	1	ResourceId::121783:2D Color Attachment 121783:3440x1440:R11G11B10_FLOAT;ResourceId::121921:2D Color Attachment 121921:3440x1440:R10G10B10A2_UNORM	ResourceId::121886
6333	ps	Shader Module 93767	6	1	ResourceId::121783:2D Color Attachment 121783:3440x1440:R11G11B10_FLOAT;ResourceId::121921:2D Color Attachment 121921:3440x1440:R10G10B10A2_UNORM	ResourceId::121886
6338	ps	Shader Module 93769	48	1	ResourceId::121783:2D Color Attachment 121783:3440x1440:R11G11B10_FLOAT;ResourceId::121921:2D Color Attachment 121921:3440x1440:R10G10B10A2_UNORM	ResourceId::121886
6343	ps	Shader Module 93769	6	1	ResourceId::121783:2D Color Attachment 121783:3440x1440:R11G11B10_FLOAT;ResourceId::121921:2D Color Attachment 121921:3440x1440:R10G10B10A2_UNORM	ResourceId::121886
6347	ps	Shader Module 93765	6	1	ResourceId::121783:2D Color Attachment 121783:3440x1440:R11G11B10_FLOAT;ResourceId::121921:2D Color Attachment 121921:3440x1440:R10G10B10A2_UNORM	ResourceId::121886
6352	ps	Shader Module 93771	150	1	ResourceId::121783:2D Color Attachment 121783:3440x1440:R11G11B10_FLOAT;ResourceId::121921:2D Color Attachment 121921:3440x1440:R10G10B10A2_UNORM	ResourceId::121886
6357	ps	Shader Module 93767	6	1	ResourceId::121783:2D Color Attachment 121783:3440x1440:R11G11B10_FLOAT;ResourceId::121921:2D Color Attachment 121921:3440x1440:R10G10B10A2_UNORM	ResourceId::121886
6362	ps	Shader Module 92471	132	1	ResourceId::121783:2D Color Attachment 121783:3440x1440:R11G11B10_FLOAT;ResourceId::121921:2D Color Attachment 121921:3440x1440:R10G10B10A2_UNORM	ResourceId::121886
6366	ps	Shader Module 88516	246	1	ResourceId::121783:2D Color Attachment 121783:3440x1440:R11G11B10_FLOAT;ResourceId::121921:2D Color Attachment 121921:3440x1440:R10G10B10A2_UNORM	ResourceId::121886
6375	ps	Shader Module 1732	3	1	ResourceId::121780:2D Color Attachment 121780:3440x1440:R11G11B10_FLOAT;ResourceId::121921:2D Color Attachment 121921:3440x1440:R10G10B10A2_UNORM	ResourceId::121886
6381	ps	Shader Module 93855	540	1	ResourceId::121780:2D Color Attachment 121780:3440x1440:R11G11B10_FLOAT;ResourceId::121921:2D Color Attachment 121921:3440x1440:R10G10B10A2_UNORM	ResourceId::121886
6383	ps	Shader Module 93855	540	1	ResourceId::121780:2D Color Attachment 121780:3440x1440:R11G11B10_FLOAT;ResourceId::121921:2D Color Attachment 121921:3440x1440:R10G10B10A2_UNORM	ResourceId::121886
6385	ps	Shader Module 93855	540	1	ResourceId::121780:2D Color Attachment 121780:3440x1440:R11G11B10_FLOAT;ResourceId::121921:2D Color Attachment 121921:3440x1440:R10G10B10A2_UNORM	ResourceId::121886
6387	ps	Shader Module 93855	540	1	ResourceId::121780:2D Color Attachment 121780:3440x1440:R11G11B10_FLOAT;ResourceId::121921:2D Color Attachment 121921:3440x1440:R10G10B10A2_UNORM	ResourceId::121886
6396	ps	Shader Module 82396	3	1	ResourceId::121780:2D Color Attachment 121780:3440x1440:R11G11B10_FLOAT	ResourceId::0
6405	ps	Shader Module 13827	3	1	ResourceId::121671:2D Color Attachment 121671:3440x1440:R16_FLOAT;ResourceId::121668:2D Color Attachment 121668:3440x1440:R10G10B10A2_UNORM	ResourceId::0
6414	ps	Shader Module 13832	3	1	ResourceId::121777:2D Color Attachment 121777:860x360:R8_UNORM	ResourceId::0
6423	ps	Shader Module 13836	3	1	ResourceId::121665:2D Color Attachment 121665:3440x1440:R16G16B16A16_FLOAT	ResourceId::0
6428	cs	Shader Module 82409	0	0		ResourceId::0
6432	cs	Shader Module 82411	0	0		ResourceId::0
6436	cs	Shader Module 82411	0	0		ResourceId::0
6440	cs	Shader Module 82411	0	0		ResourceId::0
6444	cs	Shader Module 82411	0	0		ResourceId::0
6448	cs	Shader Module 82411	0	0		ResourceId::0
6452	cs	Shader Module 82411	0	0		ResourceId::0
6456	cs	Shader Module 82411	0	0		ResourceId::0
6460	cs	Shader Module 82411	0	0		ResourceId::0
6464	cs	Shader Module 82413	0	0		ResourceId::0
6468	cs	Shader Module 82413	0	0		ResourceId::0
6472	cs	Shader Module 82413	0	0		ResourceId::0
6476	cs	Shader Module 82413	0	0		ResourceId::0
6480	cs	Shader Module 82413	0	0		ResourceId::0
6484	cs	Shader Module 82413	0	0		ResourceId::0
6488	cs	Shader Module 82413	0	0		ResourceId::0
6492	cs	Shader Module 82413	0	0		ResourceId::0
6496	cs	Shader Module 1889	0	0		ResourceId::0
6500	cs	Shader Module 1896	0	0		ResourceId::0
6504	cs	Shader Module 1896	0	0		ResourceId::0
6512	ps	Shader Module 82417	3	1	ResourceId::121723:2D Color Attachment 121723:3440x1440:R8G8B8A8_UNORM	ResourceId::424
6518	ps	Shader Module 96036	36	1	ResourceId::121723:2D Color Attachment 121723:3440x1440:R8G8B8A8_UNORM	ResourceId::424
6522	ps	Shader Module 96036	54	1	ResourceId::121723:2D Color Attachment 121723:3440x1440:R8G8B8A8_UNORM	ResourceId::424
6531	ps	Shader Module 1147	3	1	ResourceId::460:Swapchain Image 460:3440x1440:R8G8B8A8_UNORM	ResourceId::424
6537	ps	Shader Module 415	12	1	ResourceId::460:Swapchain Image 460:3440x1440:R8G8B8A8_UNORM	ResourceId::424
6542	ps	Shader Module 415	6	1	ResourceId::460:Swapchain Image 460:3440x1440:R8G8B8A8_UNORM	ResourceId::424
6546	ps	Shader Module 14991	6	1	ResourceId::460:Swapchain Image 460:3440x1440:R8G8B8A8_UNORM	ResourceId::424
6548	ps	Shader Module 14991	588	1	ResourceId::460:Swapchain Image 460:3440x1440:R8G8B8A8_UNORM	ResourceId::424
6550	ps	Shader Module 14991	6	1	ResourceId::460:Swapchain Image 460:3440x1440:R8G8B8A8_UNORM	ResourceId::424
6552	ps	Shader Module 14991	24	1	ResourceId::460:Swapchain Image 460:3440x1440:R8G8B8A8_UNORM	ResourceId::424
6556	ps	Shader Module 89837	6	1	ResourceId::460:Swapchain Image 460:3440x1440:R8G8B8A8_UNORM	ResourceId::424
6560	ps	Shader Module 14991	48	1	ResourceId::460:Swapchain Image 460:3440x1440:R8G8B8A8_UNORM	ResourceId::424
6564	ps	Shader Module 415	30	1	ResourceId::460:Swapchain Image 460:3440x1440:R8G8B8A8_UNORM	ResourceId::424
6569	ps	Shader Module 415	12	1	ResourceId::460:Swapchain Image 460:3440x1440:R8G8B8A8_UNORM	ResourceId::424
6571	ps	Shader Module 415	54	1	ResourceId::460:Swapchain Image 460:3440x1440:R8G8B8A8_UNORM	ResourceId::424
6573	ps	Shader Module 415	54	1	ResourceId::460:Swapchain Image 460:3440x1440:R8G8B8A8_UNORM	ResourceId::424
6577	ps	Shader Module 95305	24	1	ResourceId::460:Swapchain Image 460:3440x1440:R8G8B8A8_UNORM	ResourceId::424
6581	ps	Shader Module 89839	6	1	ResourceId::460:Swapchain Image 460:3440x1440:R8G8B8A8_UNORM	ResourceId::424
6584	ps	Shader Module 89839	12	1	ResourceId::460:Swapchain Image 460:3440x1440:R8G8B8A8_UNORM	ResourceId::424
6586	ps	Shader Module 89839	12	1	ResourceId::460:Swapchain Image 460:3440x1440:R8G8B8A8_UNORM	ResourceId::424
6588	ps	Shader Module 89839	54	1	ResourceId::460:Swapchain Image 460:3440x1440:R8G8B8A8_UNORM	ResourceId::424
6592	ps	Shader Module 89846	36	1	ResourceId::460:Swapchain Image 460:3440x1440:R8G8B8A8_UNORM	ResourceId::424
6594	ps	Shader Module 89846	48	1	ResourceId::460:Swapchain Image 460:3440x1440:R8G8B8A8_UNORM	ResourceId::424
6599	ps	Shader Module 415	6	1	ResourceId::460:Swapchain Image 460:3440x1440:R8G8B8A8_UNORM	ResourceId::424
6601	ps	Shader Module 415	6	1	ResourceId::460:Swapchain Image 460:3440x1440:R8G8B8A8_UNORM	ResourceId::424
6605	ps	Shader Module 89850	6	1	ResourceId::460:Swapchain Image 460:3440x1440:R8G8B8A8_UNORM	ResourceId::424
6609	ps	Shader Module 415	6	1	ResourceId::460:Swapchain Image 460:3440x1440:R8G8B8A8_UNORM	ResourceId::424
6611	ps	Shader Module 415	60	1	ResourceId::460:Swapchain Image 460:3440x1440:R8G8B8A8_UNORM	ResourceId::424
6615	ps	Shader Module 14991	6	1	ResourceId::460:Swapchain Image 460:3440x1440:R8G8B8A8_UNORM	ResourceId::424
6619	ps	Shader Module 415	6	1	ResourceId::460:Swapchain Image 460:3440x1440:R8G8B8A8_UNORM	ResourceId::424
6623	ps	Shader Module 415	6	1	ResourceId::460:Swapchain Image 460:3440x1440:R8G8B8A8_UNORM	ResourceId::424
6625	ps	Shader Module 415	6	1	ResourceId::460:Swapchain Image 460:3440x1440:R8G8B8A8_UNORM	ResourceId::424
6629	ps	Shader Module 1153	6	1	ResourceId::460:Swapchain Image 460:3440x1440:R8G8B8A8_UNORM	ResourceId::424
6633	ps	Shader Module 415	6	1	ResourceId::460:Swapchain Image 460:3440x1440:R8G8B8A8_UNORM	ResourceId::424
6637	ps	Shader Module 415	384	1	ResourceId::460:Swapchain Image 460:3440x1440:R8G8B8A8_UNORM	ResourceId::424
6639	ps	Shader Module 415	6	1	ResourceId::460:Swapchain Image 460:3440x1440:R8G8B8A8_UNORM	ResourceId::424
6641	ps	Shader Module 415	6	1	ResourceId::460:Swapchain Image 460:3440x1440:R8G8B8A8_UNORM	ResourceId::424
6645	ps	Shader Module 1911	36	1	ResourceId::460:Swapchain Image 460:3440x1440:R8G8B8A8_UNORM	ResourceId::424
6649	ps	Shader Module 1153	36	1	ResourceId::460:Swapchain Image 460:3440x1440:R8G8B8A8_UNORM	ResourceId::424
6653	ps	Shader Module 415	30	1	ResourceId::460:Swapchain Image 460:3440x1440:R8G8B8A8_UNORM	ResourceId::424
6657	ps	Shader Module 1153	6	1	ResourceId::460:Swapchain Image 460:3440x1440:R8G8B8A8_UNORM	ResourceId::424
6661	ps	Shader Module 415	6	1	ResourceId::460:Swapchain Image 460:3440x1440:R8G8B8A8_UNORM	ResourceId::424
6665	ps	Shader Module 415	18	1	ResourceId::460:Swapchain Image 460:3440x1440:R8G8B8A8_UNORM	ResourceId::424
6669	ps	Shader Module 1911	126	1	ResourceId::460:Swapchain Image 460:3440x1440:R8G8B8A8_UNORM	ResourceId::424